{
  "format_version": "1.10.0",
  "minecraft:client_entity": {
    "description": {
      "identifier": "billey:banana_duck",
      "materials": { "default": "cat" },
      "textures": {
        "default": "textures/entity/bill/duck5",
        "brown": "textures/entity/bill/duck6",
        "golden": "textures/entity/bill/duck9",
        "green": "textures/entity/bill/duck8",
        "purple": "textures/entity/bill/duck7",
        "white": "textures/entity/bill/duck10",
        "inverted": "textures/entity/bill/duck11"
      },
      "geometry": {
        "default": "geometry.billbananaduck"
      },
      "animations": {
        "move": "animation.billbananaduck.walk",
        "sit": "animation.billbananaduck.sit",
        "look_at_target": "animation.duck.look_at_target",
        "look_at_target_baby": "animation.common.look_at_target",
        "baby_transform": "animation.duck.ling",
        "flap_wings": "animation.chicken.general",
        "sheared": "animation.duck.quack",
        "shearedbaby": "animation.duck.quackbaby",
        "saddled": "animation.duck.flap",
        "eat": "animation.duck.eat",
        "angry": "animation.duck.angry2",
        "controller.sit": "controller.animation.billey.sit",
        "controller.sheared": "controller.animation.billey.sheared",
        "controller.shearedbaby": "controller.animation.billey.shearedbaby",
        "controller.eat": "controller.animation.billey.eat",
        "controller.saddled": "controller.animation.billey.saddled"
      },
      "sound_effects": {
          "quack": "billey.duck.saybanana",
          "quackbaby": "billey.duck.saybaby"
      },
      "scripts": {
        "animate": [
          { "angry": "query.has_target && !query.is_baby" },
          { "controller.saddled": "!query.is_sitting" },
          { "flap_wings": "!query.is_saddled" },
          { "controller.sit": "!query.has_rider" },
          { "controller.sheared": "!query.is_baby" },
          { "controller.shearedbaby": "query.is_baby" },
          { "controller.eat": "!query.is_sheared"},
          { "look_at_target": "!query.is_baby" },
          { "look_at_target_baby": "query.is_baby" },
          { "move": "(query.has_rider || !query.is_sitting) ? query.modified_move_speed * 2" },
          { "baby_transform": "query.is_baby" }
        ]
      },
      "render_controllers": [ "controller.render.bananaduck" ],
      "spawn_egg": {
        "base_color": "#E5CD17",
        "overlay_color": "#FDEDD4" 
      }
    }
  }
}