{
  "format_version": "1.10.0",
  "minecraft:client_entity": {
    "description": {
      "identifier": "billey:cucumbeel",
      "materials": { "default": "skeleton" },
      "textures": {
        "default": "textures/blocks/sea_pickle"
      },
      "geometry": {
        "default": "geometry.cucumbeel",
        "glowing": "geometry.cucumbeelglow"
      },
      "animations": {
        "flop": "animation.cucumbeel.flop",
        "swim": "animation.cucumbeel.swim"
      },
      "scripts": {
        "animate": [
          { "swim": "query.is_alive" },
          { "flop": "!query.is_alive" }
        ]
      },
      "render_controllers": [ "controller.render.salmon", "controller.render.cucumbeel" ],
      "spawn_egg": {
        "base_color": "#5B6725",
        "overlay_color": "#C6C285"
      }
    }
  }
}