{
  "format_version": "1.10.0",
  "minecraft:client_entity": {
    "description": {
      "identifier": "billey:duck",
      "materials": { "default": "skeleton" },
      "textures": {
        "white": "textures/entity/bill/duck",
        "brown": "textures/entity/bill/duck2",
        "golden": "textures/entity/bill/duck1",
        "whiteling": "textures/entity/bill/duck3",
        "brownling": "textures/entity/bill/duck4"
      },
      "geometry": {
        "default": "geometry.cuteduck"
      },
      "animations": {
        "move": "animation.duck.walk",
        "sit": "animation.duck.sit",
        "swim": "animation.duck.swim",
        "look_at_target": "animation.duck.look_at_target",
        "look_at_target_baby": "animation.common.look_at_target",
        "baby_transform": "animation.duck.ling",
        "flap_wings": "animation.chicken.general",
        "sheared": "animation.duck.quack",
        "shearedbaby": "animation.duck.quackbaby",
        "saddled": "animation.duck.flap",
        "eat": "animation.duck.eat",
        "angry": "animation.duck.angry",
        "controller.sit": "controller.animation.billey.sit",
        "controller.sheared": "controller.animation.billey.sheared",
        "controller.shearedbaby": "controller.animation.billey.shearedbaby",
        "controller.eat": "controller.animation.billey.eat",
        "controller.saddled": "controller.animation.billey.saddled",
        "controller.swim": "controller.animation.billey.swim"
      },
      "sound_effects": {
          "quack": "billey.duck.say",
          "quackbaby": "billey.duck.saybaby"
      },
      "scripts": {
        "animate": [
          "controller.saddled",
          { "angry": "query.has_target && !query.is_baby" },
          { "controller.sit": "!query.has_rider" },
          { "controller.sheared": "!query.is_baby" },
          { "controller.shearedbaby": "query.is_baby" },
          { "controller.eat": "!query.is_sheared"},
          { "controller.swim": "!query.has_rider" },
          { "look_at_target": "!query.is_baby" },
          { "look_at_target_baby": "query.is_baby" },
          { "flap_wings": "!query.is_in_water && !query.is_saddled && !query.has_rider" },
          { "move": "query.modified_move_speed * 1.5" },
          { "baby_transform": "query.is_baby" }
        ]
      },
      "render_controllers": [ "controller.render.billduck" ],
      "spawn_egg": {
        "base_color": "#5E4523",
        "overlay_color": "#193F0A" 
      }
    }
  }
}