{
  "format_version": "1.10.0",
  "minecraft:client_entity": {
    "description": {
      "identifier": "billey:endflyingcat",
      "materials": {
        "default": "spider",
        "wings": "skeleton"
      },
      "textures": {
        "default": "textures/entity/cat/flyingendercat"
      },
      "geometry": {
        "default": "geometry.fcat"
      },
      "scripts": {
        "animate": [
          "look_at_target",
          "controller.sit",
          { "sit": "!query.is_tamed && query.mark_variant == 1" },
          { "idle": "!query.is_sitting && !query.is_on_ground" },
          { "baby_transform": "query.is_baby" }
        ]
      },
      "animations": {
        "idle": "animation.fcat.idle",
        "baby_transform": "animation.cat.baby_transform",
        "sit": "animation.fcat.sit",
        "look_at_target": "animation.common.look_at_target",
        "controller.sit": "controller.animation.billey.sit"
      },
      "render_controllers": [ "controller.render.endflyingcat" ],
      "spawn_egg": {
        "texture": "egg_cat_enderman_angel"
      }
    }
  }
}