{
  "format_version": "1.8.0",
  "minecraft:client_entity": {
    "description": {
      "identifier": "billey:endercat",
      "materials": { "default": "spider" },
      "textures": {
        "default": "textures/entity/cat/endercat"
      },
      "geometry": {
        "default": "geometry.endercat"
      },
      "animations": {
        "sneak": "animation.cat.sneak",
        "walk": "animation.cat.walk",
        "sprint": "animation.cat.sprint",
        "sit": "animation.endercat.sit",
        "look_at_target": "animation.common.look_at_target",
        "baby_transform": "animation.cat.baby_transform",
        "lie_down": "animation.cat.lie_down",
        "fix": "animation.cat.fix"
      },
      "animation_controllers": [
        { "look_at_target": "controller.animation.bcat.look_at_target" },
        { "move": "controller.animation.bcat.move" },
        { "baby": "controller.animation.bcat.baby" }
      ],
      "render_controllers": [ "controller.render.salmon" ],
      "spawn_egg": {
        "texture": "egg_cat_enderman"
      }
    }
  }
}