{
  "format_version": "1.10.0",
  "minecraft:client_entity": {
    "description": {
      "identifier": "billey:flyingcat",
      "materials": { "default": "cat" },
      "textures": {
        "white": "textures/entity/cat/flyingwhite",
        "black": "textures/entity/cat/flyingtuxedo",
        "red": "textures/entity/cat/flyingredtabby",
        "siamese": "textures/entity/cat/flyingsiamesecat",
        "british": "textures/entity/cat/flyingbritishshorthair",
        "calico": "textures/entity/cat/flyingcalico",
        "persian": "textures/entity/cat/flyingpersian",
        "ragdoll": "textures/entity/cat/flyingragdoll",
        "tabby": "textures/entity/cat/flyingtabby",
        "all_black": "textures/entity/cat/flyingallblackcat",
        "jellie": "textures/entity/cat/flyingjellie",
        "blackorange": "textures/entity/cat/fblackorange",
        "blackwhite": "textures/entity/cat/fblackwhite",
        "perry": "textures/entity/cat/fperry",
        "pizza": "textures/entity/cat/fpizza",
        "sugar": "textures/entity/cat/fsugar", 
        "white_tame": "textures/entity/cat/flyingwhite",
        "black_tame": "textures/entity/cat/flyingtuxedo",
        "red_tame": "textures/entity/cat/flyingredtabby",
        "siamese_tame": "textures/entity/cat/flyingsiamesecat",
        "british_tame": "textures/entity/cat/flyingbritishshorthair",
        "calico_tame": "textures/entity/cat/flyingcalico",
        "persian_tame": "textures/entity/cat/flyingpersian",
        "ragdoll_tame": "textures/entity/cat/flyingragdoll",
        "tabby_tame": "textures/entity/cat/flyingtabby",
        "all_black_tame": "textures/entity/cat/flyingallblackcat",
        "jellie_tame": "textures/entity/cat/flyingjellie",
        "blackorange_tame": "textures/entity/cat/fblackorange",
        "blackwhite_tame": "textures/entity/cat/fblackwhite",
        "perry_tame": "textures/entity/cat/fperry",
        "pizza_tame": "textures/entity/cat/fpizza",
        "sugar_tame": "textures/entity/cat/fsugar"
      },
      "geometry": {
        "default": "geometry.fcat"
      },
      "scripts": {
        "animate": [
          "look_at_target",
          "controller.sit",
          { "sit": "!query.is_tamed && query.mark_variant == 1" },
          { "idle": "!query.is_sitting && !query.is_on_ground" },
          { "baby_transform": "query.is_baby" }
        ]
      },
      "animations": {
        "idle": "animation.fcat.idle",
        "baby_transform": "animation.cat.baby_transform",
        "sit": "animation.fcat.sit",
        "look_at_target": "animation.common.look_at_target",
        "controller.sit": "controller.animation.billey.sit"
      },
      "render_controllers": [ "controller.render.cat" ],
      "spawn_egg": {
        "texture": "egg_cat_angel"
      }
    }
  }
}