{
  "format_version": "1.10.0",
  "minecraft:client_entity": {
    "description": {
      "identifier": "billey:flyingpig",
      "materials": { "default": "skeleton" },
      "textures": {
        "default": "textures/entity/bill/fpig",
        "aggresive": "textures/entity/bill/fpig1"
      },
      "geometry": {
        "default": "geometry.angelp"
      },
      "animations": {
        "idle": "animation.angelp.fly",
        "baby": "animation.angelp.baby_transform",
        "sit": "animation.angelp.sit",
        "look_at_target": "animation.common.look_at_target",
        "controller.sit": "controller.animation.billey.sit"
      },
      "scripts": {
        "animate": [
          "look_at_target",
          "controller.sit",
          { "sit": "!query.is_tamed && query.mark_variant == 1" },
          { "idle": "!query.is_sitting && !query.is_on_ground" },
          { "baby": "query.is_baby" }
        ]
      },
      "render_controllers": [ "controller.render.fpig" ],
      "spawn_egg": {
        "texture": "egg_pig_angel"
      }
    }
  }
}