{
  "format_version": "1.10.0",
  "minecraft:client_entity": {
    "description": {
      "identifier": "billey:gwshark",
      "materials": { "default": "skeleton" },
      "textures": {
        "default": "textures/entity/bill/gwshark"
      },
      "geometry": {
        "default": "geometry.gwshark"
      },
      "animations": {
        "flop": "animation.gwshark.flop",
        "swim": "animation.gwshark.swim"
      },
      "scripts": {
        "animate": [
          "look",
          { "attack": "query.is_sheared" },
          { "swim": "query.is_in_water" },
          { "flop": "!query.is_in_water" }
        ]
      },
      "render_controllers": [ "controller.render.salmon" ],
      "spawn_egg": {
        "base_color": "#C1C9D2",
        "overlay_color": "#364C5F"
      }
    }
  }
}