{
	"format_version": "1.10.0",
	"minecraft:client_entity": {
		"description": {
			"identifier": "billey:orca",
			"materials": {
				"default": "salmon"
			},
			"textures": {
				"default": "textures/entity/bill/orca"
			},
			"geometry": {
				"default": "geometry.billorca"
			},
      "animations": {
        "look": "animation.orca.look",
        "swim": "animation.orca.swim",
        "attack": "animation.orca.attack"
      },
      "scripts": {
        "animate": [
          "look",
          { "swim": "query.is_in_water" },
          { "attack": "query.variant == 1" }
        ]
      },
      "render_controllers": [ "controller.render.salmon" ],
			"spawn_egg": {
				"base_color": "#07080A",
				"overlay_color": "#E1D5FF"
			}
		}
	}
}