{
	"format_version": "1.10.0",
	"minecraft:client_entity": {
		"description": {
			"identifier": "billey:penguin",
			"materials": { "default": "skeleton" },
			"textures": {
                "white": "textures/entity/bill/billpenguin",
                "brown": "textures/entity/bill/billpenguin",
                "whiteling": "textures/entity/bill/billpenguin",
                "brownling": "textures/entity/bill/billpenguin"
			},
			"geometry": {
				"default": "geometry.billpenguin"
			},
			"animations": {
        "move": "animation.billpenguin.walk",
				"swim": "animation.penguin.swim",
				"crawl": "animation.penguin.crawl",
				"crawlstill": "animation.penguin.crawlstill",
				"swim_not_angry": "animation.penguin.swim_not_angry",
				"look_at_target": "animation.penguin.look_at_target",
				"bob": "animation.humanoid.bob",
				"angry": "animation.penguin.angry",
				"sit": "animation.penguin.sit",
				"baby_transform": "animation.penguin.baby",
        "controller.eat": "controller.animation.billey.eat",
        "eat": "animation.penguin.eat",
        "controller.sit": "controller.animation.billey.sit"
			},
      "scripts": {
        "animate": [
          "bob",
          "controller.sit",
          "controller.eat",
          { "look_at_target": "!query.is_swimming && !query.is_powered" },
          { "swim": "query.is_swimming" },
          { "crawl": "query.modified_move_speed > 1 ? query.is_powered : 0" },
          { "crawlstill": "query.is_powered && query.modified_move_speed < 1" },
          { "baby_transform": "query.is_baby" },
          { "swim_not_angry": "query.is_swimming && !query.has_target" },
          { "angry": "query.has_target" },
          { "move": "query.is_powered ? 0 : (query.is_swimming ? 0 : query.modified_move_speed * 1.5)" }
        ]
      },
			"render_controllers": [
				"controller.render.billduck"
			],
			"spawn_egg": {
				"overlay_color": "#FF8100",
				"base_color": "#1A2133"
			}
		}
	}
}