{
  "format_version": "1.10.0",
  "minecraft:client_entity": {
    "description": {
      "identifier": "billey:picklepet",
      "materials": { "default": "skeleton" },
      "textures": {
        "s1": "textures/entity/bill/picklepet"
      },
      "geometry": {
        "s1": "geometry.picklepetwater",
        "s1glow": "geometry.picklepetglow"
      },
      "animations": {
        "move": "animation.picklepet.walk",
        "sit": "animation.picklepet.sit",
        "var1": "animation.picklepet.var1",
        "var2": "animation.picklepet.var2",
        "var3": "animation.picklepet.var3",
        "idle": "animation.humanoid.bob",
        "controller.sit": "controller.animation.billey.sit",
        "controller.var": "controller.animation.billey.3var"
      },
      "scripts": {
        "animate": [
          "idle",
          "controller.sit",
          "controller.var",
          { "move": "!query.is_sitting" }
        ]
      },
      "render_controllers": [ "controller.render.picklepet", "controller.render.picklepetglow", "controller.render.picklepetwater"],
      "spawn_egg": {
        "base_color": "#4B531E",
        "overlay_color": "#B4E3B1"
      }
    }
  }
}