{
  "format_version": "1.10.0",
  "minecraft:client_entity": {
    "description": {
      "identifier": "billey:pigeon",
      "materials": { "default": "skeleton" },
      "textures": {
        "default": "textures/entity/bill/pigeonwalk",
        "fly": "textures/entity/bill/pigeonfly",
        "white": "textures/entity/bill/whiteonwalk",
        "wfly": "textures/entity/bill/whiteonfly"
      },
      "geometry": {
        "default": "geometry.pigeon"
      },
      "animations": {
        "walk": "animation.pigeon.walk",
        "fly": "animation.pigeon.fly",
        "sit": "animation.pigeon.sit",
        "look_at_target": "animation.common.look_at_target",
        "baby": "animation.cat.baby_transform",
        "flap": "animation.chicken.general",
        "eat": "animation.pigeon.eat",
        "eatfloor": "animation.pigeon.eatfloor",
        "controller.sit": "controller.animation.billey.sit",
        "controller.eat": "controller.animation.billey.eat",
        "controller.eatfloor": "controller.animation.billey.eatfloor"
      },
      "scripts": {
        "animate": [
          "controller.sit",
          //"look_at_target", cont.eatfloor
          "controller.sit",
          "controller.eat",
          "flap",
          "fly",
          "controller.eatfloor",
          "walk",   
          { "baby" : "query.is_baby" },   
          { "sit" : "query.is_sitting ? 0 : 2 * query.is_riding"}
        ]
      },
      "render_controllers": [ "controller.render.pigeon" ],
      "spawn_egg": {
        "base_color": "#303437",
        "overlay_color": "#C5D7E4"
      }
    }
  }
}