{
  "format_version": "1.10.0",
  "minecraft:client_entity": {
    "description": {
      "identifier": "billey:piranha",
      "materials": { "default": "skeleton" },
      "textures": {
        "default": "textures/entity/bill/piranha"
      },
      "geometry": {
        "default": "geometry.billpiranha"
      },
      "animations": {
        "flop": "animation.piranha.flop",
        "swim": "animation.piranha.swim",
        "attack": "animation.piranha.bite"
      },
      "scripts": {
        "animate": [
          { "attack": "query.is_delayed_attacking" },
          { "swim": "query.is_in_water && query.is_alive" },
          { "flop": "!query.is_in_water && query.is_alive" }
        ]
      },
      "render_controllers": [ "controller.render.salmon" ],
      "spawn_egg": {
        "base_color": "#524343",
        "overlay_color": "#a72121"
      }
    }
  }
}