{
  "format_version": "1.10.0",
  "minecraft:client_entity": {
    "description": {
      "identifier": "billey:pizzafish",
      "materials": { "default": "skeleton" },
      "textures": {
				"variant1": "textures/entity/bill/pizzafish",
				"variant2": "textures/entity/bill/pizzafish1",
				"variant3": "textures/entity/bill/pizzafish2",
				"variant4": "textures/entity/bill/pizzafish3",
				"variant5": "textures/entity/bill/pizzafish4",
				"variant6": "textures/entity/bill/pizzafish5"
			},
      "geometry": {
        "default": "geometry.pizzafish"
      },
      "animations": {
        "flop": "animation.pizzafish.flop",
        "swim": "animation.pizzafish.swim",
				"look": "animation.fishy.look"
      },
      "scripts": {
        "animate": [
          "look",
          { "swim": "query.is_in_water" },
          { "flop": "!query.is_in_water" }
        ]
      },
      "render_controllers": [ "controller.render.pizzafish" ],
      "spawn_egg": {
        "base_color": "#FFB033",
        "overlay_color": "#883300"
      }
    }
  }
}