{
	"format_version": "1.10.0",
	"minecraft:client_entity": {
		"description": {
			"identifier": "billey:poopstain",
			"materials": {
				"default": "skeleton"
			},
			"textures": {
				"default": "textures/entity/bill/poop"
			},
			"geometry": {
				"default": "geometry.ppoop"
			},
			"animations": {
				"fall": "animation.pigeon.fall",
				"melt": "animation.pigeon.melt",
                "c.fall": "controller.animation.billey.ground",
				"dead": "animation.pigeon.dead"
			},
			"scripts": {
				"animate": [
                    {"dead": "!query.is_alive"},
                    "c.fall"
				]
			},
			"render_controllers": ["controller.render.birdpoopxd"],
			"spawn_egg": {
				"texture": "snowball"
			}
		}
	}
}