{
  "format_version": "1.8.0",
  "minecraft:client_entity": {
    "description": {
      "identifier": "billey:skeleton_cat",
      "materials": { "default": "cat" },
      "textures": {
        "default": "textures/entity/cat/scat",
        "aggresive": "textures/entity/cat/scatangry"
      },
      "geometry": {
        "default": "geometry.scat"
      },
      "animations": {
        "sneak": "animation.cat.sneak",
        "walk": "animation.cat.walk",
        "sprint": "animation.cat.sprint",
        "sit": "animation.scat.sit",
        "look_at_target": "animation.common.look_at_target",
        "baby_transform": "animation.cat.baby_transform",
        "lie_down": "animation.cat.lie_down",
        "fix": "animation.cat.fix",
        "eat": "animation.scat.eat",
        "noteating": "animation.scat.noteat"
      },
      "animation_controllers": [
        { "look_at_target": "controller.animation.bcat.look_at_target" },
        { "move": "controller.animation.bcat.move" },
        { "baby": "controller.animation.bcat.baby" },
        { "eatcont": "controller.animation.billey.eatscat" }
      ],
      "render_controllers": [ "controller.render.scat" ],
      "spawn_egg": {
        "texture": "egg_cat_skeleton"
      }
    }
  }
}