{
	"format_version": "1.10.0",
	"minecraft:client_entity": {
		"description": {
			"identifier": "billey:snail",
			"materials": {
				"cat": "cat",
				"wolf": "tropicalfish",
				"slime": "entity_alphablend"
			},
			"textures": {
				"default": "textures/entity/bill/snail"
			},
			"geometry": {
				"default": "geometry.billsnail"
			},
			"animations": {
				"sheared": "animation.snail.sit",
				"controller.sheared": "controller.animation.billey.snail",
				"controller.climb": "controller.animation.billey.climb",
				"climb": "animation.snail.climb",
				"poison": "animation.snail.poison"
			},
			"particle_effects": {
				"zeelol": "billey:zee"
			},
			"scripts": {
				"animate": [
					"controller.sheared",
					"controller.climb",
					{ "climb": "query.is_wall_climbing ? 0 : variable.attack_time / 3" },
					{ "poison": "query.variant" }
				]
			},
			"render_controllers": ["controller.render.billsnail"],
			"spawn_egg": {
				"base_color": "#fedcbe",
				"overlay_color": "#A8B881"
			}
		}
	}
}