{
  "format_version": "1.8.0",
  "minecraft:client_entity": {
    "description": {
      "identifier": "billey:sugar",
      "materials": { "default": "salmon" },
      "textures": {
        "default": "textures/entity/cat/sugar"
      },
      "geometry": {
        "default": "geometry.cat"
      },
      "animations": {
        "sneak": "animation.cat.sneak",
        "walk": "animation.cat.walk",
        "sprint": "animation.cat.sprint",
        "sit": "animation.cat.sit",
        "look_at_target": "animation.common.look_at_target",
        "baby_transform": "animation.cat.baby_transform",
        "lie_down": "animation.cat.lie_down"
      },
      "animation_controllers": [
        { "look_at_target": "controller.animation.cat.look_at_target" },
        { "move": "controller.animation.cat.move" },
        { "baby": "controller.animation.cat.baby" }
      ],
      "render_controllers": [ "controller.render.salmon" ],
      "spawn_egg": {
        "base_color": "#A300AE",
        "overlay_color": "#A300AE"
      }
    }
  }
}