{
  "format_version": "1.10.0",
  "minecraft:client_entity": {
    "description": {
      "identifier": "billey:swordfish",
      "materials": { "default": "skeleton" },
      "textures": {
        "default": "textures/entity/bill/swordfish"
      },
      "geometry": {
        "default": "geometry.swordfish"
      },
      "animations": {
        "flop": "animation.swordfish.flop",
        "swim": "animation.swordfish.swim"
      },
      "scripts": {
        "animate": [
          { "attack": "query.is_sheared" },
          { "swim": "query.is_in_water" },
          { "flop": "!query.is_in_water" }
        ]
      },
      "render_controllers": [ "controller.render.salmon" ],
      "spawn_egg": {
        "base_color": "#2D4456",
        "overlay_color": "#AAC7E2"
      }
    }
  }
}