{"stats":{"minecraft:killed":{"minecraft:bat":5,"minecraft:slime":7},"minecraft:picked_up":{"minecraft:stone_button":1,"minecraft:lantern":1,"minecraft:light_blue_carpet":1},"minecraft:custom":{"minecraft:time_since_rest":89364,"minecraft:sprint_one_cm":98024,"minecraft:walk_one_cm":213717,"minecraft:mob_kills":12,"minecraft:damage_dealt":1092,"minecraft:fly_one_cm":411645,"minecraft:crouch_one_cm":210,"minecraft:play_one_minute":89364,"minecraft:sneak_time":359,"minecraft:jump":1270,"minecraft:leave_game":1,"minecraft:time_since_death":89364,"minecraft:walk_on_water_one_cm":828},"minecraft:used":{"minecraft:light_blue_carpet":1,"minecraft:oak_fence":20,"minecraft:glass":7,"minecraft:water_bucket":2,"minecraft:netherite_sword":17,"minecraft:sea_lantern":5,"minecraft:iron_bars":1,"minecraft:stone_sword":5,"minecraft:bricks":1,"minecraft:birch_planks":3,"minecraft:lantern":28,"minecraft:oak_stairs":28,"minecraft:spruce_slab":1,"minecraft:polished_andesite":45,"minecraft:stone_button":1,"minecraft:spruce_planks":5,"minecraft:white_terracotta":1,"minecraft:dark_oak_slab":12,"minecraft:yellow_wool":15,"minecraft:stone_axe":1,"minecraft:birch_trapdoor":11,"minecraft:tall_grass":1,"minecraft:oak_slab":57,"minecraft:brick_slab":1,"minecraft:dark_oak_fence":2,"minecraft:spruce_stairs":3,"minecraft:yellow_carpet":2,"minecraft:glass_pane":8,"minecraft:chain":1,"minecraft:magenta_glazed_terracotta":2,"minecraft:painting":3}},"DataVersion":2586}