{"stats":{"minecraft:picked_up":{"minecraft:polished_andesite":1,"minecraft:iron_shovel":1,"minecraft:spruce_planks":1,"minecraft:birch_planks":1,"minecraft:oak_stairs":1,"minecraft:wheat_seeds":1,"minecraft:dandelion":3,"minecraft:birch_stairs":1,"minecraft:bricks":1,"minecraft:cornflower":1,"minecraft:lantern":1},"minecraft:dropped":{"minecraft:oak_stairs":1},"minecraft:custom":{"minecraft:time_since_rest":52919,"minecraft:play_one_minute":52919,"minecraft:crouch_one_cm":73,"minecraft:sprint_one_cm":37898,"minecraft:walk_one_cm":93573,"minecraft:sneak_time":248,"minecraft:pot_flower":1,"minecraft:drop":1,"minecraft:jump":146,"minecraft:leave_game":2,"minecraft:time_since_death":52919,"minecraft:fly_one_cm":205429},"minecraft:used":{"minecraft:birch_door":8,"minecraft:oak_fence":30,"minecraft:oak_leaves":58,"minecraft:flower_pot":1,"minecraft:black_wool":15,"minecraft:polished_andesite":40,"minecraft:scaffolding":1,"minecraft:brown_banner":6,"minecraft:tall_grass":23,"minecraft:lantern":4,"minecraft:birch_slab":18,"minecraft:birch_planks":24,"minecraft:grass_block":3,"minecraft:oak_stairs":39,"minecraft:spruce_slab":66,"minecraft:spruce_stairs":2,"minecraft:spruce_planks":6,"minecraft:painting":21,"minecraft:stripped_spruce_log":4,"minecraft:birch_stairs":1}},"DataVersion":2586}