{"stats":{"minecraft:killed":{"minecraft:slime":21,"minecraft:skeleton":1,"minecraft:chicken":4,"minecraft:pig":1,"minecraft:bat":12,"minecraft:sheep":4,"minecraft:donkey":2},"minecraft:used":{"minecraft:oak_fence":9,"minecraft:oak_trapdoor":7,"minecraft:purpur_block":2,"minecraft:netherite_sword":19,"minecraft:iron_bars":4,"minecraft:flint_and_steel":2,"minecraft:smooth_quartz_slab":203,"minecraft:armor_stand":2,"minecraft:red_concrete":18,"minecraft:spruce_slab":19,"minecraft:redstone":8,"minecraft:bone_block":5,"minecraft:oak_sign":6,"minecraft:light_gray_carpet":6,"minecraft:spruce_planks":140,"minecraft:white_terracotta":11,"minecraft:stone":200,"minecraft:quartz_stairs":3,"minecraft:red_nether_brick_stairs":15,"minecraft:stripped_birch_wood":128,"minecraft:grass":1,"minecraft:player_head":86,"minecraft:sandstone_wall":4,"minecraft:netherrack":2,"minecraft:spruce_leaves":102,"minecraft:soul_campfire":2,"minecraft:torch":163,"minecraft:birch_pressure_plate":4,"minecraft:dirt":19,"minecraft:red_nether_brick_slab":10,"minecraft:target":4,"minecraft:white_carpet":14,"minecraft:hopper":1,"minecraft:brick_slab":2001,"minecraft:spruce_stairs":23,"minecraft:crimson_hyphae":1,"minecraft:orange_wool":4,"minecraft:jungle_slab":8,"minecraft:warped_door":5,"minecraft:yellow_carpet":13,"minecraft:oak_wood":89,"minecraft:granite":2,"minecraft:cyan_wool":40,"minecraft:stripped_spruce_log":14,"minecraft:birch_door":20,"minecraft:glass":142,"minecraft:wooden_axe":3,"minecraft:honey_block":3,"minecraft:packed_ice":5,"minecraft:sea_lantern":37,"minecraft:cyan_terracotta":46,"minecraft:bricks":55,"minecraft:stripped_dark_oak_wood":6,"minecraft:bookshelf":13,"minecraft:quartz_pillar":38,"minecraft:lantern":82,"minecraft:red_wool":34,"minecraft:quartz_slab":82,"minecraft:yellow_stained_glass":2,"minecraft:iron_block":12,"minecraft:grass_block":1381,"minecraft:oak_stairs":15,"minecraft:brick_stairs":28,"minecraft:crimson_slab":2,"minecraft:polished_andesite_stairs":28,"minecraft:quartz_block":4,"minecraft:dark_oak_slab":37,"minecraft:smooth_quartz":322,"minecraft:diorite_wall":70,"minecraft:blue_banner":11,"minecraft:birch_trapdoor":123,"minecraft:red_carpet":26,"minecraft:redstone_lamp":3,"minecraft:honeycomb_block":2,"minecraft:bow":160,"minecraft:tall_grass":5,"minecraft:iron_trapdoor":5,"minecraft:magenta_terracotta":27,"minecraft:oak_sapling":46,"minecraft:cyan_banner":24,"minecraft:stone_pressure_plate":4,"minecraft:gray_banner":8,"minecraft:stripped_spruce_wood":243,"minecraft:light_blue_carpet":27,"minecraft:quartz_bricks":41,"minecraft:dark_oak_stairs":20,"minecraft:water_bucket":10,"minecraft:light_blue_glazed_terracotta":48,"minecraft:dropper":1,"minecraft:birch_planks":645,"minecraft:stripped_birch_log":55,"minecraft:acacia_trapdoor":9,"minecraft:polished_andesite":107,"minecraft:oak_planks":76,"minecraft:cartography_table":2,"minecraft:blue_bed":1,"minecraft:diamond_axe":2,"minecraft:oak_leaves":91,"minecraft:smooth_quartz_stairs":18,"minecraft:white_wool":26,"minecraft:polished_blackstone_pressure_plate":1,"minecraft:dark_oak_trapdoor":25,"minecraft:sand":9,"minecraft:orange_carpet":10,"minecraft:purpur_stairs":15,"minecraft:light_gray_banner":4,"minecraft:yellow_terracotta":9,"minecraft:oak_slab":69,"minecraft:crimson_trapdoor":7,"minecraft:brown_banner":3,"minecraft:blast_furnace":3,"minecraft:light_gray_terracotta":8,"minecraft:yellow_stained_glass_pane":4,"minecraft:yellow_concrete":17,"minecraft:campfire":23,"minecraft:purple_terracotta":9,"minecraft:painting":135,"minecraft:dark_oak_door":10,"minecraft:redstone_torch":1,"minecraft:birch_fence":4,"minecraft:creeper_spawn_egg":41,"minecraft:oak_log":6,"minecraft:piston":2,"minecraft:lever":4,"minecraft:flower_pot":2,"minecraft:black_wool":22,"minecraft:crying_obsidian":2,"minecraft:birch_slab":74,"minecraft:heavy_weighted_pressure_plate":5,"minecraft:cyan_carpet":2,"minecraft:barrier":5,"minecraft:brown_wool":23,"minecraft:warped_slab":1,"minecraft:stone_button":22,"minecraft:netherite_axe":12,"minecraft:spruce_pressure_plate":14,"minecraft:jungle_stairs":44,"minecraft:purpur_slab":37,"minecraft:spruce_trapdoor":113,"minecraft:iron_door":13,"minecraft:spruce_sapling":88,"minecraft:polished_andesite_slab":53,"minecraft:yellow_wool":3,"minecraft:soul_lantern":1,"minecraft:stripped_warped_hyphae":9,"minecraft:brown_stained_glass_pane":16,"minecraft:coal_block":1,"minecraft:crimson_stairs":9,"minecraft:white_banner":15,"minecraft:andesite":82,"minecraft:sandstone_slab":9,"minecraft:chain":15,"minecraft:glass_pane":26,"minecraft:magenta_glazed_terracotta":11,"minecraft:smooth_stone_slab":21,"minecraft:coarse_dirt":608,"minecraft:bone_meal":305,"minecraft:birch_stairs":21,"minecraft:cobweb":6},"minecraft:dropped":{"minecraft:creeper_spawn_egg":181,"minecraft:grass_block":1,"minecraft:birch_slab":1,"minecraft:polished_andesite":1,"minecraft:polished_andesite_stairs":1,"minecraft:gray_banner":2,"minecraft:netherite_sword":1,"minecraft:andesite":1,"minecraft:glass":1,"minecraft:oak_leaves":1},"minecraft:picked_up":{"minecraft:birch_door":2,"minecraft:azure_bluet":2,"minecraft:chicken":1,"minecraft:cornflower":1,"minecraft:white_carpet":2,"minecraft:oak_sign":2,"minecraft:netherite_sword":1,"minecraft:poppy":1,"minecraft:torch":1,"minecraft:stone_button":3,"minecraft:redstone":3,"minecraft:warped_door":1,"minecraft:mutton":5,"minecraft:white_wool":3,"minecraft:oxeye_daisy":2,"minecraft:feather":2,"minecraft:birch_slab":1,"minecraft:brown_wool":1,"minecraft:glass":1,"minecraft:red_carpet":3,"minecraft:wheat_seeds":17,"minecraft:creeper_spawn_egg":181,"minecraft:dandelion":2,"minecraft:spruce_sapling":2,"minecraft:grass_block":1,"minecraft:slime_ball":2,"minecraft:gray_banner":4,"minecraft:light_blue_carpet":5,"minecraft:light_gray_carpet":2},"minecraft:custom":{"minecraft:mob_kills":45,"minecraft:time_since_death":430237,"minecraft:leave_game":22,"minecraft:sprint_one_cm":458624,"minecraft:walk_one_cm":635801,"minecraft:drop":190,"minecraft:target_hit":3,"minecraft:deaths":2,"minecraft:walk_under_water_one_cm":10298,"minecraft:sneak_time":19146,"minecraft:jump":2785,"minecraft:walk_on_water_one_cm":2584,"minecraft:play_one_minute":727209,"minecraft:pot_flower":2,"minecraft:time_since_rest":430287,"minecraft:damage_taken":50,"minecraft:damage_dealt":2138,"minecraft:fly_one_cm":3468959,"minecraft:crouch_one_cm":20399,"minecraft:fall_one_cm":965}},"DataVersion":2586}