{"stats":{"minecraft:picked_up":{"minecraft:brick_slab":1,"minecraft:birch_door":2,"minecraft:oak_wood":64,"minecraft:glass":1,"minecraft:spruce_stairs":1,"minecraft:birch_planks":2,"minecraft:spruce_planks":1,"minecraft:purpur_stairs":64,"minecraft:oak_planks":2,"minecraft:oak_leaves":64},"minecraft:dropped":{"minecraft:oak_planks":1,"minecraft:birch_planks":1},"minecraft:custom":{"minecraft:time_since_rest":106,"minecraft:play_one_minute":32201,"minecraft:deaths":1,"minecraft:sprint_one_cm":43708,"minecraft:walk_one_cm":114752,"minecraft:sneak_time":17,"minecraft:drop":2,"minecraft:jump":98,"minecraft:damage_dealt":40,"minecraft:leave_game":4,"minecraft:time_since_death":0,"minecraft:fly_one_cm":42211},"minecraft:used":{"minecraft:glass":6,"minecraft:bricks":2,"minecraft:birch_planks":222,"minecraft:polished_andesite":198,"minecraft:spruce_planks":9,"minecraft:birch_stairs":2}},"DataVersion":2586}