{
	"format_version": "1.10.0",
	"geometry.angelp": {
		"texturewidth": 64,
		"textureheight": 64,
		"visible_bounds_width": 4,
		"visible_bounds_height": 3,
		"visible_bounds_offset": [0, 0, 0],
		"bones": [
			{
				"name": "body",
				"pivot": [0, 14, 0]
			},
			{
				"name": "head",
				"parent": "body",
				"pivot": [0, 23, -4],
				"cubes": [
					{"origin": [-4, 20.3, -9.4], "size": [8, 8, 8], "uv": [0, 0], "mirror": true},
					{"origin": [-2, 21.3, -10.4], "size": [4, 3, 1], "uv": [16, 16]}
				]
			},
			{
				"name": "hello",
				"parent": "head",
				"pivot": [0, 23, -4],
				"cubes": [
					{"origin": [2, 29.4, -7.5], "size": [1, 1, 4], "uv": [41, 32], "mirror": true},
					{"origin": [-2, 29.4, -3.5], "size": [4, 1, 1], "uv": [41, 32]},
					{"origin": [-2, 29.4, -8.5], "size": [4, 1, 1], "uv": [42, 34]},
					{"origin": [-3, 29.4, -7.5], "size": [1, 1, 4], "uv": [43, 32]}
				]
			},
			{
				"name": "leg0",
				"parent": "body",
				"pivot": [-3.15, 6, 0.9],
				"rotation": [-10, 0, 0],
				"cubes": [
					{"origin": [-5.1, 1, -1.1], "size": [4, 6, 4], "uv": [0, 16]}
				]
			},
			{
				"name": "leg1",
				"parent": "body",
				"pivot": [3.15, 6, 0.9],
				"rotation": [-10, 0, 0],
				"mirror": true,
				"cubes": [
					{"origin": [1.1, 1, -1.1], "size": [4, 6, 4], "uv": [0, 16]}
				]
			},
			{
				"name": "leg2",
				"parent": "body",
				"pivot": [-4, 17, -3.5],
				"rotation": [-5, 0, 0],
				"cubes": [
					{"origin": [-5.6, 11, -7.3], "size": [4, 6, 4], "uv": [0, 16]}
				]
			},
			{
				"name": "leg3",
				"parent": "body",
				"pivot": [4, 17, -3.5],
				"rotation": [-5, 0, 0],
				"mirror": true,
				"cubes": [
					{"origin": [1.8, 11, -7.3], "size": [4, 6, 4], "uv": [0, 16]}
				]
			},
			{
				"name": "bodylol",
				"parent": "body",
				"pivot": [0, 14, 0],
				"rotation": [30, 0, 0],
				"cubes": [
					{"origin": [-5, 6, -4], "size": [10, 16, 8], "uv": [28, 8]}
				]
			},
			{
				"name": "wing0",
				"parent": "body",
				"pivot": [0, 17, 3],
				"rotation": [30, 0, 0]
			},
			{
				"name": "bone",
				"parent": "wing0",
				"pivot": [0, 17, 3],
				"rotation": [0, -15, 0],
				"cubes": [
					{"origin": [0, -5, 3], "size": [14, 31, 0], "uv": [0, 33]}
				]
			},
			{
				"name": "wing1",
				"parent": "body",
				"pivot": [0, 17, 3],
				"rotation": [30, 0, 0]
			},
			{
				"name": "bone2",
				"parent": "wing1",
				"pivot": [0, 17, 3],
				"rotation": [0, -165, 0],
				"cubes": [
					{"origin": [0, -5, 3], "size": [14, 31, 0], "uv": [0, 33]}
				]
			}
		]
	}
}