{
	"format_version": "1.12.0",
	"minecraft:geometry": [
		{
			"description": {
				"identifier": "geometry.anglerlight",
				"texture_width": 32,
				"texture_height": 32,
				"visible_bounds_width": 3,
				"visible_bounds_height": 1,
				"visible_bounds_offset": [0, 0.5, 0]
			},
			"bones": [
				{
					"name": "bone3",
					"pivot": [0, 4, 6.1]
				},
				{
					"name": "body_front",
					"parent": "bone3",
					"pivot": [-0.21429, 9.35714, -1]
				},
				{
					"name": "head",
					"parent": "body_front",
					"pivot": [-0.5, 9, -8.5]
				},
				{
					"name": "jaw",
					"parent": "head",
					"pivot": [0, 4.75, -7]
				},
				{
					"name": "topjaw",
					"parent": "head",
					"pivot": [0, 11, -8]
				},
				{
					"name": "glowthing",
					"parent": "topjaw",
					"pivot": [0, 0, 0]
				},
				{
					"name": "ball",
					"parent": "glowthing",
					"pivot": [-0.5, 18.25, -28.25]
				},
				{
					"name": "bone",
					"parent": "glowthing",
					"pivot": [-0.5, 18.25, -28.25],
					"cubes": [
						{"origin": [-2.5, 16.25, -30.2], "size": [4, 4, 4], "inflate": 1, "uv": [0, 0]}
					]
				},
				{
					"name": "rightfin",
					"parent": "body_front",
					"pivot": [3, 0, 0],
					"rotation": [0, -20.5, 33]
				},
				{
					"name": "leftfin",
					"parent": "body_front",
					"pivot": [-3, 0, 0],
					"rotation": [0, 20.5, -33]
				},
				{
					"name": "tail1",
					"parent": "body_front",
					"pivot": [0, 4, 6.1]
				},
				{
					"name": "tailfin",
					"parent": "tail1",
					"pivot": [0, 4, 12]
				},
				{
					"name": "tailxd",
					"parent": "tailfin",
					"pivot": [0, 4, 16]
				},
				{
					"name": "bone2",
					"parent": "tailxd",
					"pivot": [-0.5, 8.5, 20]
				}
			]
		}
	]
}