{
	"format_version": "1.12.0",
	"minecraft:geometry": [
		{
			"description": {
				"identifier": "geometry.angler",
				"texture_width": 80,
				"texture_height": 80,
				"visible_bounds_width": 4,
				"visible_bounds_height": 2,
				"visible_bounds_offset": [0, 1, 0]
			},
			"bones": [
				{
					"name": "bone3",
					"pivot": [-0.5, 8, -1.9]
				},
				{
					"name": "body_front",
					"parent": "bone3",
					"pivot": [-0.21429, 9.60714, 0],
					"cubes": [
						{
							"origin": [-6, 3, -8],
							"size": [11, 13, 14],
							"uv": {
								"north": {"uv": [14, 15], "uv_size": [11, 13]},
								"east": {"uv": [0, 15], "uv_size": [14, 13]},
								"south": {"uv": [39, 15], "uv_size": [11, 13]},
								"west": {"uv": [25, 15], "uv_size": [14, 13]},
								"up": {"uv": [14, 1], "uv_size": [11, 14]},
								"down": {"uv": [36, 1], "uv_size": [-11, 14]}
							}
						},
						{
							"origin": [-8, 4, -3],
							"size": [2, 6, 7],
							"uv": {
								"north": {"uv": [50, 28], "uv_size": [2, 6]},
								"east": {"uv": [43, 28], "uv_size": [7, 6]},
								"south": {"uv": [59, 28], "uv_size": [2, 6]},
								"west": {"uv": [52, 28], "uv_size": [7, 6]},
								"up": {"uv": [50, 21], "uv_size": [2, 7]},
								"down": {"uv": [54, 21], "uv_size": [-2, 7]}
							}
						},
						{
							"origin": [5, 4, -3],
							"size": [2, 6, 7],
							"uv": {
								"north": {"uv": [7, 55], "uv_size": [2, 6]},
								"east": {"uv": [0, 55], "uv_size": [7, 6]},
								"south": {"uv": [16, 55], "uv_size": [2, 6]},
								"west": {"uv": [9, 55], "uv_size": [7, 6]},
								"up": {"uv": [7, 48], "uv_size": [2, 7]},
								"down": {"uv": [11, 48], "uv_size": [-2, 7]}
							}
						}
					]
				},
				{
					"name": "head",
					"parent": "body_front",
					"pivot": [0, 7, 0]
				},
				{
					"name": "jaw",
					"parent": "head",
					"pivot": [0, 4.75, -7],
					"cubes": [
						{
							"origin": [-6, 2, -19],
							"size": [11, 5, 12],
							"inflate": 0.01,
							"uv": {
								"north": {"uv": [44, 48], "uv_size": [11, 5]},
								"east": {"uv": [32, 48], "uv_size": [12, 5]},
								"south": {"uv": [67, 48], "uv_size": [11, 5]},
								"west": {"uv": [55, 48], "uv_size": [12, 5]},
								"up": {"uv": [44, 36], "uv_size": [11, 12]},
								"down": {"uv": [66, 36], "uv_size": [-11, 12]}
							}
						},
						{
							"origin": [-6, 7, -11],
							"size": [1, 1, 1],
							"uv": {
								"north": {"uv": [67, 7], "uv_size": [1, 1]},
								"east": {"uv": [66, 7], "uv_size": [1, 1]},
								"south": {"uv": [69, 7], "uv_size": [1, 1]},
								"west": {"uv": [68, 7], "uv_size": [1, 1]},
								"up": {"uv": [67, 6], "uv_size": [1, 1]},
								"down": {"uv": [69, 6], "uv_size": [-1, 1]}
							}
						},
						{
							"origin": [4, 7, -11],
							"size": [1, 1, 1],
							"uv": {
								"north": {"uv": [67, 1], "uv_size": [1, 1]},
								"east": {"uv": [66, 1], "uv_size": [1, 1]},
								"south": {"uv": [69, 1], "uv_size": [1, 1]},
								"west": {"uv": [68, 1], "uv_size": [1, 1]},
								"up": {"uv": [67, 0], "uv_size": [1, 1]},
								"down": {"uv": [69, 0], "uv_size": [-1, 1]}
							}
						},
						{
							"origin": [-6, 7, -13],
							"size": [1, 1, 1],
							"uv": {
								"north": {"uv": [64, 67], "uv_size": [1, 1]},
								"east": {"uv": [63, 67], "uv_size": [1, 1]},
								"south": {"uv": [66, 67], "uv_size": [1, 1]},
								"west": {"uv": [65, 67], "uv_size": [1, 1]},
								"up": {"uv": [64, 66], "uv_size": [1, 1]},
								"down": {"uv": [66, 66], "uv_size": [-1, 1]}
							}
						},
						{
							"origin": [4, 7, -13],
							"size": [1, 1, 1],
							"uv": {
								"north": {"uv": [60, 67], "uv_size": [1, 1]},
								"east": {"uv": [59, 67], "uv_size": [1, 1]},
								"south": {"uv": [62, 67], "uv_size": [1, 1]},
								"west": {"uv": [61, 67], "uv_size": [1, 1]},
								"up": {"uv": [60, 66], "uv_size": [1, 1]},
								"down": {"uv": [62, 66], "uv_size": [-1, 1]}
							}
						},
						{
							"origin": [4, 7, -17],
							"size": [1, 1, 1],
							"uv": {
								"north": {"uv": [52, 67], "uv_size": [1, 1]},
								"east": {"uv": [51, 67], "uv_size": [1, 1]},
								"south": {"uv": [54, 67], "uv_size": [1, 1]},
								"west": {"uv": [53, 67], "uv_size": [1, 1]},
								"up": {"uv": [52, 66], "uv_size": [1, 1]},
								"down": {"uv": [54, 66], "uv_size": [-1, 1]}
							}
						},
						{
							"origin": [-6, 7, -19],
							"size": [1, 1, 1],
							"uv": {
								"north": {"uv": [66, 62], "uv_size": [1, 1]},
								"east": {"uv": [65, 62], "uv_size": [1, 1]},
								"south": {"uv": [68, 62], "uv_size": [1, 1]},
								"west": {"uv": [67, 62], "uv_size": [1, 1]},
								"up": {"uv": [66, 61], "uv_size": [1, 1]},
								"down": {"uv": [68, 61], "uv_size": [-1, 1]}
							}
						},
						{
							"origin": [-4, 7, -19],
							"size": [1, 1, 1],
							"uv": {
								"north": {"uv": [66, 21], "uv_size": [1, 1]},
								"east": {"uv": [65, 21], "uv_size": [1, 1]},
								"south": {"uv": [68, 21], "uv_size": [1, 1]},
								"west": {"uv": [67, 21], "uv_size": [1, 1]},
								"up": {"uv": [66, 20], "uv_size": [1, 1]},
								"down": {"uv": [68, 20], "uv_size": [-1, 1]}
							}
						},
						{
							"origin": [-2, 7, -19],
							"size": [1, 1, 1],
							"uv": {
								"north": {"uv": [66, 9], "uv_size": [1, 1]},
								"east": {"uv": [65, 9], "uv_size": [1, 1]},
								"south": {"uv": [68, 9], "uv_size": [1, 1]},
								"west": {"uv": [67, 9], "uv_size": [1, 1]},
								"up": {"uv": [66, 8], "uv_size": [1, 1]},
								"down": {"uv": [68, 8], "uv_size": [-1, 1]}
							}
						},
						{
							"origin": [0, 7, -19],
							"size": [1, 1, 1],
							"uv": {
								"north": {"uv": [49, 66], "uv_size": [1, 1]},
								"east": {"uv": [48, 66], "uv_size": [1, 1]},
								"south": {"uv": [51, 66], "uv_size": [1, 1]},
								"west": {"uv": [50, 66], "uv_size": [1, 1]},
								"up": {"uv": [49, 65], "uv_size": [1, 1]},
								"down": {"uv": [51, 65], "uv_size": [-1, 1]}
							}
						},
						{
							"origin": [2, 7, -19],
							"size": [1, 1, 1],
							"uv": {
								"north": {"uv": [45, 66], "uv_size": [1, 1]},
								"east": {"uv": [44, 66], "uv_size": [1, 1]},
								"south": {"uv": [47, 66], "uv_size": [1, 1]},
								"west": {"uv": [46, 66], "uv_size": [1, 1]},
								"up": {"uv": [45, 65], "uv_size": [1, 1]},
								"down": {"uv": [47, 65], "uv_size": [-1, 1]}
							}
						},
						{
							"origin": [4, 7, -19],
							"size": [1, 1, 1],
							"uv": {
								"north": {"uv": [1, 2], "uv_size": [1, 1]},
								"east": {"uv": [0, 2], "uv_size": [1, 1]},
								"south": {"uv": [3, 2], "uv_size": [1, 1]},
								"west": {"uv": [2, 2], "uv_size": [1, 1]},
								"up": {"uv": [1, 1], "uv_size": [1, 1]},
								"down": {"uv": [3, 1], "uv_size": [-1, 1]}
							}
						},
						{
							"origin": [-6, 7, -15],
							"size": [1, 1, 1],
							"uv": {
								"north": {"uv": [65, 29], "uv_size": [1, 1]},
								"east": {"uv": [64, 29], "uv_size": [1, 1]},
								"south": {"uv": [67, 29], "uv_size": [1, 1]},
								"west": {"uv": [66, 29], "uv_size": [1, 1]},
								"up": {"uv": [65, 28], "uv_size": [1, 1]},
								"down": {"uv": [67, 28], "uv_size": [-1, 1]}
							}
						},
						{
							"origin": [-6, 7, -17],
							"size": [1, 1, 1],
							"uv": {
								"north": {"uv": [23, 55], "uv_size": [1, 1]},
								"east": {"uv": [22, 55], "uv_size": [1, 1]},
								"south": {"uv": [25, 55], "uv_size": [1, 1]},
								"west": {"uv": [24, 55], "uv_size": [1, 1]},
								"up": {"uv": [23, 54], "uv_size": [1, 1]},
								"down": {"uv": [25, 54], "uv_size": [-1, 1]}
							}
						},
						{
							"origin": [2.4, 8, -20],
							"size": [1, 4, 1],
							"uv": {
								"north": {"uv": [1, 35], "uv_size": [1, 4]},
								"east": {"uv": [0, 35], "uv_size": [1, 4]},
								"south": {"uv": [3, 35], "uv_size": [1, 4]},
								"west": {"uv": [2, 35], "uv_size": [1, 4]},
								"up": {"uv": [1, 34], "uv_size": [1, 1]},
								"down": {"uv": [3, 34], "uv_size": [-1, 1]}
							}
						},
						{
							"origin": [2.7, 12, -20],
							"size": [0.5, 3.8, 1],
							"uv": {
								"north": {"uv": [7, 36], "uv_size": [0, 3]},
								"east": {"uv": [6, 36], "uv_size": [1, 3]},
								"south": {"uv": [8, 36], "uv_size": [0, 3]},
								"west": {"uv": [7, 36], "uv_size": [1, 3]},
								"up": {"uv": [7, 35], "uv_size": [0, 1]},
								"down": {"uv": [7, 35], "uv_size": [0, 1]}
							}
						},
						{
							"origin": [-4.5, 8, -20],
							"size": [1, 4, 1],
							"uv": {
								"north": {"uv": [5, 35], "uv_size": [1, 4]},
								"east": {"uv": [4, 35], "uv_size": [1, 4]},
								"south": {"uv": [7, 35], "uv_size": [1, 4]},
								"west": {"uv": [6, 35], "uv_size": [1, 4]},
								"up": {"uv": [5, 34], "uv_size": [1, 1]},
								"down": {"uv": [7, 34], "uv_size": [-1, 1]}
							}
						},
						{
							"origin": [-4.2, 11.9, -20],
							"size": [0.5, 3.8, 1],
							"uv": {
								"north": {"uv": [6, 36], "uv_size": [0, 3]},
								"east": {"uv": [5, 36], "uv_size": [1, 3]},
								"south": {"uv": [7, 36], "uv_size": [0, 3]},
								"west": {"uv": [6, 36], "uv_size": [1, 3]},
								"up": {"uv": [6, 35], "uv_size": [0, 1]},
								"down": {"uv": [6, 35], "uv_size": [0, 1]}
							}
						},
						{
							"origin": [4, 7, -15],
							"size": [1, 1, 1],
							"uv": {
								"north": {"uv": [49, 14], "uv_size": [1, 1]},
								"east": {"uv": [48, 14], "uv_size": [1, 1]},
								"south": {"uv": [51, 14], "uv_size": [1, 1]},
								"west": {"uv": [50, 14], "uv_size": [1, 1]},
								"up": {"uv": [49, 13], "uv_size": [1, 1]},
								"down": {"uv": [51, 13], "uv_size": [-1, 1]}
							}
						},
						{
							"origin": [4, 7, -9],
							"size": [1, 1, 1],
							"uv": {
								"north": {"uv": [67, 1], "uv_size": [1, 1]},
								"east": {"uv": [66, 1], "uv_size": [1, 1]},
								"south": {"uv": [69, 1], "uv_size": [1, 1]},
								"west": {"uv": [68, 1], "uv_size": [1, 1]},
								"up": {"uv": [67, 0], "uv_size": [1, 1]},
								"down": {"uv": [69, 0], "uv_size": [-1, 1]}
							}
						},
						{
							"origin": [-6, 7, -9],
							"size": [1, 1, 1],
							"uv": {
								"north": {"uv": [67, 1], "uv_size": [1, 1]},
								"east": {"uv": [66, 1], "uv_size": [1, 1]},
								"south": {"uv": [69, 1], "uv_size": [1, 1]},
								"west": {"uv": [68, 1], "uv_size": [1, 1]},
								"up": {"uv": [67, 0], "uv_size": [1, 1]},
								"down": {"uv": [69, 0], "uv_size": [-1, 1]}
							}
						}
					]
				},
				{
					"name": "topjaw",
					"parent": "head",
					"pivot": [0, 11, -8],
					"cubes": [
						{
							"origin": [-6, 8, -19],
							"size": [11, 9, 11],
							"uv": {
								"north": {"uv": [11, 39], "uv_size": [11, 9]},
								"east": {"uv": [0, 39], "uv_size": [11, 9]},
								"south": {"uv": [33, 39], "uv_size": [11, 9]},
								"west": {"uv": [22, 39], "uv_size": [11, 9]},
								"up": {"uv": [11, 28], "uv_size": [11, 11]},
								"down": {"uv": [33, 28], "uv_size": [-11, 11]}
							}
						},
						{
							"origin": [5, 11, -16],
							"size": [2, 3, 3],
							"uv": {
								"north": {"uv": [36, 31], "uv_size": [2, 3]},
								"east": {"uv": [33, 31], "uv_size": [3, 3]},
								"south": {"uv": [41, 31], "uv_size": [2, 3]},
								"west": {"uv": [38, 31], "uv_size": [3, 3]},
								"up": {"uv": [36, 28], "uv_size": [2, 3]},
								"down": {"uv": [40, 28], "uv_size": [-2, 3]}
							}
						},
						{
							"origin": [-8, 11, -16],
							"size": [2, 3, 3],
							"uv": {
								"north": {"uv": [3, 31], "uv_size": [2, 3]},
								"east": {"uv": [0, 31], "uv_size": [3, 3]},
								"south": {"uv": [8, 31], "uv_size": [2, 3]},
								"west": {"uv": [5, 31], "uv_size": [3, 3]},
								"up": {"uv": [3, 28], "uv_size": [2, 3]},
								"down": {"uv": [7, 28], "uv_size": [-2, 3]}
							}
						},
						{
							"origin": [-1, 24.75, -28.75],
							"size": [1, 2, 8.3],
							"inflate": 0.01,
							"uv": {
								"north": {"uv": [26, 56], "uv_size": [1, 2]},
								"east": {"uv": [34, 18], "uv_size": [8, 2]},
								"south": {"uv": [35, 56], "uv_size": [1, 2]},
								"west": {"uv": [17, 20], "uv_size": [8, 2]},
								"up": {"uv": [26, 48], "uv_size": [1, 8]},
								"down": {"uv": [28, 48], "uv_size": [-1, 8]}
							}
						},
						{
							"origin": [-0.99, 16.65522, -14.65861],
							"size": [1, 2, 13],
							"pivot": [-0.74, 17.02558, -13.56833],
							"rotation": [127, 0, 0],
							"uv": {
								"north": {"uv": [48, 54], "uv_size": [1, 2]},
								"east": {"uv": [18, 45], "uv_size": [8, 2]},
								"south": {"uv": [60, 43], "uv_size": [1, 2]},
								"west": {"uv": [18, 23], "uv_size": [8, 2]},
								"up": {"uv": [23, 16], "uv_size": [1, 8]},
								"down": {"uv": [28, 48], "uv_size": [-1, 8]}
							}
						},
						{
							"origin": [-1, 19.75, -28.75],
							"size": [1, 7, 1],
							"uv": {
								"north": {"uv": [13, 30], "uv_size": [1, 7]},
								"east": {"uv": [20, 4], "uv_size": [1, 7]},
								"south": {"uv": [13, 7], "uv_size": [1, 7]},
								"west": {"uv": [61, 43], "uv_size": [1, 7]},
								"up": {"uv": [11, 6], "uv_size": [1, 1]},
								"down": {"uv": [13, 6], "uv_size": [-1, 1]}
							}
						},
						{
							"origin": [4, 7, -11],
							"size": [1, 1, 1],
							"uv": {
								"north": {"uv": [34, 38], "uv_size": [1, 1]},
								"east": {"uv": [33, 38], "uv_size": [1, 1]},
								"south": {"uv": [36, 38], "uv_size": [1, 1]},
								"west": {"uv": [35, 38], "uv_size": [1, 1]},
								"up": {"uv": [34, 37], "uv_size": [1, 1]},
								"down": {"uv": [36, 37], "uv_size": [-1, 1]}
							}
						},
						{
							"origin": [4, 7, -13],
							"size": [1, 1, 1],
							"uv": {
								"north": {"uv": [50, 35], "uv_size": [1, 1]},
								"east": {"uv": [49, 35], "uv_size": [1, 1]},
								"south": {"uv": [52, 35], "uv_size": [1, 1]},
								"west": {"uv": [51, 35], "uv_size": [1, 1]},
								"up": {"uv": [50, 34], "uv_size": [1, 1]},
								"down": {"uv": [52, 34], "uv_size": [-1, 1]}
							}
						},
						{
							"origin": [4, 7, -15],
							"size": [1, 1, 1],
							"uv": {
								"north": {"uv": [54, 35], "uv_size": [1, 1]},
								"east": {"uv": [53, 35], "uv_size": [1, 1]},
								"south": {"uv": [56, 35], "uv_size": [1, 1]},
								"west": {"uv": [55, 35], "uv_size": [1, 1]},
								"up": {"uv": [54, 34], "uv_size": [1, 1]},
								"down": {"uv": [56, 34], "uv_size": [-1, 1]}
							}
						},
						{
							"origin": [4, 7, -17],
							"size": [1, 1, 1],
							"uv": {
								"north": {"uv": [37, 14], "uv_size": [1, 1]},
								"east": {"uv": [36, 14], "uv_size": [1, 1]},
								"south": {"uv": [39, 14], "uv_size": [1, 1]},
								"west": {"uv": [38, 14], "uv_size": [1, 1]},
								"up": {"uv": [37, 13], "uv_size": [1, 1]},
								"down": {"uv": [39, 13], "uv_size": [-1, 1]}
							}
						},
						{
							"origin": [4, 7, -19],
							"size": [1, 1, 1],
							"uv": {
								"north": {"uv": [67, 23], "uv_size": [1, 1]},
								"east": {"uv": [66, 23], "uv_size": [1, 1]},
								"south": {"uv": [69, 23], "uv_size": [1, 1]},
								"west": {"uv": [68, 23], "uv_size": [1, 1]},
								"up": {"uv": [67, 22], "uv_size": [1, 1]},
								"down": {"uv": [69, 22], "uv_size": [-1, 1]}
							}
						},
						{
							"origin": [2, 7, -19],
							"size": [1, 1, 1],
							"uv": {
								"north": {"uv": [65, 35], "uv_size": [1, 1]},
								"east": {"uv": [64, 35], "uv_size": [1, 1]},
								"south": {"uv": [67, 35], "uv_size": [1, 1]},
								"west": {"uv": [66, 35], "uv_size": [1, 1]},
								"up": {"uv": [65, 34], "uv_size": [1, 1]},
								"down": {"uv": [67, 34], "uv_size": [-1, 1]}
							}
						},
						{
							"origin": [0, 7, -19],
							"size": [1, 1, 1],
							"uv": {
								"north": {"uv": [41, 4], "uv_size": [1, 1]},
								"east": {"uv": [40, 4], "uv_size": [1, 1]},
								"south": {"uv": [43, 4], "uv_size": [1, 1]},
								"west": {"uv": [42, 4], "uv_size": [1, 1]},
								"up": {"uv": [41, 3], "uv_size": [1, 1]},
								"down": {"uv": [43, 3], "uv_size": [-1, 1]}
							}
						},
						{
							"origin": [-2, 7, -19],
							"size": [1, 1, 1],
							"uv": {
								"north": {"uv": [41, 14], "uv_size": [1, 1]},
								"east": {"uv": [40, 14], "uv_size": [1, 1]},
								"south": {"uv": [43, 14], "uv_size": [1, 1]},
								"west": {"uv": [42, 14], "uv_size": [1, 1]},
								"up": {"uv": [41, 13], "uv_size": [1, 1]},
								"down": {"uv": [43, 13], "uv_size": [-1, 1]}
							}
						},
						{
							"origin": [-4, 7, -19],
							"size": [1, 1, 1],
							"uv": {
								"north": {"uv": [42, 35], "uv_size": [1, 1]},
								"east": {"uv": [41, 35], "uv_size": [1, 1]},
								"south": {"uv": [44, 35], "uv_size": [1, 1]},
								"west": {"uv": [43, 35], "uv_size": [1, 1]},
								"up": {"uv": [42, 34], "uv_size": [1, 1]},
								"down": {"uv": [44, 34], "uv_size": [-1, 1]}
							}
						},
						{
							"origin": [-6, 7, -11],
							"size": [1, 1, 1],
							"uv": {
								"north": {"uv": [45, 14], "uv_size": [1, 1]},
								"east": {"uv": [44, 14], "uv_size": [1, 1]},
								"south": {"uv": [47, 14], "uv_size": [1, 1]},
								"west": {"uv": [46, 14], "uv_size": [1, 1]},
								"up": {"uv": [45, 13], "uv_size": [1, 1]},
								"down": {"uv": [47, 13], "uv_size": [-1, 1]}
							}
						},
						{
							"origin": [-6, 7, -13],
							"size": [1, 1, 1],
							"uv": {
								"north": {"uv": [46, 35], "uv_size": [1, 1]},
								"east": {"uv": [45, 35], "uv_size": [1, 1]},
								"south": {"uv": [48, 35], "uv_size": [1, 1]},
								"west": {"uv": [47, 35], "uv_size": [1, 1]},
								"up": {"uv": [46, 34], "uv_size": [1, 1]},
								"down": {"uv": [48, 34], "uv_size": [-1, 1]}
							}
						},
						{
							"origin": [-6, 7, -15],
							"size": [1, 1, 1],
							"uv": {
								"north": {"uv": [67, 11], "uv_size": [1, 1]},
								"east": {"uv": [66, 11], "uv_size": [1, 1]},
								"south": {"uv": [69, 11], "uv_size": [1, 1]},
								"west": {"uv": [68, 11], "uv_size": [1, 1]},
								"up": {"uv": [67, 10], "uv_size": [1, 1]},
								"down": {"uv": [69, 10], "uv_size": [-1, 1]}
							}
						},
						{
							"origin": [-6, 7, -17],
							"size": [1, 1, 1],
							"uv": {
								"north": {"uv": [67, 15], "uv_size": [1, 1]},
								"east": {"uv": [66, 15], "uv_size": [1, 1]},
								"south": {"uv": [69, 15], "uv_size": [1, 1]},
								"west": {"uv": [68, 15], "uv_size": [1, 1]},
								"up": {"uv": [67, 14], "uv_size": [1, 1]},
								"down": {"uv": [69, 14], "uv_size": [-1, 1]}
							}
						},
						{
							"origin": [-6, 7, -19],
							"size": [1, 1, 1],
							"uv": {
								"north": {"uv": [67, 17], "uv_size": [1, 1]},
								"east": {"uv": [66, 17], "uv_size": [1, 1]},
								"south": {"uv": [69, 17], "uv_size": [1, 1]},
								"west": {"uv": [68, 17], "uv_size": [1, 1]},
								"up": {"uv": [67, 16], "uv_size": [1, 1]},
								"down": {"uv": [69, 16], "uv_size": [-1, 1]}
							}
						}
					]
				},
				{
					"name": "glowthing",
					"parent": "topjaw",
					"pivot": [0, 0, 0]
				},
				{
					"name": "ball",
					"parent": "glowthing",
					"pivot": [-0.5, 18.25, -28.25],
					"cubes": [
						{
							"origin": [-2, 16.75, -29.75],
							"size": [3, 3, 3],
							"uv": {
								"north": {"uv": [4, 3], "uv_size": [3, 3]},
								"east": {"uv": [1, 3], "uv_size": [3, 3]},
								"south": {"uv": [10, 3], "uv_size": [3, 3]},
								"west": {"uv": [7, 3], "uv_size": [3, 3]},
								"up": {"uv": [4, 0], "uv_size": [3, 3]},
								"down": {"uv": [10, 0], "uv_size": [-3, 3]}
							}
						}
					]
				},
				{
					"name": "bone",
					"parent": "glowthing",
					"pivot": [-0.5, 18.25, -28.25]
				},
				{
					"name": "rightfin",
					"parent": "body_front",
					"pivot": [3, 0, 0],
					"rotation": [0, -20.5, 33],
					"cubes": [
						{
							"origin": [2, 7, -1],
							"size": [5, 1, 3],
							"uv": {
								"north": {"uv": [53, 16], "uv_size": [5, 1]},
								"east": {"uv": [50, 16], "uv_size": [3, 1]},
								"south": {"uv": [61, 16], "uv_size": [5, 1]},
								"west": {"uv": [58, 16], "uv_size": [3, 1]},
								"up": {"uv": [53, 13], "uv_size": [5, 3]},
								"down": {"uv": [63, 13], "uv_size": [-5, 3]}
							}
						}
					]
				},
				{
					"name": "leftfin",
					"parent": "body_front",
					"pivot": [-3, 0, 0],
					"rotation": [0, 20.5, -33],
					"cubes": [
						{
							"origin": [-8, 7, -1],
							"size": [5, 1, 3],
							"uv": {
								"north": {"uv": [53, 20], "uv_size": [5, 1]},
								"east": {"uv": [50, 20], "uv_size": [3, 1]},
								"south": {"uv": [61, 20], "uv_size": [5, 1]},
								"west": {"uv": [58, 20], "uv_size": [3, 1]},
								"up": {"uv": [53, 17], "uv_size": [5, 3]},
								"down": {"uv": [63, 17], "uv_size": [-5, 3]}
							}
						}
					]
				},
				{
					"name": "tail1",
					"parent": "body_front",
					"pivot": [0, 4, 6.1],
					"cubes": [
						{
							"origin": [-3, 6, 4],
							"size": [5, 5, 8],
							"uv": {
								"north": {"uv": [44, 8], "uv_size": [5, 5]},
								"east": {"uv": [36, 8], "uv_size": [8, 5]},
								"south": {"uv": [57, 8], "uv_size": [5, 5]},
								"west": {"uv": [49, 8], "uv_size": [8, 5]},
								"up": {"uv": [44, 0], "uv_size": [5, 8]},
								"down": {"uv": [54, 0], "uv_size": [-5, 8]}
							}
						}
					]
				},
				{
					"name": "tailfin",
					"parent": "tail1",
					"pivot": [0, 4, 12],
					"cubes": [
						{
							"origin": [-2, 7, 10],
							"size": [3, 3, 6],
							"uv": {
								"north": {"uv": [36, 59], "uv_size": [3, 3]},
								"east": {"uv": [30, 59], "uv_size": [6, 3]},
								"south": {"uv": [45, 59], "uv_size": [3, 3]},
								"west": {"uv": [39, 59], "uv_size": [6, 3]},
								"up": {"uv": [36, 53], "uv_size": [3, 6]},
								"down": {"uv": [42, 53], "uv_size": [-3, 6]}
							}
						}
					]
				},
				{
					"name": "tailxd",
					"parent": "tailfin",
					"pivot": [0, 4, 16],
					"cubes": [
						{
							"origin": [-1, 8, 16],
							"size": [1, 1, 4],
							"uv": {
								"north": {"uv": [4, 14], "uv_size": [1, 1]},
								"east": {"uv": [0, 14], "uv_size": [4, 1]},
								"south": {"uv": [9, 14], "uv_size": [1, 1]},
								"west": {"uv": [5, 14], "uv_size": [4, 1]},
								"up": {"uv": [4, 10], "uv_size": [1, 4]},
								"down": {"uv": [6, 10], "uv_size": [-1, 4]}
							}
						}
					]
				},
				{
					"name": "bone2",
					"parent": "tailxd",
					"pivot": [-0.5, 8.5, 20],
					"cubes": [
						{
							"origin": [-0.5, 6.5, 20],
							"size": [0, 4, 5],
							"uv": {
								"north": {"uv": [5, 6], "uv_size": [0, 4]},
								"east": {"uv": [0, 6], "uv_size": [5, 4]},
								"south": {"uv": [10, 6], "uv_size": [0, 4]},
								"up": {"uv": [5, 1], "uv_size": [0, 5]},
								"down": {"uv": [5, 1], "uv_size": [0, 5]}
							}
						}
					]
				}
			]
		}
	]
}