{
	"format_version": "1.12.0",
	"minecraft:geometry": [
		{
			"description": {
				"identifier": "geometry.billbananaduck",
				"texture_width": 32,
				"texture_height": 32,
				"visible_bounds_width": 3,
				"visible_bounds_height": 2.5,
				"visible_bounds_offset": [0, 0.75, 0]
			},
			"bones": [
				{
					"name": "body",
					"pivot": [0, 5, 1]
				},
				{
					"name": "leg0",
					"parent": "body",
					"pivot": [-1, 4.5, 1]
				},
				{
					"name": "bone15",
					"parent": "leg0",
					"pivot": [-1, 3.5, 1],
					"rotation": [0, 0, 27.5],
					"cubes": [
						{
							"origin": [-2, -0.9, 1],
							"size": [1, 6.3, 0],
							"uv": {
								"north": {"uv": [0, 0], "uv_size": [3, 6]},
								"east": {"uv": [0, 0], "uv_size": [0, 6]},
								"south": {"uv": [4, 4], "uv_size": [1, 6]},
								"west": {"uv": [0, 0], "uv_size": [0, 6]},
								"up": {"uv": [0, 0], "uv_size": [3, 0]},
								"down": {"uv": [0, 0], "uv_size": [3, 0]}
							}
						}
					]
				},
				{
					"name": "bone5",
					"parent": "bone15",
					"pivot": [-1.56, -0.58448, 1],
					"rotation": [0, 0, -27.5],
					"cubes": [
						{
							"origin": [-2.10365, -0.67642, -1],
							"size": [1.1, 0, 2],
							"uv": {
								"north": {"uv": [0, 0], "uv_size": [3, 0]},
								"east": {"uv": [0, 0], "uv_size": [3, 0]},
								"south": {"uv": [0, 0], "uv_size": [3, 0]},
								"west": {"uv": [0, 0], "uv_size": [3, 0]},
								"up": {"uv": [4, 4], "uv_size": [1, 2]}
							}
						}
					]
				},
				{
					"name": "leg1",
					"parent": "body",
					"pivot": [1, 4.5, 1]
				},
				{
					"name": "bone14",
					"parent": "leg1",
					"pivot": [1, 3.5, 1],
					"rotation": [0, 0, -27.5],
					"cubes": [
						{
							"origin": [1, -0.9, 1],
							"size": [1, 6, 0],
							"uv": {
								"north": {"uv": [4, 5], "uv_size": [1, 6]},
								"east": {"uv": [4, 5], "uv_size": [1, 6]},
								"west": {"uv": [4, 5], "uv_size": [1, 6]},
								"up": {"uv": [5, 11], "uv_size": [-1, -6]},
								"down": {"uv": [5, 11], "uv_size": [-1, -6]}
							}
						}
					]
				},
				{
					"name": "bone4",
					"parent": "bone14",
					"pivot": [1.65235, -0.4026, 1],
					"rotation": [0, 0, 27.5],
					"cubes": [
						{
							"origin": [1.09235, -0.7226, -1],
							"size": [1.1, 0, 2],
							"uv": {
								"north": {"uv": [0, 0], "uv_size": [3, 0]},
								"east": {"uv": [0, 0], "uv_size": [3, 0]},
								"south": {"uv": [0, 0], "uv_size": [3, 0]},
								"west": {"uv": [0, 0], "uv_size": [3, 0]},
								"up": {"uv": [7, 0], "uv_size": [1, 2]}
							}
						}
					]
				},
				{
					"name": "bone6",
					"parent": "body",
					"pivot": [0, 5, -2]
				},
				{
					"name": "bodynolegs",
					"parent": "bone6",
					"pivot": [0, 6, 1.75]
				},
				{
					"name": "bone9",
					"parent": "bodynolegs",
					"pivot": [0, 7.4, 1.75],
					"rotation": [-27.5, 0, 0],
					"cubes": [
						{
							"origin": [-1, 5.20439, 0.72557],
							"size": [2, 2.5, 2],
							"inflate": 0.01,
							"uv": {
								"north": {"uv": [9, 9], "uv_size": [2, 3]},
								"east": {"uv": [9, 0], "uv_size": [2, 3]},
								"south": {"uv": [9, 3], "uv_size": [2, 3]},
								"west": {"uv": [9, 6], "uv_size": [2, 3]},
								"up": {"uv": [2, 12], "uv_size": [2, 2]},
								"down": {"uv": [4, 14], "uv_size": [2, -2]}
							}
						}
					]
				},
				{
					"name": "bone11",
					"parent": "bone9",
					"pivot": [0, 5.4, 1.75],
					"rotation": [-17.5, 0, 0],
					"cubes": [
						{
							"origin": [-1, 3.40439, 0.72557],
							"size": [2, 2.1, 2],
							"uv": {
								"north": {"uv": [6, 12], "uv_size": [2, 2]},
								"east": {"uv": [8, 12], "uv_size": [2, 2]},
								"south": {"uv": [13, 13], "uv_size": [2, 2]},
								"west": {"uv": [13, 0], "uv_size": [2, 2]},
								"up": {"uv": [13, 2], "uv_size": [2, 2]},
								"down": {"uv": [13, 6], "uv_size": [2, -2]}
							}
						}
					]
				},
				{
					"name": "bone12",
					"parent": "bone11",
					"pivot": [0, 3.4, 1.75],
					"rotation": [-20, 0, 0],
					"cubes": [
						{
							"origin": [-0.85, 1.40439, 0.87557],
							"size": [1.7, 2.3, 1.7],
							"uv": {
								"north": {"uv": [13, 6], "uv_size": [2, 2]},
								"east": {"uv": [13, 8], "uv_size": [2, 2]},
								"south": {"uv": [13, 10], "uv_size": [2, 2]},
								"west": {"uv": [0, 14], "uv_size": [2, 2]},
								"up": {"uv": [2, 14], "uv_size": [2, 2]},
								"down": {"uv": [4, 16], "uv_size": [2, -2]}
							}
						}
					]
				},
				{
					"name": "bone13",
					"parent": "bone12",
					"pivot": [0, 1.4, 1.75],
					"cubes": [
						{
							"origin": [-0.5, 0.90439, 1.22557],
							"size": [1, 1.3, 1],
							"uv": {
								"north": {"uv": [12, 14], "uv_size": [1, 1]},
								"east": {"uv": [15, 14], "uv_size": [1, 1]},
								"south": {"uv": [24, 18], "uv_size": [1, 1]},
								"west": {"uv": [24, 19], "uv_size": [1, 1]},
								"up": {"uv": [0, 25], "uv_size": [1, 1]},
								"down": {"uv": [1, 26], "uv_size": [1, -1]}
							}
						}
					]
				},
				{
					"name": "bodylol",
					"parent": "bodynolegs",
					"pivot": [0, 7.4, 1.75],
					"rotation": [5, 0, 0],
					"cubes": [
						{
							"origin": [-1, 7.10439, 0.72557],
							"size": [2, 2.3, 2],
							"uv": {
								"north": {"uv": [6, 14], "uv_size": [2, 2]},
								"east": {"uv": [5, 13], "uv_size": [2, 2]},
								"south": {"uv": [10, 15], "uv_size": [2, 2]},
								"west": {"uv": [12, 15], "uv_size": [2, 2]},
								"up": {"uv": [16, 16], "uv_size": [2, 2]},
								"down": {"uv": [15, 2], "uv_size": [2, -2]}
							}
						}
					]
				},
				{
					"name": "head",
					"parent": "bodylol",
					"pivot": [0, 9.4, 1.75],
					"rotation": [12.5, 0, 0],
					"cubes": [
						{
							"origin": [-1, 9.20439, 0.72557],
							"size": [2, 2.2, 2],
							"inflate": -0.01,
							"uv": {
								"north": {"uv": [15, 2], "uv_size": [2, 2]},
								"east": {"uv": [15, 4], "uv_size": [2, 2]},
								"south": {"uv": [15, 6], "uv_size": [2, 2]},
								"west": {"uv": [17, 8], "uv_size": [2, 2]},
								"up": {"uv": [15, 8], "uv_size": [2, 2]},
								"down": {"uv": [15, 10], "uv_size": [2, -2]}
							}
						}
					],
					"locators": {
						"lead": [0, 9.4, 1.75]
					}
				},
				{
					"name": "bone2",
					"parent": "head",
					"pivot": [0, 11.45833, 1.71995],
					"rotation": [12.5, 0, 0],
					"cubes": [
						{
							"origin": [-1, 11.15439, 0.72557],
							"size": [2, 1.7, 2],
							"inflate": -0.02,
							"uv": {
								"north": {"uv": [0, 16], "uv_size": [2, 2]},
								"east": {"uv": [2, 16], "uv_size": [2, 2]},
								"south": {"uv": [4, 16], "uv_size": [2, 2]},
								"west": {"uv": [6, 16], "uv_size": [2, 2]},
								"up": {"uv": [8, 16], "uv_size": [2, 2]},
								"down": {"uv": [11, 14], "uv_size": [2, -2]}
							}
						}
					]
				},
				{
					"name": "lol",
					"parent": "bone2",
					"pivot": [0, 13.45317, 1.49069],
					"rotation": [-25, 0, 0]
				},
				{
					"name": "bone7",
					"parent": "lol",
					"pivot": [0, 13.90439, 1.52557],
					"cubes": [
						{
							"origin": [-1, 12.40439, 0.32557],
							"size": [2, 3, 2.4],
							"inflate": 0.05,
							"uv": {
								"north": {"uv": [11, 11], "uv_size": [2, 3]},
								"east": {"uv": [11, 0], "uv_size": [2, 3]},
								"south": {"uv": [11, 3], "uv_size": [2, 3]},
								"west": {"uv": [11, 6], "uv_size": [2, 3]},
								"up": {"uv": [16, 16], "uv_size": [2, 2]},
								"down": {"uv": [16, 18], "uv_size": [2, -2]}
							}
						}
					]
				},
				{
					"name": "beak",
					"parent": "lol",
					"pivot": [0.1, 6.90195, 1.05581],
					"rotation": [2, 0, 0]
				},
				{
					"name": "bone",
					"parent": "beak",
					"pivot": [0.05, 13.1, 0.49071],
					"cubes": [
						{
							"origin": [-0.65, 13.1, -0.95929],
							"size": [1.3, 0.4, 2.5],
							"inflate": -0.001,
							"uv": {
								"north": {"uv": [2, 25], "uv_size": [1, 1]},
								"east": {"uv": [19, 2], "uv_size": [3, 1]},
								"south": {"uv": [3, 25], "uv_size": [1, 1]},
								"west": {"uv": [19, 3], "uv_size": [3, 1]},
								"up": {"uv": [19, 4], "uv_size": [1, 3]},
								"down": {"uv": [19, 10], "uv_size": [1, -3]}
							}
						}
					]
				},
				{
					"name": "bone3",
					"parent": "beak",
					"pivot": [0.05, 13.10256, 0.49071],
					"cubes": [
						{
							"origin": [-0.65, 12.70256, -0.95929],
							"size": [1.3, 0.4, 2.5],
							"inflate": -0.001,
							"uv": {
								"north": {"uv": [6, 25], "uv_size": [1, 1]},
								"east": {"uv": [19, 10], "uv_size": [3, 1]},
								"south": {"uv": [7, 25], "uv_size": [1, 1]},
								"west": {"uv": [19, 11], "uv_size": [3, 1]},
								"up": {"uv": [0, 20], "uv_size": [1, 3]},
								"down": {"uv": [1, 23], "uv_size": [1, -3]}
							}
						}
					]
				},
				{
					"name": "wing1",
					"parent": "bodylol",
					"pivot": [0.54685, 9.21564, 1.81842],
					"rotation": [0, 0, -25],
					"cubes": [
						{
							"origin": [-0.45315, 8.68949, 0.76842],
							"size": [2, 0.5, 2],
							"inflate": 0.01,
							"uv": {
								"north": {"uv": [13, 12], "uv_size": [2, 1]},
								"east": {"uv": [19, 12], "uv_size": [2, 1]},
								"south": {"uv": [19, 13], "uv_size": [2, 1]},
								"west": {"uv": [2, 17], "uv_size": [2, 1]},
								"up": {"uv": [11, 11], "uv_size": [2, 2]},
								"down": {"uv": [0, 14], "uv_size": [2, -2]}
							}
						}
					]
				},
				{
					"name": "wing2",
					"parent": "wing1",
					"pivot": [1.54685, 9.21564, 1.81842],
					"rotation": [0, 0, 22.5],
					"cubes": [
						{
							"origin": [1.54685, 8.68949, 0.76842],
							"size": [1, 0.5, 2],
							"uv": {
								"north": {"uv": [8, 25], "uv_size": [1, 1]},
								"east": {"uv": [4, 20], "uv_size": [2, 1]},
								"south": {"uv": [9, 25], "uv_size": [1, 1]},
								"west": {"uv": [6, 20], "uv_size": [2, 1]},
								"up": {"uv": [10, 12], "uv_size": [1, 2]},
								"down": {"uv": [8, 22], "uv_size": [1, -2]}
							}
						}
					]
				},
				{
					"name": "wing3",
					"parent": "wing2",
					"pivot": [2.54685, 9.21564, 1.81842],
					"rotation": [0, 0, 30],
					"cubes": [
						{
							"origin": [2.54685, 8.68949, 0.76842],
							"size": [1, 0.5, 2],
							"inflate": 0.01,
							"uv": {
								"north": {"uv": [10, 25], "uv_size": [1, 1]},
								"east": {"uv": [6, 17], "uv_size": [2, 1]},
								"south": {"uv": [11, 25], "uv_size": [1, 1]},
								"west": {"uv": [16, 16], "uv_size": [2, 1]},
								"up": {"uv": [11, 20], "uv_size": [1, 2]},
								"down": {"uv": [18, 22], "uv_size": [1, -2]}
							}
						}
					]
				},
				{
					"name": "wing4",
					"parent": "wing3",
					"pivot": [3.54685, 9.21564, 1.81842],
					"rotation": [0, 0, 37.5],
					"cubes": [
						{
							"origin": [3.54685, 8.68949, 0.76842],
							"size": [1, 0.5, 2],
							"uv": {
								"north": {"uv": [13, 25], "uv_size": [1, 1]},
								"east": {"uv": [19, 20], "uv_size": [2, 1]},
								"south": {"uv": [14, 25], "uv_size": [1, 1]},
								"west": {"uv": [20, 4], "uv_size": [2, 1]},
								"up": {"uv": [20, 5], "uv_size": [1, 2]},
								"down": {"uv": [20, 9], "uv_size": [1, -2]}
							}
						}
					]
				},
				{
					"name": "wing5",
					"parent": "wing4",
					"pivot": [4.54685, 9.21564, 1.81842],
					"rotation": [0, 0, 15],
					"cubes": [
						{
							"origin": [4.54685, 8.68949, 0.76842],
							"size": [2, 0.5, 2],
							"inflate": 0.01,
							"uv": {
								"north": {"uv": [20, 9], "uv_size": [2, 1]},
								"east": {"uv": [17, 17], "uv_size": [2, 1]},
								"south": {"uv": [20, 15], "uv_size": [2, 1]},
								"west": {"uv": [20, 16], "uv_size": [2, 1]},
								"up": {"uv": [18, 16], "uv_size": [2, 2]},
								"down": {"uv": [14, 19], "uv_size": [2, -2]}
							}
						}
					]
				},
				{
					"name": "wing6",
					"parent": "wing5",
					"pivot": [6.54685, 9.21564, 1.81842],
					"rotation": [0, 0, 15],
					"cubes": [
						{
							"origin": [6.54685, 8.68949, 0.76842],
							"size": [2, 0.5, 2],
							"uv": {
								"north": {"uv": [20, 17], "uv_size": [2, 1]},
								"east": {"uv": [20, 18], "uv_size": [2, 1]},
								"south": {"uv": [20, 19], "uv_size": [2, 1]},
								"west": {"uv": [2, 21], "uv_size": [2, 1]},
								"up": {"uv": [17, 0], "uv_size": [2, 2]},
								"down": {"uv": [17, 4], "uv_size": [2, -2]}
							}
						}
					]
				},
				{
					"name": "wing7",
					"parent": "wing6",
					"pivot": [8.54685, 9.21564, 1.81842],
					"rotation": [0, 0, 15],
					"cubes": [
						{
							"origin": [8.54685, 8.93949, 1.01842],
							"size": [1, 0.25, 1.5],
							"inflate": 0.01,
							"uv": {
								"north": {"uv": [16, 25], "uv_size": [1, 1]},
								"east": {"uv": [5, 17], "uv_size": [2, 1]},
								"south": {"uv": [17, 25], "uv_size": [1, 1]},
								"west": {"uv": [6, 21], "uv_size": [2, 1]},
								"up": {"uv": [9, 21], "uv_size": [1, 2]},
								"down": {"uv": [10, 23], "uv_size": [1, -2]}
							}
						}
					]
				},
				{
					"name": "wing8",
					"parent": "bodylol",
					"pivot": [0.04685, 9.41488, 2.58585],
					"rotation": [90, -65, -90],
					"cubes": [
						{
							"origin": [-0.95315, 8.88873, 1.53585],
							"size": [2, 0.5, 2],
							"inflate": 0.01,
							"uv": {
								"north": {"uv": [22, 7], "uv_size": [2, 1]},
								"east": {"uv": [22, 8], "uv_size": [2, 1]},
								"south": {"uv": [22, 9], "uv_size": [2, 1]},
								"west": {"uv": [20, 6], "uv_size": [2, 1]},
								"up": {"uv": [2, 18], "uv_size": [2, 2]},
								"down": {"uv": [4, 20], "uv_size": [2, -2]}
							}
						}
					]
				},
				{
					"name": "wing15",
					"parent": "wing8",
					"pivot": [1.04685, 9.41488, 2.58585],
					"rotation": [0, 0, 22.5],
					"cubes": [
						{
							"origin": [1.04685, 8.88873, 1.53585],
							"size": [1, 0.5, 2],
							"uv": {
								"north": {"uv": [25, 5], "uv_size": [1, 1]},
								"east": {"uv": [22, 11], "uv_size": [2, 1]},
								"south": {"uv": [25, 6], "uv_size": [1, 1]},
								"west": {"uv": [22, 14], "uv_size": [2, 1]},
								"up": {"uv": [22, 15], "uv_size": [1, 2]},
								"down": {"uv": [22, 19], "uv_size": [1, -2]}
							}
						}
					]
				},
				{
					"name": "wing16",
					"parent": "wing15",
					"pivot": [2.04685, 9.41488, 2.58585],
					"rotation": [0, 0, 30],
					"cubes": [
						{
							"origin": [2.04685, 8.88873, 1.53585],
							"size": [1, 0.5, 2],
							"inflate": 0.01,
							"uv": {
								"north": {"uv": [25, 12], "uv_size": [1, 1]},
								"east": {"uv": [22, 19], "uv_size": [2, 1]},
								"south": {"uv": [25, 13], "uv_size": [1, 1]},
								"west": {"uv": [5, 17], "uv_size": [2, 1]},
								"up": {"uv": [6, 23], "uv_size": [1, 2]},
								"down": {"uv": [7, 25], "uv_size": [1, -2]}
							}
						}
					]
				},
				{
					"name": "wing17",
					"parent": "wing16",
					"pivot": [3.04685, 9.41488, 2.58585],
					"rotation": [0, 0, 37.5],
					"cubes": [
						{
							"origin": [3.04685, 8.88873, 1.53585],
							"size": [1, 0.5, 2],
							"uv": {
								"north": {"uv": [25, 14], "uv_size": [1, 1]},
								"east": {"uv": [9, 23], "uv_size": [2, 1]},
								"south": {"uv": [25, 15], "uv_size": [1, 1]},
								"west": {"uv": [11, 23], "uv_size": [2, 1]},
								"up": {"uv": [13, 23], "uv_size": [1, 2]},
								"down": {"uv": [14, 25], "uv_size": [1, -2]}
							}
						}
					]
				},
				{
					"name": "wing18",
					"parent": "wing17",
					"pivot": [4.04685, 9.41488, 2.58585],
					"rotation": [0, 0, 15],
					"cubes": [
						{
							"origin": [4.04685, 8.88873, 1.53585],
							"size": [2, 0.5, 2],
							"inflate": 0.01,
							"uv": {
								"north": {"uv": [15, 23], "uv_size": [2, 1]},
								"east": {"uv": [17, 23], "uv_size": [2, 1]},
								"south": {"uv": [19, 23], "uv_size": [2, 1]},
								"west": {"uv": [21, 23], "uv_size": [2, 1]},
								"up": {"uv": [6, 18], "uv_size": [2, 2]},
								"down": {"uv": [8, 20], "uv_size": [2, -2]}
							}
						}
					]
				},
				{
					"name": "wing19",
					"parent": "wing18",
					"pivot": [6.04685, 9.41488, 2.58585],
					"rotation": [0, 0, 15],
					"cubes": [
						{
							"origin": [6.04685, 8.88873, 1.53585],
							"size": [2, 0.5, 2],
							"uv": {
								"north": {"uv": [23, 23], "uv_size": [2, 1]},
								"east": {"uv": [23, 0], "uv_size": [2, 1]},
								"south": {"uv": [23, 1], "uv_size": [2, 1]},
								"west": {"uv": [23, 5], "uv_size": [2, 1]},
								"up": {"uv": [10, 18], "uv_size": [2, 2]},
								"down": {"uv": [16, 20], "uv_size": [2, -2]}
							}
						}
					]
				},
				{
					"name": "wing20",
					"parent": "wing19",
					"pivot": [8.04685, 9.41488, 2.58585],
					"rotation": [0, 0, 15],
					"cubes": [
						{
							"origin": [8.04685, 9.13873, 1.78585],
							"size": [1, 0.25, 1.5],
							"inflate": 0.01,
							"uv": {
								"north": {"uv": [25, 16], "uv_size": [1, 1]},
								"east": {"uv": [23, 6], "uv_size": [2, 1]},
								"south": {"uv": [25, 17], "uv_size": [1, 1]},
								"west": {"uv": [23, 12], "uv_size": [2, 1]},
								"up": {"uv": [23, 15], "uv_size": [1, 2]},
								"down": {"uv": [23, 19], "uv_size": [1, -2]}
							}
						}
					]
				},
				{
					"name": "wing21",
					"parent": "bodylol",
					"pivot": [0.04685, 9.21564, 0.96842],
					"rotation": [-90, 45, -90],
					"cubes": [
						{
							"origin": [-0.95315, 8.68949, -0.08158],
							"size": [2, 0.5, 2],
							"uv": {
								"north": {"uv": [23, 13], "uv_size": [2, 1]},
								"east": {"uv": [23, 20], "uv_size": [2, 1]},
								"south": {"uv": [23, 21], "uv_size": [2, 1]},
								"west": {"uv": [23, 22], "uv_size": [2, 1]},
								"up": {"uv": [18, 18], "uv_size": [2, 2]},
								"down": {"uv": [18, 16], "uv_size": [2, -2]}
							}
						}
					]
				},
				{
					"name": "wing22",
					"parent": "wing21",
					"pivot": [1.04685, 9.21564, 0.96842],
					"rotation": [0, 0, 22.5],
					"cubes": [
						{
							"origin": [1.04685, 8.68949, -0.08158],
							"size": [1, 0.5, 2],
							"inflate": 0.011,
							"uv": {
								"north": {"uv": [25, 18], "uv_size": [1, 1]},
								"east": {"uv": [0, 24], "uv_size": [2, 1]},
								"south": {"uv": [25, 19], "uv_size": [1, 1]},
								"west": {"uv": [2, 26], "uv_size": [2, 1]},
								"up": {"uv": [4, 24], "uv_size": [1, 2]},
								"down": {"uv": [5, 26], "uv_size": [1, -2]}
							}
						}
					]
				},
				{
					"name": "wing23",
					"parent": "wing22",
					"pivot": [2.04685, 9.21564, 0.96842],
					"rotation": [0, 0, 30],
					"cubes": [
						{
							"origin": [2.04685, 8.68949, -0.08158],
							"size": [1, 0.5, 2],
							"uv": {
								"north": {"uv": [25, 20], "uv_size": [1, 1]},
								"east": {"uv": [8, 24], "uv_size": [2, 1]},
								"south": {"uv": [25, 21], "uv_size": [1, 1]},
								"west": {"uv": [10, 24], "uv_size": [2, 1]},
								"up": {"uv": [12, 24], "uv_size": [1, 2]},
								"down": {"uv": [15, 26], "uv_size": [1, -2]}
							}
						}
					]
				},
				{
					"name": "wing24",
					"parent": "wing23",
					"pivot": [3.04685, 9.21564, 0.96842],
					"rotation": [0, 0, 37.5],
					"cubes": [
						{
							"origin": [3.04685, 8.68949, -0.08158],
							"size": [1, 0.5, 2],
							"inflate": 0.01,
							"uv": {
								"north": {"uv": [25, 22], "uv_size": [1, 1]},
								"east": {"uv": [17, 16], "uv_size": [2, 1]},
								"south": {"uv": [25, 23], "uv_size": [1, 1]},
								"west": {"uv": [12, 18], "uv_size": [2, 1]},
								"up": {"uv": [20, 24], "uv_size": [1, 2]},
								"down": {"uv": [21, 26], "uv_size": [1, -2]}
							}
						}
					]
				},
				{
					"name": "wing25",
					"parent": "wing24",
					"pivot": [4.04685, 9.21564, 0.96842],
					"rotation": [0, 0, 15],
					"cubes": [
						{
							"origin": [4.04685, 8.68949, -0.08158],
							"size": [2, 0.5, 2],
							"uv": {
								"north": {"uv": [22, 24], "uv_size": [2, 1]},
								"east": {"uv": [24, 24], "uv_size": [2, 1]},
								"south": {"uv": [24, 2], "uv_size": [2, 1]},
								"west": {"uv": [24, 3], "uv_size": [2, 1]},
								"up": {"uv": [18, 16], "uv_size": [2, 2]},
								"down": {"uv": [12, 21], "uv_size": [2, -2]}
							}
						}
					]
				},
				{
					"name": "wing26",
					"parent": "wing25",
					"pivot": [6.04685, 9.21564, 0.96842],
					"rotation": [0, 0, 15],
					"cubes": [
						{
							"origin": [6.04685, 8.68949, -0.08158],
							"size": [2, 0.5, 2],
							"inflate": 0.01,
							"uv": {
								"north": {"uv": [24, 4], "uv_size": [2, 1]},
								"east": {"uv": [16, 9], "uv_size": [2, 1]},
								"south": {"uv": [24, 8], "uv_size": [2, 1]},
								"west": {"uv": [13, 3], "uv_size": [2, 1]},
								"up": {"uv": [14, 19], "uv_size": [2, 2]},
								"down": {"uv": [19, 2], "uv_size": [2, -2]}
							}
						}
					]
				},
				{
					"name": "wing27",
					"parent": "wing26",
					"pivot": [8.04685, 9.21564, 0.96842],
					"rotation": [0, 0, 15],
					"cubes": [
						{
							"origin": [8.04685, 8.93949, 0.16842],
							"size": [1, 0.25, 1.5],
							"uv": {
								"north": {"uv": [0, 26], "uv_size": [1, 1]},
								"east": {"uv": [24, 10], "uv_size": [2, 1]},
								"south": {"uv": [1, 26], "uv_size": [1, 1]},
								"west": {"uv": [24, 11], "uv_size": [2, 1]},
								"up": {"uv": [24, 14], "uv_size": [1, 2]},
								"down": {"uv": [24, 18], "uv_size": [1, -2]}
							}
						}
					]
				},
				{
					"name": "wing0",
					"parent": "bodylol",
					"pivot": [-0.55315, 9.21564, 1.81842],
					"rotation": [-180, 0, -155],
					"cubes": [
						{
							"origin": [-1.55315, 8.68949, 0.76842],
							"size": [2, 0.5, 2],
							"uv": {
								"north": {"uv": [12, 21], "uv_size": [2, 1]},
								"east": {"uv": [14, 21], "uv_size": [2, 1]},
								"south": {"uv": [16, 21], "uv_size": [2, 1]},
								"west": {"uv": [19, 21], "uv_size": [2, 1]},
								"up": {"uv": [17, 4], "uv_size": [2, 2]},
								"down": {"uv": [17, 8], "uv_size": [2, -2]}
							}
						}
					]
				},
				{
					"name": "wing9",
					"parent": "wing0",
					"pivot": [0.44685, 9.21564, 1.81842],
					"rotation": [0, 0, 22.5],
					"cubes": [
						{
							"origin": [0.44685, 8.68949, 0.76842],
							"size": [1, 0.5, 2],
							"inflate": 0.01,
							"uv": {
								"north": {"uv": [18, 25], "uv_size": [1, 1]},
								"east": {"uv": [21, 21], "uv_size": [2, 1]},
								"south": {"uv": [22, 24], "uv_size": [1, 1]},
								"west": {"uv": [15, 5], "uv_size": [2, 1]},
								"up": {"uv": [21, 5], "uv_size": [1, 2]},
								"down": {"uv": [21, 9], "uv_size": [1, -2]}
							}
						}
					]
				},
				{
					"name": "wing10",
					"parent": "wing9",
					"pivot": [1.44685, 9.21564, 1.81842],
					"rotation": [0, 0, 30],
					"cubes": [
						{
							"origin": [1.44685, 8.68949, 0.76842],
							"size": [1, 0.5, 2],
							"uv": {
								"north": {"uv": [22, 25], "uv_size": [1, 1]},
								"east": {"uv": [21, 1], "uv_size": [2, 1]},
								"south": {"uv": [23, 25], "uv_size": [1, 1]},
								"west": {"uv": [15, 3], "uv_size": [2, 1]},
								"up": {"uv": [2, 22], "uv_size": [1, 2]},
								"down": {"uv": [3, 24], "uv_size": [1, -2]}
							}
						}
					]
				},
				{
					"name": "wing11",
					"parent": "wing10",
					"pivot": [2.44685, 9.21564, 1.81842],
					"rotation": [0, 0, 37.5],
					"cubes": [
						{
							"origin": [2.44685, 8.68949, 0.76842],
							"size": [1, 0.5, 2],
							"uv": {
								"north": {"uv": [24, 25], "uv_size": [1, 1]},
								"east": {"uv": [16, 8], "uv_size": [2, 1]},
								"south": {"uv": [25, 25], "uv_size": [1, 1]},
								"west": {"uv": [21, 20], "uv_size": [2, 1]},
								"up": {"uv": [4, 22], "uv_size": [1, 2]},
								"down": {"uv": [5, 24], "uv_size": [1, -2]}
							}
						}
					]
				},
				{
					"name": "wing12",
					"parent": "wing11",
					"pivot": [3.44685, 9.21564, 1.81842],
					"rotation": [0, 0, 15],
					"cubes": [
						{
							"origin": [3.44685, 8.68949, 0.76842],
							"size": [2, 0.5, 2],
							"inflate": 0.01,
							"uv": {
								"north": {"uv": [6, 22], "uv_size": [2, 1]},
								"east": {"uv": [4, 17], "uv_size": [2, 1]},
								"south": {"uv": [13, 22], "uv_size": [2, 1]},
								"west": {"uv": [15, 22], "uv_size": [2, 1]},
								"up": {"uv": [17, 8], "uv_size": [2, 2]},
								"down": {"uv": [17, 12], "uv_size": [2, -2]}
							}
						}
					]
				},
				{
					"name": "wing13",
					"parent": "wing12",
					"pivot": [5.44685, 9.21564, 1.81842],
					"rotation": [0, 0, 15],
					"cubes": [
						{
							"origin": [5.44685, 8.68949, 0.76842],
							"size": [2, 0.5, 2],
							"uv": {
								"north": {"uv": [17, 22], "uv_size": [2, 1]},
								"east": {"uv": [19, 22], "uv_size": [2, 1]},
								"south": {"uv": [21, 22], "uv_size": [2, 1]},
								"west": {"uv": [22, 2], "uv_size": [2, 1]},
								"up": {"uv": [17, 12], "uv_size": [2, 2]},
								"down": {"uv": [0, 20], "uv_size": [2, -2]}
							}
						}
					]
				},
				{
					"name": "wing14",
					"parent": "wing13",
					"pivot": [7.44685, 9.21564, 1.81842],
					"rotation": [0, 0, 15],
					"cubes": [
						{
							"origin": [7.44685, 8.93949, 1.01842],
							"size": [1, 0.25, 1.5],
							"inflate": 0.01,
							"uv": {
								"north": {"uv": [25, 0], "uv_size": [1, 1]},
								"east": {"uv": [15, 9], "uv_size": [2, 1]},
								"south": {"uv": [25, 1], "uv_size": [1, 1]},
								"west": {"uv": [22, 4], "uv_size": [2, 1]},
								"up": {"uv": [8, 22], "uv_size": [1, 2]},
								"down": {"uv": [22, 7], "uv_size": [1, -2]}
							}
						}
					]
				},
				{
					"name": "bone10",
					"parent": "bodynolegs",
					"pivot": [0, 5, 6]
				},
				{
					"name": "bone8",
					"parent": "body",
					"pivot": [0, 9, 0],
					"locators": {
						"zee": [0, 9, 0]
					}
				}
			]
		}
	]
}