{
	"format_version": "1.12.0",
	"minecraft:geometry": [
		{
			"description": {
				"identifier": "geometry.billpiranha",
				"texture_width": 32,
				"texture_height": 32,
				"visible_bounds_width": 3,
				"visible_bounds_height": 3,
				"visible_bounds_offset": [0, 0.5, 0]
			},
			"bones": [
				{
					"name": "body",
					"pivot": [0, 3.5, 1]
				},
				{
					"name": "body1",
					"parent": "body",
					"pivot": [0, 4, 3],
					"cubes": [
						{
							"origin": [-2, 0, -4],
							"size": [4, 8, 7],
							"uv": {
								"north": {"uv": [13, 13], "uv_size": [4, 8]},
								"east": {"uv": [2, 0], "uv_size": [7, 8]},
								"south": {"uv": [13, 0], "uv_size": [4, 8]},
								"west": {"uv": [0, 8], "uv_size": [7, 8]},
								"up": {"uv": [9, 12], "uv_size": [4, 6]},
								"down": {"uv": [13, 9], "uv_size": [-4, -6]}
							}
						}
					],
					"locators": {
						"lead": [0, 1, -2]
					}
				},
				{
					"name": "body2",
					"parent": "body1",
					"pivot": [0, 4, 3],
					"cubes": [
						{
							"origin": [-2, 0, 2],
							"size": [4, 8, 4],
							"inflate": -0.01,
							"uv": {
								"north": {"uv": [26, 4], "uv_size": [4, 8]},
								"east": {"uv": [0, 0], "uv_size": [4, 8]},
								"south": {"uv": [13, 0], "uv_size": [4, 8]},
								"west": {"uv": [5, 8], "uv_size": [4, 8]},
								"up": {"uv": [9, 9], "uv_size": [4, 4]},
								"down": {"uv": [13, 4], "uv_size": [-4, -4]}
							}
						}
					]
				},
				{
					"name": "tail",
					"parent": "body2",
					"pivot": [0, 4, 6],
					"cubes": [
						{
							"origin": [-1.5, 0.5, 5],
							"size": [3, 7, 2],
							"uv": {
								"north": {"uv": [8, 18], "uv_size": [3, 7]},
								"east": {"uv": [14, 21], "uv_size": [1, 7]},
								"south": {"uv": [19, 4], "uv_size": [3, 7]},
								"west": {"uv": [15, 21], "uv_size": [1, 7]},
								"up": {"uv": [24, 25], "uv_size": [3, 1]},
								"down": {"uv": [28, 18], "uv_size": [-3, -1]}
							}
						}
					]
				},
				{
					"name": "tail1",
					"parent": "tail",
					"pivot": [0, 4, 7],
					"cubes": [
						{
							"origin": [-0.5, 4, 6],
							"size": [1, 1.75, 5.5],
							"inflate": 0.005,
							"pivot": [0, 4, 7],
							"rotation": [35, 0, 0],
							"uv": {
								"north": {"uv": [0, 0], "uv_size": [1, 2]},
								"east": {"uv": [0, 0], "uv_size": [7, 2]},
								"south": {"uv": [0, 0], "uv_size": [1, 2]},
								"west": {"uv": [0, 0], "uv_size": [7, 2]},
								"up": {"uv": [9, 7], "uv_size": [-1, -7]},
								"down": {"uv": [0, 7], "uv_size": [1, -7]}
							}
						},
						{
							"origin": [-0.5, 2.25, 6],
							"size": [1, 1.75, 5.5],
							"pivot": [0, 4, 7],
							"rotation": [-35, 0, 0],
							"uv": {
								"north": {"uv": [0, 0], "uv_size": [1, 2]},
								"east": {"uv": [0, 0], "uv_size": [7, 2]},
								"south": {"uv": [0, 0], "uv_size": [1, 2]},
								"west": {"uv": [0, 0], "uv_size": [7, 2]},
								"up": {"uv": [9, 7], "uv_size": [-1, -7]},
								"down": {"uv": [0, 7], "uv_size": [1, -7]}
							}
						}
					]
				},
				{
					"name": "head",
					"parent": "body1",
					"pivot": [0, 13.425, -1.225],
					"cubes": [
						{
							"origin": [-2, 1.7, -4],
							"size": [4, 6.3, 3.1],
							"inflate": -0.005,
							"pivot": [0, 8, -4],
							"rotation": [-26, 0, 0],
							"uv": {
								"north": {"uv": [4, 16], "uv_size": [4, 6]},
								"east": {"uv": [19, 11], "uv_size": [3, 6]},
								"south": {"uv": [17, 17], "uv_size": [4, 6]},
								"west": {"uv": [11, 21], "uv_size": [3, 6]},
								"up": {"uv": [21, 21], "uv_size": [4, 3]},
								"down": {"uv": [25, 20], "uv_size": [-4, -3]}
							}
						}
					]
				},
				{
					"name": "bone9",
					"parent": "head",
					"pivot": [0, 8, -4]
				},
				{
					"name": "jaw",
					"parent": "body1",
					"pivot": [0, 1, -4],
					"cubes": [
						{
							"origin": [-2, 0, -6.6],
							"size": [4, 1, 2.6],
							"uv": {
								"north": {"uv": [23, 0], "uv_size": [4, 1]},
								"east": {"uv": [18, 23], "uv_size": [3, 1]},
								"south": {"uv": [13, 20], "uv_size": [4, 1]},
								"west": {"uv": [0, 24], "uv_size": [3, 1]},
								"up": {"uv": [4, 22], "uv_size": [4, 3]},
								"down": {"uv": [26, 7], "uv_size": [-4, -3]}
							}
						}
					]
				},
				{
					"name": "topfin",
					"parent": "body1",
					"pivot": [0, 6.95, 0.3],
					"rotation": [-15, 0, 0],
					"cubes": [
						{
							"origin": [-0.25, 4.95, -2.7],
							"size": [0.5, 5.5, 6],
							"uv": {
								"north": {"uv": [17, 0], "uv_size": [0.5, 6]},
								"east": {"uv": [16, 0], "uv_size": [6, 6]},
								"south": {"uv": [17, 12], "uv_size": [1, 4]},
								"west": {"uv": [15, 0], "uv_size": [6, 6]},
								"up": {"uv": [16, 21], "uv_size": [1, 6]},
								"down": {"uv": [18, 29], "uv_size": [-1, -6]}
							}
						}
					]
				},
				{
					"name": "leftfin",
					"parent": "body1",
					"pivot": [2, 0.75, -2],
					"rotation": [0, 0, 20],
					"cubes": [
						{
							"origin": [1.5, 0.5, -2.5],
							"size": [2.5, 0.5, 1],
							"uv": {
								"north": {"uv": [18, 24], "uv_size": [3, 1]},
								"east": {"uv": [8, 16], "uv_size": [1, 1]},
								"south": {"uv": [21, 24], "uv_size": [3, 1]},
								"west": {"uv": [8, 17], "uv_size": [1, 1]},
								"up": {"uv": [24, 24], "uv_size": [3, 1]},
								"down": {"uv": [3, 26], "uv_size": [-3, -1]}
							}
						}
					]
				},
				{
					"name": "rightfin",
					"parent": "body1",
					"pivot": [-2, 0.75, -2],
					"rotation": [0, 180, -20],
					"cubes": [
						{
							"origin": [-2.25, 0.5, -2.5],
							"size": [2.25, 0.5, 1],
							"uv": {
								"north": {"uv": [3, 25], "uv_size": [3, 1]},
								"east": {"uv": [18, 4], "uv_size": [1, 1]},
								"south": {"uv": [6, 25], "uv_size": [3, 1]},
								"west": {"uv": [18, 5], "uv_size": [1, 1]},
								"up": {"uv": [18, 25], "uv_size": [3, 1]},
								"down": {"uv": [24, 26], "uv_size": [-3, -1]}
							}
						}
					]
				},
				{
					"name": "eyes",
					"parent": "body1",
					"pivot": [0, 0, 0],
					"cubes": [
						{
							"origin": [-2, 3, -5],
							"size": [4, 1, 2],
							"inflate": 0.005,
							"uv": {
								"north": {"uv": [11, 18], "uv_size": [2, 1]},
								"east": {"uv": [17, 16], "uv_size": [2, 1]},
								"south": {"uv": [11, 18], "uv_size": [2, 1]},
								"west": {"uv": [11, 18], "uv_size": [2, 1]},
								"up": {"uv": [13, 19], "uv_size": [-2, -1]},
								"down": {"uv": [11, 19], "uv_size": [2, -1]}
							}
						}
					]
				}
			]
		}
	]
}