{
	"format_version": "1.12.0",
	"minecraft:geometry": [
		{
			"description": {
				"identifier": "geometry.br1",
				"texture_width": 64,
				"texture_height": 64,
				"visible_bounds_width": 2,
				"visible_bounds_height": 1,
				"visible_bounds_offset": [0, 0.5, 0]
			},
			"bones": [
				{
					"name": "hexadecagon",
					"pivot": [0, 0.6, 0],
					"cubes": [
						{
							"origin": [-1.5913, 0.1, -8],
							"size": [3.1826, 1, 16],
							"inflate": 0.03,
							"pivot": [0, 0.6, 0],
							"rotation": [0, 45, 0],
							"uv": {
								"north": {"uv": [0, 0], "uv_size": [4, 4]},
								"east": {"uv": [0, 0], "uv_size": [4, 4]},
								"south": {"uv": [0, 0], "uv_size": [4, 4]},
								"west": {"uv": [0, 0], "uv_size": [4, 4]},
								"up": {"uv": [4, 4], "uv_size": [-4, -4]},
								"down": {"uv": [0, 0], "uv_size": [4, 4]}
							}
						},
						{
							"origin": [-1.5913, 0.1, -8],
							"size": [3.1826, 1, 16],
							"inflate": 0.04,
							"pivot": [0, 0.6, 0],
							"rotation": [0, 22.5, 0],
							"uv": {
								"north": {"uv": [0, 0], "uv_size": [4, 4]},
								"east": {"uv": [0, 0], "uv_size": [4, 4]},
								"south": {"uv": [0, 0], "uv_size": [4, 4]},
								"west": {"uv": [0, 0], "uv_size": [4, 4]},
								"up": {"uv": [4, 4], "uv_size": [-4, -4]},
								"down": {"uv": [0, 0], "uv_size": [4, 4]}
							}
						},
						{
							"origin": [-1.5913, 0.1, -8],
							"size": [3.1826, 1, 16],
							"inflate": 0.05,
							"uv": {
								"north": {"uv": [0, 0], "uv_size": [4, 4]},
								"east": {"uv": [0, 0], "uv_size": [4, 4]},
								"south": {"uv": [0, 0], "uv_size": [4, 4]},
								"west": {"uv": [0, 0], "uv_size": [4, 4]},
								"up": {"uv": [4, 4], "uv_size": [-4, -4]},
								"down": {"uv": [0, 0], "uv_size": [4, 4]}
							}
						},
						{
							"origin": [-1.5913, 0.1, -8],
							"size": [3.1826, 1, 16],
							"inflate": -0.01,
							"pivot": [0, 0.6, 0],
							"rotation": [0, -22.5, 0],
							"uv": {
								"north": {"uv": [0, 0], "uv_size": [4, 4]},
								"east": {"uv": [0, 0], "uv_size": [4, 4]},
								"south": {"uv": [0, 0], "uv_size": [4, 4]},
								"west": {"uv": [0, 0], "uv_size": [4, 4]},
								"up": {"uv": [4, 4], "uv_size": [-4, -4]},
								"down": {"uv": [0, 0], "uv_size": [4, 4]}
							}
						},
						{
							"origin": [-1.5913, 0.1, -8],
							"size": [3.1826, 1, 16],
							"pivot": [0, 0.6, 0],
							"rotation": [0, -45, 0],
							"uv": {
								"north": {"uv": [0, 0], "uv_size": [4, 4]},
								"east": {"uv": [0, 0], "uv_size": [4, 4]},
								"south": {"uv": [0, 0], "uv_size": [4, 4]},
								"west": {"uv": [0, 0], "uv_size": [4, 4]},
								"up": {"uv": [4, 4], "uv_size": [-4, -4]},
								"down": {"uv": [0, 0], "uv_size": [4, 4]}
							}
						},
						{
							"origin": [-8, 0.1, -1.5913],
							"size": [16, 1, 3.1826],
							"inflate": -0.01,
							"pivot": [0, 0.6, 0],
							"rotation": [0, 22.5, 0],
							"uv": {
								"north": {"uv": [0, 0], "uv_size": [4, 4]},
								"east": {"uv": [0, 0], "uv_size": [4, 4]},
								"south": {"uv": [0, 0], "uv_size": [4, 4]},
								"west": {"uv": [0, 0], "uv_size": [4, 4]},
								"up": {"uv": [4, 4], "uv_size": [-4, -4]},
								"down": {"uv": [0, 0], "uv_size": [4, 4]}
							}
						},
						{
							"origin": [-8, 0.1, -1.5913],
							"size": [16, 1, 3.1826],
							"inflate": 0.01,
							"uv": {
								"north": {"uv": [0, 0], "uv_size": [4, 4]},
								"east": {"uv": [0, 0], "uv_size": [4, 4]},
								"south": {"uv": [0, 0], "uv_size": [4, 4]},
								"west": {"uv": [0, 0], "uv_size": [4, 4]},
								"up": {"uv": [4, 4], "uv_size": [-4, -4]},
								"down": {"uv": [0, 0], "uv_size": [4, 4]}
							}
						},
						{
							"origin": [-8, 0.1, -1.5913],
							"size": [16, 1, 3.1826],
							"inflate": 0.02,
							"pivot": [0, 0.6, 0],
							"rotation": [0, -22.5, 0],
							"uv": {
								"north": {"uv": [0, 0], "uv_size": [4, 4]},
								"east": {"uv": [0, 0], "uv_size": [4, 4]},
								"south": {"uv": [0, 0], "uv_size": [4, 4]},
								"west": {"uv": [0, 0], "uv_size": [4, 4]},
								"up": {"uv": [4, 4], "uv_size": [-4, -4]},
								"down": {"uv": [0, 0], "uv_size": [4, 4]}
							}
						}
					]
				}
			]
		}
	]
}