{
	"format_version": "1.12.0",
	"minecraft:geometry": [
		{
			"description": {
				"identifier": "geometry.br2",
				"texture_width": 64,
				"texture_height": 64,
				"visible_bounds_width": 2,
				"visible_bounds_height": 1,
				"visible_bounds_offset": [0, 0.5, 0]
			},
			"bones": [
				{
					"name": "hexadecagon",
					"pivot": [0, 0.6, 0],
					"cubes": [
						{
							"origin": [-1.5913, 0.1, -8],
							"size": [3.1826, 1, 16],
							"inflate": 0.01,
							"pivot": [0, 0.6, 0],
							"rotation": [0, 45, 0],
							"uv": {
								"north": {"uv": [16, 50], "uv_size": [3, 1]},
								"east": {"uv": [0, 50], "uv_size": [16, 1]},
								"south": {"uv": [35, 50], "uv_size": [3, 1]},
								"west": {"uv": [19, 50], "uv_size": [16, 1]},
								"up": {"uv": [16, 34], "uv_size": [3, 16]},
								"down": {"uv": [22, 34], "uv_size": [-3, 16]}
							}
						},
						{
							"origin": [-1.5913, 0.1, -8],
							"size": [3.1826, 1, 16],
							"pivot": [0, 0.6, 0],
							"rotation": [0, 22.5, 0],
							"uv": {
								"north": {"uv": [38, 17], "uv_size": [3, 1]},
								"east": {"uv": [22, 17], "uv_size": [16, 1]},
								"south": {"uv": [57, 17], "uv_size": [3, 1]},
								"west": {"uv": [41, 17], "uv_size": [16, 1]},
								"up": {"uv": [38, 1], "uv_size": [3, 16]},
								"down": {"uv": [44, 1], "uv_size": [-3, 16]}
							}
						},
						{
							"origin": [-1.5913, 0.1, -8],
							"size": [3.1826, 1, 16],
							"inflate": 0.01,
							"uv": {
								"north": {"uv": [38, 38], "uv_size": [3, 1]},
								"east": {"uv": [22, 38], "uv_size": [16, 1]},
								"south": {"uv": [57, 38], "uv_size": [3, 1]},
								"west": {"uv": [41, 38], "uv_size": [16, 1]},
								"up": {"uv": [38, 22], "uv_size": [3, 16]},
								"down": {"uv": [44, 22], "uv_size": [-3, 16]}
							}
						},
						{
							"origin": [-1.5913, 0.1, -8],
							"size": [3.1826, 1, 16],
							"pivot": [0, 0.6, 0],
							"rotation": [0, -22.5, 0],
							"uv": {
								"north": {"uv": [16, 33], "uv_size": [3, 1]},
								"east": {"uv": [0, 33], "uv_size": [16, 1]},
								"south": {"uv": [35, 33], "uv_size": [3, 1]},
								"west": {"uv": [19, 33], "uv_size": [16, 1]},
								"up": {"uv": [16, 17], "uv_size": [3, 16]},
								"down": {"uv": [22, 17], "uv_size": [-3, 16]}
							}
						},
						{
							"origin": [-1.5913, 0.1, -8],
							"size": [3.1826, 1, 16],
							"inflate": 0.01,
							"pivot": [0, 0.6, 0],
							"rotation": [0, -45, 0],
							"uv": {
								"north": {"uv": [16, 16], "uv_size": [3, 1]},
								"east": {"uv": [0, 16], "uv_size": [16, 1]},
								"south": {"uv": [35, 16], "uv_size": [3, 1]},
								"west": {"uv": [19, 16], "uv_size": [16, 1]},
								"up": {"uv": [16, 0], "uv_size": [3, 16]},
								"down": {"uv": [22, 0], "uv_size": [-3, 16]}
							}
						},
						{
							"origin": [-8, 0.1, -1.5913],
							"size": [16, 1, 3.1826],
							"pivot": [0, 0.6, 0],
							"rotation": [0, 22.5, 0],
							"uv": {
								"north": {"uv": [25, 46], "uv_size": [16, 1]},
								"east": {"uv": [22, 46], "uv_size": [3, 1]},
								"south": {"uv": [44, 46], "uv_size": [16, 1]},
								"west": {"uv": [41, 46], "uv_size": [3, 1]},
								"up": {"uv": [25, 43], "uv_size": [16, 3]},
								"down": {"uv": [57, 43], "uv_size": [-16, 3]}
							}
						},
						{
							"origin": [-8, 0.1, -1.5913],
							"size": [16, 1, 3.1826],
							"inflate": 0.01,
							"uv": {
								"north": {"uv": [25, 42], "uv_size": [16, 1]},
								"east": {"uv": [22, 42], "uv_size": [3, 1]},
								"south": {"uv": [44, 42], "uv_size": [16, 1]},
								"west": {"uv": [41, 42], "uv_size": [3, 1]},
								"up": {"uv": [25, 39], "uv_size": [16, 3]},
								"down": {"uv": [57, 39], "uv_size": [-16, 3]}
							}
						},
						{
							"origin": [-8, 0.1, -1.5913],
							"size": [16, 1, 3.1826],
							"pivot": [0, 0.6, 0],
							"rotation": [0, -22.5, 0],
							"uv": {
								"north": {"uv": [25, 21], "uv_size": [16, 1]},
								"east": {"uv": [22, 21], "uv_size": [3, 1]},
								"south": {"uv": [44, 21], "uv_size": [16, 1]},
								"west": {"uv": [41, 21], "uv_size": [3, 1]},
								"up": {"uv": [25, 18], "uv_size": [16, 3]},
								"down": {"uv": [57, 18], "uv_size": [-16, 3]}
							}
						},
						{
							"origin": [-7, -14.15, 2],
							"size": [1, 14, 1],
							"uv": {
								"north": {"uv": [41, 16], "uv_size": [1, 1]},
								"east": {"uv": [41, 16], "uv_size": [1, 1]},
								"south": {"uv": [41, 16], "uv_size": [1, 1]},
								"west": {"uv": [41, 16], "uv_size": [1, 1]},
								"up": {"uv": [42, 17], "uv_size": [-1, -1]},
								"down": {"uv": [41, 16], "uv_size": [1, 1]}
							}
						},
						{
							"origin": [-3.5, -14.4, 6],
							"size": [1, 14.5, 1],
							"uv": {
								"north": {"uv": [27, 18], "uv_size": [2, 2]},
								"east": {"uv": [27, 18], "uv_size": [2, 2]},
								"south": {"uv": [27, 18], "uv_size": [2, 2]},
								"west": {"uv": [27, 18], "uv_size": [2, 2]},
								"up": {"uv": [29, 20], "uv_size": [-2, -2]},
								"down": {"uv": [27, 18], "uv_size": [2, 2]}
							}
						}
					]
				}
			]
		}
	]
}