{
	"format_version": "1.12.0",
	"minecraft:geometry": [
		{
			"description": {
				"identifier": "geometry.cuteduck",
				"texture_width": 48,
				"texture_height": 48,
				"visible_bounds_width": 2,
				"visible_bounds_height": 2.5,
				"visible_bounds_offset": [0, 0.75, 0]
			},
			"bones": [
				{
					"name": "body",
					"pivot": [0, 5, 1]
				},
				{
					"name": "leg0",
					"parent": "body",
					"pivot": [-2, 3, 1],
					"cubes": [
						{
							"origin": [-3, 0.1, 1],
							"size": [3, 5, 0],
							"uv": {
								"north": {"uv": [27, 3], "uv_size": [3, 5]},
								"east": {"uv": [24, 3], "uv_size": [3, 5]},
								"south": {"uv": [33, 3], "uv_size": [3, 5]},
								"west": {"uv": [30, 3], "uv_size": [3, 5]},
								"up": {"uv": [27, 0], "uv_size": [3, 3]},
								"down": {"uv": [33, 0], "uv_size": [-3, 3]}
							}
						}
					]
				},
				{
					"name": "bone5",
					"parent": "leg0",
					"pivot": [0, 0, 1],
					"cubes": [
						{
							"origin": [-3, 0.1, -2],
							"size": [3, 0, 3],
							"uv": {
								"north": {"uv": [25, 15], "uv_size": [3, 5]},
								"east": {"uv": [22, 15], "uv_size": [3, 5]},
								"south": {"uv": [31, 15], "uv_size": [3, 5]},
								"west": {"uv": [28, 15], "uv_size": [3, 5]},
								"up": {"uv": [25, 12], "uv_size": [3, 3]},
								"down": {"uv": [31, 10.999], "uv_size": [-3, 3]}
							}
						}
					]
				},
				{
					"name": "leg1",
					"parent": "body",
					"pivot": [1, 3, 1],
					"cubes": [
						{
							"origin": [0, 0.1, 1],
							"size": [3, 5, 0],
							"uv": {
								"north": {"uv": [25, 15], "uv_size": [3, 5]},
								"east": {"uv": [22, 15], "uv_size": [3, 5]},
								"south": {"uv": [31, 15], "uv_size": [3, 5]},
								"west": {"uv": [28, 15], "uv_size": [3, 5]},
								"up": {"uv": [25, 12], "uv_size": [3, 3]},
								"down": {"uv": [31, 12], "uv_size": [-3, 3]}
							}
						}
					]
				},
				{
					"name": "bone4",
					"parent": "leg1",
					"pivot": [0, 0, 1],
					"cubes": [
						{
							"origin": [0, 0.1, -2],
							"size": [3, 0, 3],
							"uv": {
								"north": {"uv": [25, 15], "uv_size": [3, 5]},
								"east": {"uv": [22, 15], "uv_size": [3, 5]},
								"south": {"uv": [31, 15], "uv_size": [3, 5]},
								"west": {"uv": [28, 15], "uv_size": [3, 5]},
								"up": {"uv": [25, 12], "uv_size": [3, 3]},
								"down": {"uv": [31, 10.999], "uv_size": [-3, 3]}
							}
						}
					]
				},
				{
					"name": "bone6",
					"parent": "body",
					"pivot": [0, 5, -2]
				},
				{
					"name": "bodynolegs",
					"parent": "bone6",
					"pivot": [0, 5, 1]
				},
				{
					"name": "head",
					"parent": "bodynolegs",
					"pivot": [0, 6.7, -3],
					"cubes": [
						{
							"origin": [-1, 6.40439, -4.27443],
							"size": [2, 4, 2],
							"uv": {
								"north": {"uv": [2.001, 28.002], "uv_size": [1.998, 3.996]},
								"east": {"uv": [0, 28.002], "uv_size": [2.001, 3.996]},
								"south": {"uv": [6, 28.002], "uv_size": [2.001, 3.996]},
								"west": {"uv": [4.002, 28.002], "uv_size": [1.998, 3.996]},
								"up": {"uv": [2, 25], "uv_size": [2, 2]},
								"down": {"uv": [6, 25], "uv_size": [-2, 2]}
							}
						}
					],
					"locators": {
						"lead": [0, 8.75, -3.25]
					}
				},
				{
					"name": "bone2",
					"parent": "head",
					"pivot": [0, 10.75122, -3.21512],
					"cubes": [
						{
							"origin": [-1, 10.15439, -4.27443],
							"size": [2, 1.7, 2],
							"inflate": -0.01,
							"uv": {
								"north": {"uv": [2.001, 27], "uv_size": [1.998, 0.999]},
								"east": {"uv": [0, 27], "uv_size": [2.001, 0.999]},
								"south": {"uv": [6, 27], "uv_size": [2.001, 0.999]},
								"west": {"uv": [4.002, 27], "uv_size": [1.998, 0.999]},
								"up": {"uv": [2, 25], "uv_size": [2, 2]},
								"down": {"uv": [3.999, 24.999], "uv_size": [-2.001, 2.001]}
							}
						}
					]
				},
				{
					"name": "lol",
					"parent": "bone2",
					"pivot": [0, 12.45317, -3.50931]
				},
				{
					"name": "bone7",
					"parent": "lol",
					"pivot": [0, 12.90439, -3.47443],
					"cubes": [
						{
							"origin": [-1, 11.40439, -4.67443],
							"size": [2, 3, 2.4],
							"inflate": 0.05,
							"uv": {
								"north": {"uv": [11, 18], "uv_size": [2, 3]},
								"east": {"uv": [9, 18], "uv_size": [2, 3]},
								"south": {"uv": [15, 18], "uv_size": [2, 3]},
								"west": {"uv": [13, 18], "uv_size": [2, 3]},
								"up": {"uv": [11, 16], "uv_size": [2, 2]},
								"down": {"uv": [15, 16], "uv_size": [-2, 2]}
							}
						}
					]
				},
				{
					"name": "beak",
					"parent": "lol",
					"pivot": [0.1, 5.90195, -3.94419],
					"rotation": [2, 0, 0]
				},
				{
					"name": "bone",
					"parent": "beak",
					"pivot": [0.05, 12.1, -4.50929],
					"cubes": [
						{
							"origin": [-0.65, 12.1, -5.95929],
							"size": [1.3, 0.4, 2.5],
							"inflate": -0.001,
							"uv": {
								"north": {"uv": [2, 3], "uv_size": [1, 1]},
								"east": {"uv": [0, 3], "uv_size": [2, 1]},
								"south": {"uv": [5, 3], "uv_size": [1, 1]},
								"west": {"uv": [3, 3], "uv_size": [2, 1]},
								"up": {"uv": [2, 1], "uv_size": [1, 2]},
								"down": {"uv": [21, 2.001], "uv_size": [-0.999, 1.998]}
							}
						}
					]
				},
				{
					"name": "bone3",
					"parent": "beak",
					"pivot": [0.05, 12.10256, -4.50929],
					"cubes": [
						{
							"origin": [-0.65, 11.70256, -5.95929],
							"size": [1.3, 0.4, 2.5],
							"inflate": -0.001,
							"uv": {
								"north": {"uv": [2, 3], "uv_size": [1, 1]},
								"east": {"uv": [0, 3], "uv_size": [2, 1]},
								"south": {"uv": [5, 3], "uv_size": [1, 1]},
								"west": {"uv": [3, 3], "uv_size": [2, 1]},
								"up": {"uv": [20.001, 3.999], "uv_size": [0.999, 2.001]},
								"down": {"uv": [4, 1], "uv_size": [-1, 2]}
							}
						}
					]
				},
				{
					"name": "bodylol",
					"parent": "bodynolegs",
					"pivot": [0, 6, 0],
					"cubes": [
						{
							"origin": [-3, 2, -3],
							"size": [6, 8, 6],
							"inflate": -0.2,
							"pivot": [0, 6, 0],
							"rotation": [90, 0, 0],
							"uv": {
								"north": {"uv": [6, 7], "uv_size": [6, 8]},
								"east": {"uv": [0, 7], "uv_size": [6, 8]},
								"south": {"uv": [18, 7], "uv_size": [6, 8]},
								"west": {"uv": [12, 7], "uv_size": [6, 8]},
								"up": {"uv": [6, 1], "uv_size": [6, 6]},
								"down": {"uv": [18, 1], "uv_size": [-6, 6]}
							}
						}
					]
				},
				{
					"name": "wing0",
					"parent": "bodynolegs",
					"pivot": [-3, 8.25, 0],
					"cubes": [
						{
							"origin": [-3.8, 4.8, -3],
							"size": [1, 4, 6],
							"uv": {
								"north": {"uv": [20, 21], "uv_size": [1, 4]},
								"east": {"uv": [14, 21], "uv_size": [6, 4]},
								"south": {"uv": [27, 21], "uv_size": [1, 4]},
								"west": {"uv": [21, 21], "uv_size": [6, 4]},
								"up": {"uv": [20, 15], "uv_size": [1, 6]},
								"down": {"uv": [22, 15], "uv_size": [-1, 6]}
							}
						}
					]
				},
				{
					"name": "wing1",
					"parent": "bodynolegs",
					"pivot": [3, 8.25, 0],
					"cubes": [
						{
							"origin": [2.8, 4.8, -3],
							"size": [1, 4, 6],
							"uv": {
								"north": {"uv": [6, 21], "uv_size": [1, 4]},
								"east": {"uv": [0, 21], "uv_size": [6, 4]},
								"south": {"uv": [13, 21], "uv_size": [1, 4]},
								"west": {"uv": [7, 21], "uv_size": [6, 4]},
								"up": {"uv": [6, 15], "uv_size": [1, 6]},
								"down": {"uv": [8, 15], "uv_size": [-1, 6]}
							}
						}
					]
				},
				{
					"name": "bone8",
					"parent": "body",
					"pivot": [0, 9, 0],
					"locators": {
						"zee": [0, 9, 0]
					}
				}
			]
		}
	]
}