{
	"format_version": "1.8.0",
	"geometry.endercat": {
		"texturewidth": 64,
		"textureheight": 64,
		"visible_bounds_width": 5,
		"visible_bounds_height": 2,
		"visible_bounds_offset": [0, 1, 0],
		"bones": [
			{
				"name": "body",
				"pivot": [0, 11, 1],
				"locators": {
					"lead": [0, 11, -7]
				}
			},
			{
				"name": "head",
				"parent": "body",
				"pivot": [0, 12, -9.4],
				"cubes": [
					{"origin": [-2.5, 10, -12], "size": [5, 4, 5], "uv": [0, 0], "inflate": -0.01},
					{"origin": [-1.5, 10.01562, -13], "size": [3, 2, 2], "uv": [0, 24]},
					{"origin": [-2, 14, -9], "size": [1, 1, 2], "uv": [0, 10]},
					{"origin": [1, 14, -9], "size": [1, 1, 2], "uv": [6, 10]},
					{"origin": [-2.5, 10, -12], "size": [5, 4, 5], "uv": [0, 0], "inflate": -0.01}
				]
			},
			{
				"name": "tail1",
				"parent": "body",
				"pivot": [0, 13, 8],
				"rotation": [90, 0, 0],
				"cubes": [
					{"origin": [-0.5, 4.29631, 6.82584], "size": [1, 8, 1], "uv": [52, 15]}
				]
			},
			{
				"name": "tail2",
				"parent": "tail1",
				"pivot": [0, 4.2, 7.5],
				"cubes": [
					{"origin": [-0.5, -3.45369, 6.82584], "size": [1, 8, 1], "uv": [58, 26], "inflate": -0.01}
				]
			},
			{
				"name": "backLegL",
				"parent": "body",
				"pivot": [1.1, 7, 7],
				"cubes": [
					{"origin": [0.1, -0.3, 6], "size": [2, 9, 2], "uv": [38, 5], "inflate": -0.3}
				]
			},
			{
				"name": "backLegR",
				"parent": "body",
				"pivot": [-1.1, 7, 7],
				"cubes": [
					{"origin": [-2.1, -0.3, 6], "size": [2, 8, 2], "uv": [20, 0], "inflate": -0.3}
				]
			},
			{
				"name": "frontLegL",
				"parent": "body",
				"pivot": [1.2, 13.4, -5],
				"cubes": [
					{"origin": [0.2, -0.3, -6], "size": [2, 14, 2], "uv": [31, 17], "inflate": -0.3}
				]
			},
			{
				"name": "frontLegR",
				"parent": "body",
				"pivot": [-1.2, 13.4, -5],
				"cubes": [
					{"origin": [-2, -0.3, -6], "size": [2, 14, 2], "uv": [21, 25], "inflate": -0.3}
				]
			},
			{
				"name": "bodylol",
				"parent": "body",
				"pivot": [0, 10, 1],
				"rotation": [-90, 0, 0],
				"cubes": [
					{"origin": [-2, 2, -2], "size": [4, 16, 6], "uv": [20, 0]}
				]
			}
		]
	},
	"geometry.pigeon": {
		"texturewidth": 48,
		"textureheight": 48,
		"visible_bounds_width": 1,
		"visible_bounds_height": 1,
		"visible_bounds_offset": [0, 0.5, 0],
		"bones": [
			{
				"name": "body_walking",
				"pivot": [0, 5, 0.5],
				"rotation": [-35, 0, 0],
				"cubes": []
			},
			{
				"name": "bodynolegs",
				"parent": "body_walking",
				"pivot": [0, 5, 0.5],
				"cubes": [
					{"origin": [-2, 3, -4], "size": [4, 4, 7], "uv": [0, 1]}
				]
			},
			{
				"name": "wing1",
				"parent": "bodynolegs",
				"pivot": [2.3, 6.5, -0.5],
				"cubes": [
					{"origin": [1.8, 3.2, -3.5], "size": [1, 4, 6], "uv": [16, 6], "inflate": -0.2}
				]
			},
			{
				"name": "tail",
				"parent": "bodynolegs",
				"pivot": [0, 5.3, 3],
				"rotation": [40, 0, 0],
				"cubes": [
					{"origin": [-2, 5, 2.8], "size": [4, 1, 5], "uv": [0, 23], "inflate": -0.1}
				]
			},
			{
				"name": "necc",
				"parent": "bodynolegs",
				"pivot": [0, 5, -4],
				"rotation": [35, 0, 0],
				"cubes": [
					{"origin": [-1.9, 3.4, -5.1], "size": [3.8, 2.7, 2.3], "uv": [6, 29], "inflate": 0.03}
				]
			},
			{
				"name": "head",
				"parent": "necc",
				"pivot": [0, 5.6, -4],
				"cubes": [
					{"origin": [-2, 5.8, -6.3], "size": [4, 4, 4], "uv": [26, 12], "inflate": -0.33}
				]
			},
			{
				"name": "nose",
				"parent": "head",
				"pivot": [0, 7, -6],
				"cubes": [
					{"origin": [-0.6, 6.5, -7.4], "size": [1, 1, 4], "uv": [26, 31], "inflate": -0.05}
				]
			},
			{
				"name": "wing0",
				"parent": "bodynolegs",
				"pivot": [-2.3, 6.5, -0.5],
				"cubes": [
					{"origin": [-2.8, 3.2, -3.5], "size": [1, 4, 6], "uv": [24, 21], "inflate": -0.2}
				]
			},
			{
				"name": "leg0",
				"parent": "body_walking",
				"pivot": [-2, 3, 2.5],
				"rotation": [35, 0, 0],
				"cubes": [
					{"origin": [-2, 1, 2.5], "size": [1, 3, 0], "uv": [2, 1]},
					{"origin": [-2, 1, 1.5], "size": [1, 0, 1], "uv": [1, 0]}
				]
			},
			{
				"name": "leg1",
				"parent": "body_walking",
				"pivot": [-2, 3, 2.5],
				"rotation": [35, 0, 0],
				"cubes": [
					{"origin": [1, 1, 2.5], "size": [1, 3, 0], "uv": [0, 1]},
					{"origin": [1, 1, 1.5], "size": [1, 0, 1], "uv": [3, 2]}
				]
			},
			{
				"name": "body_flying",
				"pivot": [0, 5, 0.5],
				"cubes": [
					{"origin": [-2, 3, -4], "size": [4, 4, 7.1], "uv": [0, 12]}
				]
			},
			{
				"name": "wing0f",
				"parent": "body_flying",
				"pivot": [2.3, 6.5, -0.5],
				"rotation": [0, 0, -90],
				"cubes": [
					{"origin": [1.8, 3.2, -3.5], "size": [1, 4, 6], "uv": [12, 27], "inflate": -0.2}
				]
			},
			{
				"name": "leg0f",
				"parent": "body_flying",
				"pivot": [-2, 3, 2.5],
				"cubes": [
					{"origin": [-2, 2.7, 2.5], "size": [1, 3, 0], "uv": [0, 4]},
					{"origin": [-2, 2.7, 1.5], "size": [1, 0, 1.1], "uv": [3, 0]}
				]
			},
			{
				"name": "leg1f",
				"parent": "body_flying",
				"pivot": [-2, 3, 2.5],
				"cubes": [
					{"origin": [1, 2.7, 2.5], "size": [1, 3, 0], "uv": [2, 4]},
					{"origin": [1, 2.7, 1.5], "size": [1, 0, 1.1], "uv": [3, 1]}
				]
			},
			{
				"name": "tailf",
				"parent": "body_flying",
				"pivot": [0, 5.3, 3],
				"rotation": [-10, 0, 0],
				"cubes": [
					{"origin": [-2, 5, 2.8], "size": [4, 1, 5.1], "uv": [15, 0], "inflate": -0.1}
				]
			},
			{
				"name": "wing1f",
				"parent": "body_flying",
				"pivot": [-2.3, 6.5, -0.5],
				"rotation": [0, 0, 90],
				"cubes": [
					{"origin": [-2.8, 3.2, -3.5], "size": [1, 4, 6], "uv": [16, 17], "inflate": -0.2}
				]
			},
			{
				"name": "neccf",
				"parent": "body_flying",
				"pivot": [0, 5, -4],
				"cubes": [
					{"origin": [-1.9, 3.4, -5.1], "size": [3.8, 2.7, 2.3], "uv": [32, 20], "inflate": 0.03}
				]
			},
			{
				"name": "headf",
				"parent": "neccf",
				"pivot": [0, 6.6, -4],
				"cubes": [
					{"origin": [-2, 5.8, -6.3], "size": [4, 4, 4], "uv": [29, 2], "inflate": -0.33}
				]
			},
			{
				"name": "nosef",
				"parent": "headf",
				"pivot": [0, 7, -6],
				"cubes": [
					{"origin": [-0.6, 6.5, -7.4], "size": [1, 1, 4], "uv": [0, 29], "inflate": -0.05}
				]
			}
		]
	}
}