{
	"format_version": "1.12.0",
	"minecraft:geometry": [
		{
			"description": {
				"identifier": "geometry.fcat",
				"texture_width": 64,
				"texture_height": 32,
				"visible_bounds_width": 3,
				"visible_bounds_height": 2,
				"visible_bounds_offset": [0, 1, 0]
			},
			"bones": [
				{
					"name": "body",
					"pivot": [0, 7, 1],
					"rotation": [20, 0, 0],
					"locators": {
						"lead": [0, 20, -1]
					}
				},
				{
					"name": "head",
					"parent": "body",
					"pivot": [0, 20, -1],
					"rotation": [-20, 0, 0],
					"cubes": [
						{
							"origin": [-2.5, 20, -3],
							"size": [5, 4, 5],
							"uv": {
								"north": {"uv": [5, 5], "uv_size": [5, 4]},
								"east": {"uv": [0, 5], "uv_size": [5, 4]},
								"south": {"uv": [15, 5], "uv_size": [5, 4]},
								"west": {"uv": [10, 5], "uv_size": [5, 4]},
								"up": {"uv": [5, 0], "uv_size": [5, 5]},
								"down": {"uv": [15, 0], "uv_size": [-5, 5]}
							}
						},
						{
							"origin": [-1.5, 20.01562, -4],
							"size": [3, 2, 2],
							"uv": {
								"north": {"uv": [2, 26], "uv_size": [3, 2]},
								"east": {"uv": [0, 26], "uv_size": [2, 2]},
								"south": {"uv": [7, 26], "uv_size": [3, 2]},
								"west": {"uv": [5, 26], "uv_size": [2, 2]},
								"up": {"uv": [2, 24], "uv_size": [3, 2]},
								"down": {"uv": [8, 24], "uv_size": [-3, 2]}
							}
						},
						{
							"origin": [-2, 24, 0],
							"size": [1, 1, 2],
							"uv": {
								"north": {"uv": [2, 12], "uv_size": [1, 1]},
								"east": {"uv": [0, 12], "uv_size": [2, 1]},
								"south": {"uv": [5, 12], "uv_size": [1, 1]},
								"west": {"uv": [3, 12], "uv_size": [2, 1]},
								"up": {"uv": [2, 10], "uv_size": [1, 2]},
								"down": {"uv": [4, 10], "uv_size": [-1, 2]}
							}
						},
						{
							"origin": [1, 24, 0],
							"size": [1, 1, 2],
							"uv": {
								"north": {"uv": [8, 12], "uv_size": [1, 1]},
								"east": {"uv": [6, 12], "uv_size": [2, 1]},
								"south": {"uv": [11, 12], "uv_size": [1, 1]},
								"west": {"uv": [9, 12], "uv_size": [2, 1]},
								"up": {"uv": [8, 10], "uv_size": [1, 2]},
								"down": {"uv": [10, 10], "uv_size": [-1, 2]}
							}
						}
					]
				},
				{
					"name": "tail1",
					"parent": "body",
					"pivot": [0, 6, 3],
					"rotation": [25, 0, 0],
					"cubes": [
						{
							"origin": [-0.5, -1.5, 3.13397],
							"size": [1, 8, 1],
							"uv": {
								"north": {"uv": [1, 16], "uv_size": [1, 8]},
								"east": {"uv": [0, 16], "uv_size": [1, 8]},
								"south": {"uv": [3, 16], "uv_size": [1, 8]},
								"west": {"uv": [2, 16], "uv_size": [1, 8]},
								"up": {"uv": [1, 15], "uv_size": [1, 1]},
								"down": {"uv": [3, 15], "uv_size": [-1, 1]}
							}
						}
					]
				},
				{
					"name": "tail2",
					"parent": "tail1",
					"pivot": [0, -2.25, 4.5],
					"rotation": [75, 0, 0],
					"cubes": [
						{
							"origin": [-0.49, -8.0264, 4.86089],
							"size": [1, 7.3, 1],
							"inflate": -0.01,
							"uv": {
								"north": {"uv": [5, 16], "uv_size": [1, 7]},
								"east": {"uv": [4, 16], "uv_size": [1, 7]},
								"south": {"uv": [7, 16], "uv_size": [1, 7]},
								"west": {"uv": [6, 16], "uv_size": [1, 7]},
								"up": {"uv": [5, 15], "uv_size": [1, 1]},
								"down": {"uv": [7, 15], "uv_size": [-1, 1]}
							}
						}
					]
				},
				{
					"name": "backLegL",
					"parent": "body",
					"pivot": [1.1, 6, -1],
					"rotation": [-25, 0, 0],
					"cubes": [
						{
							"origin": [0.2, 0, -2],
							"size": [2, 6, 2],
							"uv": {
								"north": {"uv": [10, 15], "uv_size": [2, 6]},
								"east": {"uv": [8, 15], "uv_size": [2, 6]},
								"south": {"uv": [14, 15], "uv_size": [2, 6]},
								"west": {"uv": [12, 15], "uv_size": [2, 6]},
								"up": {"uv": [10, 13], "uv_size": [2, 2]},
								"down": {"uv": [14, 13], "uv_size": [-2, 2]}
							}
						}
					]
				},
				{
					"name": "backLegR",
					"parent": "body",
					"pivot": [-1.1, 6, -1],
					"rotation": [-25, 0, 0],
					"cubes": [
						{
							"origin": [-2.2, 0, -2],
							"size": [2, 6, 2],
							"uv": {
								"north": {"uv": [10, 15], "uv_size": [2, 6]},
								"east": {"uv": [8, 15], "uv_size": [2, 6]},
								"south": {"uv": [14, 15], "uv_size": [2, 6]},
								"west": {"uv": [12, 15], "uv_size": [2, 6]},
								"up": {"uv": [10, 13], "uv_size": [2, 2]},
								"down": {"uv": [14, 13], "uv_size": [-2, 2]}
							}
						}
					]
				},
				{
					"name": "frontLegL",
					"parent": "body",
					"pivot": [1.2, 17, -1],
					"rotation": [-45, -5, -5],
					"cubes": [
						{
							"origin": [0.2, 12.2, -2],
							"size": [2, 6, 2],
							"uv": {
								"north": {"uv": [44, 2], "uv_size": [-2, 6]},
								"east": {"uv": [46, 2], "uv_size": [-2, 6]},
								"south": {"uv": [48, 2], "uv_size": [-2, 6]},
								"west": {"uv": [42, 2], "uv_size": [-2, 6]},
								"up": {"uv": [44, 0], "uv_size": [-2, 2]},
								"down": {"uv": [44, 0], "uv_size": [2, 2]}
							}
						}
					]
				},
				{
					"name": "bone2",
					"parent": "frontLegL",
					"pivot": [-1.2, 12.1, -1],
					"rotation": [35, 0, 0],
					"cubes": [
						{
							"origin": [0.21, 9.76549, -1.77179],
							"size": [2, 3, 2],
							"inflate": -0.02,
							"uv": {
								"north": {"uv": [42, 8], "uv_size": [2, 3]},
								"east": {"uv": [40, 8], "uv_size": [2, 3]},
								"south": {"uv": [46, 8], "uv_size": [2, 3]},
								"west": {"uv": [44, 8], "uv_size": [2, 3]},
								"up": {"uv": [42, 6], "uv_size": [2, 2]},
								"down": {"uv": [46, 6], "uv_size": [-2, 2]}
							}
						}
					]
				},
				{
					"name": "frontLegR",
					"parent": "body",
					"pivot": [-1.2, 17, -1],
					"rotation": [-45, 0, 10],
					"cubes": [
						{
							"origin": [-2.2, 12.2, -2],
							"size": [2, 6, 2],
							"uv": {
								"north": {"uv": [42, 2], "uv_size": [2, 6]},
								"east": {"uv": [40, 2], "uv_size": [2, 6]},
								"south": {"uv": [46, 2], "uv_size": [2, 6]},
								"west": {"uv": [44, 2], "uv_size": [2, 6]},
								"up": {"uv": [42, 0], "uv_size": [2, 2]},
								"down": {"uv": [46, 0], "uv_size": [-2, 2]}
							}
						}
					]
				},
				{
					"name": "bone",
					"parent": "frontLegR",
					"pivot": [-1.2, 12.1, -1],
					"rotation": [35, 0, 0],
					"cubes": [
						{
							"origin": [-2.19, 9.76549, -1.77179],
							"size": [2, 3, 2],
							"inflate": -0.02,
							"uv": {
								"north": {"uv": [42, 8], "uv_size": [2, 3]},
								"east": {"uv": [40, 8], "uv_size": [2, 3]},
								"south": {"uv": [46, 8], "uv_size": [2, 3]},
								"west": {"uv": [44, 8], "uv_size": [2, 3]},
								"up": {"uv": [42, 6], "uv_size": [2, 2]},
								"down": {"uv": [46, 6], "uv_size": [-2, 2]}
							}
						}
					]
				},
				{
					"name": "bodylol",
					"parent": "body",
					"pivot": [0, 13, 1],
					"cubes": [
						{
							"origin": [-2, 5, -2],
							"size": [4, 15, 6],
							"uv": {
								"north": {"uv": [26, 6], "uv_size": [4, 15]},
								"east": {"uv": [20, 6], "uv_size": [6, 15]},
								"south": {"uv": [36, 6], "uv_size": [4, 15]},
								"west": {"uv": [30, 6], "uv_size": [6, 15]},
								"up": {"uv": [26, 0], "uv_size": [4, 6]},
								"down": {"uv": [34, 0], "uv_size": [-4, 6]}
							}
						}
					]
				},
				{
					"name": "wing0",
					"parent": "bodylol",
					"pivot": [0, 13.5, 4],
					"rotation": [0, 10, 0],
					"cubes": [
						{
							"origin": [-10, 6, 2.2],
							"size": [8, 13, 0],
							"inflate": 2,
							"uv": {
								"north": {"uv": [48, 6], "uv_size": [8, 13]},
								"south": {"uv": [56, 6], "uv_size": [8, 13]},
								"west": {"uv": [56, 6], "uv_size": [0, 13]},
								"up": {"uv": [48, 6], "uv_size": [8, 0]},
								"down": {"uv": [64, 6], "uv_size": [-8, 0]}
							}
						}
					]
				},
				{
					"name": "wing1",
					"parent": "bodylol",
					"pivot": [0, 13.5, 4],
					"rotation": [0, -10, 0],
					"cubes": [
						{
							"origin": [1, 6, 2.2],
							"size": [8, 13, 0],
							"inflate": 2,
							"uv": {
								"north": {"uv": [48, 19], "uv_size": [8, 13]},
								"east": {"uv": [48, 19], "uv_size": [0, 13]},
								"south": {"uv": [56, 19], "uv_size": [8, 13]},
								"west": {"uv": [56, 19], "uv_size": [0, 13]},
								"up": {"uv": [48, 19], "uv_size": [8, 0]},
								"down": {"uv": [64, 19], "uv_size": [-8, 0]}
							}
						}
					]
				}
			]
		}
	]
}