{
	"format_version": "1.8.0",
	"geometry.fotd": {
		"texturewidth": 48,
		"textureheight": 48,
		"visible_bounds_width": 3,
		"visible_bounds_height": 2,
		"visible_bounds_offset": [0, 1, 0],
		"bones": [
			{
				"name": "body",
				"pivot": [0, 0, 1],
				"rotation": [90, 0, 0],
				"cubes": [
					{"origin": [-2, -5, 5], "size": [4, 14, 6], "uv": [0, 1]}
				]
			},
			{
				"name": "head",
				"parent": "body",
				"pivot": [0, 9, 9],
				"rotation": [-90, 0, 0],
				"cubes": [
					{"origin": [-2.5, 7, 4], "size": [5, 4, 5], "uv": [15, 16]},
					{"origin": [-1.5, 7.01562, 3], "size": [3, 2, 2], "uv": [8, 25]},
					{"origin": [-2, 11, 7], "size": [1, 1, 2], "uv": [23, 0]},
					{"origin": [1, 11, 7], "size": [1, 1, 2], "uv": [20, 13]}
				]
			},
			{
				"name": "tail1",
				"parent": "body",
				"pivot": [0, -5, 1],
				"rotation": [-90, 0, 0],
				"cubes": [
					{"origin": [-1.5, 0, 1], "size": [3, 4, 3], "uv": [14, 0]}
				]
			},
			{
				"name": "tail2",
				"parent": "tail1",
				"pivot": [0, -5, 4],
				"rotation": [90, 0, 0],
				"cubes": [
					{"origin": [-0.5, -8, 10], "size": [1, 3, 2], "uv": [0, 1]}
				]
			},
			{
				"name": "tail3",
				"parent": "tail2",
				"pivot": [0, -8, 4],
				"rotation": [-90, 0, 0],
				"cubes": [
					{"origin": [0, -3.9, 3], "size": [0, 5, 5], "uv": [0, 16]}
				]
			},
			{
				"name": "frontLegL",
				"parent": "body",
				"pivot": [1.2, 8.2, 5.25],
				"rotation": [-5, 55, -15],
				"cubes": [
					{"origin": [1.1111, 5.59998, 5.14279], "size": [6, 3, 0], "uv": [20, 10]}
				]
			},
			{
				"name": "frontLegR",
				"parent": "body",
				"pivot": [-1.2, 8.2, 5.25],
				"rotation": [-5, -55, -15],
				"cubes": [
					{"origin": [-7.1117, 6.59998, 5.14279], "size": [6, 3, 0], "uv": [20, 7]}
				]
			}
		]
	}
}