{
	"format_version": "1.12.0",
	"minecraft:geometry": [
		{
			"description": {
				"identifier": "geometry.billhmrshark",
				"texture_width": 96,
				"texture_height": 96,
				"visible_bounds_width": 6,
				"visible_bounds_height": 2,
				"visible_bounds_offset": [0, 0, 0]
			},
			"bones": [
				{
					"name": "body",
					"pivot": [0, 5.5, 3.5],
					"cubes": [
						{
							"origin": [-5.5, 0, -1],
							"size": [11, 11, 9],
							"uv": {
								"north": {"uv": [9, 9], "uv_size": [11, 11]},
								"east": {"uv": [0, 9], "uv_size": [9, 11]},
								"south": {"uv": [29, 9], "uv_size": [11, 11]},
								"west": {"uv": [20, 9], "uv_size": [9, 11]},
								"up": {"uv": [9, 0], "uv_size": [11, 9]},
								"down": {"uv": [31, 0], "uv_size": [-11, 9]}
							}
						}
					]
				},
				{
					"name": "body1",
					"parent": "body",
					"pivot": [0, 5, -1],
					"cubes": [
						{
							"origin": [-5, 0.8, -8],
							"size": [10, 10, 8],
							"uv": {
								"north": {"uv": [48, 8], "uv_size": [10, 10]},
								"east": {"uv": [40, 8], "uv_size": [8, 10]},
								"south": {"uv": [66, 8], "uv_size": [10, 10]},
								"west": {"uv": [58, 8], "uv_size": [8, 10]},
								"up": {"uv": [48, 0], "uv_size": [10, 8]},
								"down": {"uv": [68, 0], "uv_size": [-10, 8]}
							}
						}
					]
				},
				{
					"name": "body2",
					"parent": "body1",
					"pivot": [0, 5.5, -8.2],
					"cubes": [
						{
							"origin": [-4, 1.4, -12],
							"size": [8, 9, 5],
							"uv": {
								"north": {"uv": [33, 51], "uv_size": [8, 9]},
								"east": {"uv": [28, 51], "uv_size": [5, 9]},
								"south": {"uv": [46, 51], "uv_size": [8, 9]},
								"west": {"uv": [41, 51], "uv_size": [5, 9]},
								"up": {"uv": [33, 46], "uv_size": [8, 5]},
								"down": {"uv": [49, 46], "uv_size": [-8, 5]}
							}
						}
					]
				},
				{
					"name": "head",
					"parent": "body2",
					"pivot": [0, 5.7, -14],
					"rotation": [3, 0, 0],
					"cubes": [
						{
							"origin": [-2.25, 5.84, -19],
							"size": [4.5, 1.55, 8],
							"uv": {
								"north": {"uv": [30, 69], "uv_size": [4, 1]},
								"east": {"uv": [22, 69], "uv_size": [8, 1]},
								"south": {"uv": [42, 69], "uv_size": [4, 1]},
								"west": {"uv": [34, 69], "uv_size": [8, 1]},
								"up": {"uv": [30, 61], "uv_size": [4, 8]},
								"down": {"uv": [38, 61], "uv_size": [-4, 8]}
							}
						},
						{
							"origin": [-3, 5.85, -20.5],
							"size": [6, 4, 10],
							"inflate": 0.2,
							"uv": {
								"north": {"uv": [42, 30], "uv_size": [6, 4]},
								"east": {"uv": [32, 30], "uv_size": [10, 4]},
								"south": {"uv": [58, 30], "uv_size": [6, 4]},
								"west": {"uv": [48, 30], "uv_size": [10, 4]},
								"up": {"uv": [42, 20], "uv_size": [6, 10]},
								"down": {"uv": [66, 46.002], "uv_size": [-3.996, 7.998]}
							}
						}
					]
				},
				{
					"name": "jaw",
					"parent": "head",
					"pivot": [0, 3.45, -11.8],
					"rotation": [-3, 0, 0],
					"cubes": [
						{
							"origin": [-2.25, 3.55, -20],
							"size": [4.5, 2.25, 9],
							"inflate": 0.29,
							"uv": {
								"north": {"uv": [62, 54], "uv_size": [4, 2]},
								"east": {"uv": [54, 54], "uv_size": [8, 2]},
								"south": {"uv": [74, 54], "uv_size": [4, 2]},
								"west": {"uv": [66, 54], "uv_size": [8, 2]},
								"up": {"uv": [62, 46], "uv_size": [4, 8]},
								"down": {"uv": [70, 46], "uv_size": [-4, 8]}
							}
						}
					]
				},
				{
					"name": "topfin",
					"parent": "body1",
					"pivot": [0, 11, -4.75],
					"rotation": [-40, 0, 0],
					"cubes": [
						{
							"origin": [-0.5, 8.2, -5.9],
							"size": [1, 10, 4],
							"uv": {
								"north": {"uv": [4, 77], "uv_size": [1, 10]},
								"east": {"uv": [0, 77], "uv_size": [4, 10]},
								"south": {"uv": [9, 77], "uv_size": [1, 10]},
								"west": {"uv": [5, 77], "uv_size": [4, 10]},
								"up": {"uv": [4, 73], "uv_size": [1, 4]},
								"down": {"uv": [6, 73], "uv_size": [-1, 4]}
							}
						}
					]
				},
				{
					"name": "fin0",
					"parent": "body1",
					"pivot": [5.05, 4, -3.75],
					"rotation": [-46, 15, -70],
					"cubes": [
						{
							"origin": [4, 1.8, -6.5],
							"size": [1, 3, 8],
							"uv": {
								"north": {"uv": [72, 69], "uv_size": [1, 3]},
								"east": {"uv": [64, 69], "uv_size": [8, 3]},
								"south": {"uv": [81, 69], "uv_size": [1, 3]},
								"west": {"uv": [73, 69], "uv_size": [8, 3]},
								"up": {"uv": [72, 61], "uv_size": [1, 8]},
								"down": {"uv": [74, 61], "uv_size": [-1, 8]}
							}
						}
					]
				},
				{
					"name": "fin1",
					"parent": "body1",
					"pivot": [-5.05, 4, -3.75],
					"rotation": [-45, -15, 70],
					"cubes": [
						{
							"origin": [-5.25, 1.8, -6.5],
							"size": [1, 3, 8],
							"uv": {
								"north": {"uv": [54, 69], "uv_size": [1, 3]},
								"east": {"uv": [46, 69], "uv_size": [8, 3]},
								"south": {"uv": [63, 69], "uv_size": [1, 3]},
								"west": {"uv": [55, 69], "uv_size": [8, 3]},
								"up": {"uv": [54, 61], "uv_size": [1, 8]},
								"down": {"uv": [56, 61], "uv_size": [-1, 8]}
							}
						}
					]
				},
				{
					"name": "bodya1",
					"parent": "body",
					"pivot": [0, 4, 8],
					"cubes": [
						{
							"origin": [-4, 0.8, 6],
							"size": [8, 9, 9],
							"uv": {
								"north": {"uv": [8, 28], "uv_size": [8, 9]},
								"east": {"uv": [0, 28], "uv_size": [8, 9]},
								"south": {"uv": [24, 28], "uv_size": [8, 9]},
								"west": {"uv": [16, 28], "uv_size": [8, 9]},
								"up": {"uv": [8, 20], "uv_size": [8, 8]},
								"down": {"uv": [24, 20], "uv_size": [-8, 8]}
							}
						}
					]
				},
				{
					"name": "bodya2",
					"parent": "bodya1",
					"pivot": [0, 5.5, 15],
					"cubes": [
						{
							"origin": [-3, 1.65, 12],
							"size": [6, 7.25, 8],
							"uv": {
								"north": {"uv": [8, 54], "uv_size": [6, 7]},
								"east": {"uv": [0, 54], "uv_size": [8, 7]},
								"south": {"uv": [22, 54], "uv_size": [6, 7]},
								"west": {"uv": [14, 54], "uv_size": [8, 7]},
								"up": {"uv": [8, 46], "uv_size": [6, 8]},
								"down": {"uv": [20, 46], "uv_size": [-6, 8]}
							}
						}
					]
				},
				{
					"name": "bodya3",
					"parent": "bodya2",
					"pivot": [0, 5.5, 20],
					"cubes": [
						{
							"origin": [-2, 2.65, 19],
							"size": [4, 5.25, 7],
							"uv": {
								"north": {"uv": [7, 68], "uv_size": [4, 5]},
								"east": {"uv": [0, 68], "uv_size": [7, 5]},
								"south": {"uv": [18, 68], "uv_size": [4, 5]},
								"west": {"uv": [11, 68], "uv_size": [7, 5]},
								"up": {"uv": [7, 61], "uv_size": [4, 7]},
								"down": {"uv": [15, 61], "uv_size": [-4, 7]}
							}
						}
					]
				},
				{
					"name": "bodya4",
					"parent": "bodya3",
					"pivot": [0, 5.5, 26],
					"cubes": [
						{
							"origin": [-0.5, 3.55, 25],
							"size": [1, 4.25, 4],
							"uv": {
								"north": {"uv": [3, 80.004], "uv_size": [4.002, 1.998]},
								"east": {"uv": [3, 80.004], "uv_size": [4.002, 1.998]},
								"south": {"uv": [3, 80.004], "uv_size": [4.002, 1.998]},
								"west": {"uv": [3, 80.004], "uv_size": [4.002, 1.998]},
								"up": {"uv": [7.002, 82.002], "uv_size": [-4.002, -1.998]},
								"down": {"uv": [3, 80.004], "uv_size": [4.002, 1.998]}
							}
						}
					]
				},
				{
					"name": "tailfin",
					"parent": "bodya4",
					"pivot": [0, 5.5, 29],
					"cubes": [
						{
							"origin": [-0.5, 5.5, 29],
							"size": [1, 3, 8],
							"inflate": 0.01,
							"pivot": [0, 5.5, 29],
							"rotation": [64, 0, 0],
							"uv": {
								"north": {"uv": [1.002, 78], "uv_size": [6, 6]},
								"east": {"uv": [1.002, 78], "uv_size": [6, 6]},
								"south": {"uv": [1.002, 78], "uv_size": [6, 6]},
								"west": {"uv": [1.002, 78], "uv_size": [6, 6]},
								"up": {"uv": [7.002, 84], "uv_size": [-6, -6]},
								"down": {"uv": [1.002, 78], "uv_size": [6, 6]}
							}
						},
						{
							"origin": [-0.5, 2.67157, 29],
							"size": [1, 3, 8],
							"inflate": 0.01,
							"pivot": [0, 5.5, 29],
							"rotation": [-64, 0, 0],
							"uv": {
								"north": {"uv": [2.004, 77.004], "uv_size": [2.994, 9]},
								"east": {"uv": [2.004, 77.004], "uv_size": [2.994, 9]},
								"south": {"uv": [2.004, 77.004], "uv_size": [2.994, 9]},
								"west": {"uv": [2.004, 77.004], "uv_size": [2.994, 9]},
								"up": {"uv": [4.998, 86.004], "uv_size": [-2.994, -9]},
								"down": {"uv": [2.004, 77.004], "uv_size": [2.994, 9]}
							}
						},
						{
							"origin": [-0.2, 2.87451, 35.89729],
							"size": [0.35, 2.3, 5],
							"inflate": 0.01,
							"pivot": [0, 5.5, 29],
							"rotation": [-61, 0, 0],
							"uv": {
								"north": {"uv": [1.002, 77.004], "uv_size": [2.994, 9]},
								"east": {"uv": [1.002, 77.004], "uv_size": [2.994, 9]},
								"south": {"uv": [1.002, 77.004], "uv_size": [2.994, 9]},
								"west": {"uv": [1.002, 77.004], "uv_size": [2.994, 9]},
								"up": {"uv": [3.996, 86.004], "uv_size": [-2.994, -9]},
								"down": {"uv": [1.002, 77.004], "uv_size": [2.994, 9]}
							}
						},
						{
							"origin": [-0.3, 5.80792, 35.87358],
							"size": [0.6, 2.3, 5],
							"inflate": 0.01,
							"pivot": [0, 5.5, 29],
							"rotation": [62, 0, 0],
							"uv": {
								"north": {"uv": [1.002, 78], "uv_size": [2.994, 9]},
								"east": {"uv": [1.002, 78], "uv_size": [2.994, 9]},
								"south": {"uv": [1.002, 78], "uv_size": [2.994, 9]},
								"west": {"uv": [1.002, 78], "uv_size": [2.994, 9]},
								"up": {"uv": [3.996, 87], "uv_size": [-2.994, -9]},
								"down": {"uv": [1.002, 78], "uv_size": [2.994, 9]}
							}
						}
					]
				}
			]
		}
	]
}