{
	"format_version": "1.10.0",
	"geometry.ice_golem": {
		"texturewidth": 64,
		"textureheight": 64,
		"visible_bounds_width": 3,
		"visible_bounds_height": 2,
		"visible_bounds_offset": [0, 1, 0],
		"bones": [
			{
				"name": "piece2",
				"pivot": [0, 0, 0],
				"cubes": [
					{"origin": [-6, 0, -6], "size": [12, 12, 12], "uv": [0, 36], "inflate": -0.5}
				]
			},
			{
				"name": "piece1",
				"parent": "piece2",
				"pivot": [0, 11, 0],
				"cubes": [
					{"origin": [-5, 11, -5], "size": [10, 10, 10], "uv": [0, 16], "inflate": -0.5}
				]
			},
			{
				"name": "head",
				"parent": "piece1",
				"pivot": [0, 20, 0],
				"cubes": [
					{"origin": [-4, 20, -4], "size": [8, 8, 8], "uv": [0, 0], "inflate": -0.5}
				],
				"locators": {
					"lead": [0, 20, 0]
				}
			},
			{
				"name": "arm1",
				"parent": "piece1",
				"pivot": [0, 19, 0],
				"rotation": [0, 0, 55],
				"cubes": [
					{"origin": [1, 21, -1], "size": [12, 2, 2], "uv": [32, 0], "inflate": -0.5}
				]
			},
			{
				"name": "arm2",
				"parent": "piece1",
				"pivot": [0, 18, 0],
				"rotation": [0, 0, -55],
				"cubes": [
					{"origin": [-12.18085, 20.57358, -1], "size": [12, 2, 2], "uv": [32, 0], "inflate": -0.5}
				]
			}
		]
	}
}