{
	"format_version": "1.12.0",
	"minecraft:geometry": [
		{
			"description": {
				"identifier": "geometry.lolipop",
				"texture_width": 32,
				"texture_height": 32,
				"visible_bounds_width": 2,
				"visible_bounds_height": 1,
				"visible_bounds_offset": [0, 0.5, 0]
			},
			"bones": [
				{
					"name": "bone",
					"pivot": [-0.55556, 0, 0.61111],
					"cubes": [
						{
							"origin": [-4, 0, -2],
							"size": [7, 1, 5],
							"uv": {
								"north": {"uv": [5, 13], "uv_size": [7, 1]},
								"east": {"uv": [0, 13], "uv_size": [5, 1]},
								"south": {"uv": [17, 13], "uv_size": [7, 1]},
								"west": {"uv": [12, 13], "uv_size": [5, 1]},
								"up": {"uv": [5, 8], "uv_size": [7, 5]},
								"down": {"uv": [19, 8], "uv_size": [-7, 5]}
							}
						},
						{
							"origin": [-3, 0, -3],
							"size": [5, 1, 7],
							"uv": {
								"north": {"uv": [7, 7], "uv_size": [5, 1]},
								"east": {"uv": [0, 7], "uv_size": [7, 1]},
								"south": {"uv": [19, 7], "uv_size": [5, 1]},
								"west": {"uv": [12, 7], "uv_size": [7, 1]},
								"up": {"uv": [7, 0], "uv_size": [5, 7]},
								"down": {"uv": [17, 0], "uv_size": [-5, 7]}
							}
						},
						{
							"origin": [-3, 1, -1],
							"size": [5, 1, 4],
							"uv": {
								"north": {"uv": [4, 18], "uv_size": [5, 1]},
								"east": {"uv": [0, 18], "uv_size": [4, 1]},
								"south": {"uv": [13, 18], "uv_size": [5, 1]},
								"west": {"uv": [9, 18], "uv_size": [4, 1]},
								"up": {"uv": [4, 14], "uv_size": [5, 4]},
								"down": {"uv": [14, 14], "uv_size": [-5, 4]}
							}
						},
						{
							"origin": [-3, 1, -2],
							"size": [3, 1, 1],
							"uv": {
								"north": {"uv": [1, 20], "uv_size": [3, 1]},
								"east": {"uv": [0, 20], "uv_size": [1, 1]},
								"south": {"uv": [5, 20], "uv_size": [3, 1]},
								"west": {"uv": [4, 20], "uv_size": [1, 1]},
								"up": {"uv": [1, 19], "uv_size": [3, 1]},
								"down": {"uv": [7, 19], "uv_size": [-3, 1]}
							}
						},
						{
							"origin": [-2, 2, -1],
							"size": [3, 1, 4],
							"uv": {
								"north": {"uv": [18, 19], "uv_size": [3, 1]},
								"east": {"uv": [14, 19], "uv_size": [4, 1]},
								"south": {"uv": [25, 19], "uv_size": [3, 1]},
								"west": {"uv": [21, 19], "uv_size": [4, 1]},
								"up": {"uv": [18, 15], "uv_size": [3, 4]},
								"down": {"uv": [24, 15], "uv_size": [-3, 4]}
							}
						},
						{
							"origin": [1, 2, 0],
							"size": [1, 1, 3],
							"uv": {
								"north": {"uv": [20, 3], "uv_size": [1, 1]},
								"east": {"uv": [17, 3], "uv_size": [3, 1]},
								"south": {"uv": [24, 3], "uv_size": [1, 1]},
								"west": {"uv": [21, 3], "uv_size": [3, 1]},
								"up": {"uv": [20, 0], "uv_size": [1, 3]},
								"down": {"uv": [22, 0], "uv_size": [-1, 3]}
							}
						},
						{
							"origin": [-3, 2, 0],
							"size": [1, 1, 2],
							"uv": {
								"north": {"uv": [2, 2], "uv_size": [1, 1]},
								"east": {"uv": [0, 2], "uv_size": [2, 1]},
								"south": {"uv": [5, 2], "uv_size": [1, 1]},
								"west": {"uv": [3, 2], "uv_size": [2, 1]},
								"up": {"uv": [2, 0], "uv_size": [1, 2]},
								"down": {"uv": [4, 0], "uv_size": [-1, 2]}
							}
						},
						{
							"origin": [-1, 3, 0],
							"size": [2, 1, 2],
							"uv": {
								"north": {"uv": [19, 6], "uv_size": [2, 1]},
								"east": {"uv": [17, 6], "uv_size": [2, 1]},
								"south": {"uv": [23, 6], "uv_size": [2, 1]},
								"west": {"uv": [21, 6], "uv_size": [2, 1]},
								"up": {"uv": [19, 4], "uv_size": [2, 2]},
								"down": {"uv": [23, 4], "uv_size": [-2, 2]}
							}
						}
					]
				},
				{
					"name": "bone2",
					"parent": "bone",
					"pivot": [0, 0, 0],
					"cubes": [
						{
							"origin": [-1, 4, 0],
							"size": [1, 1, 1],
							"uv": {
								"north": {"uv": [1, 4], "uv_size": [1, 1]},
								"east": {"uv": [0, 4], "uv_size": [1, 1]},
								"south": {"uv": [3, 4], "uv_size": [1, 1]},
								"west": {"uv": [2, 4], "uv_size": [1, 1]},
								"up": {"uv": [1, 3], "uv_size": [1, 1]},
								"down": {"uv": [3, 3], "uv_size": [-1, 1]}
							}
						}
					]
				}
			]
		}
	]
}