{
	"geometry.mantaray": {
		"texturewidth": 80,
		"textureheight": 80,
		"visible_bounds_width": 3,
		"visible_bounds_height": 1,
		"visible_bounds_offset": [0, 0.5, 0],
		"bones": [
			{
				"name": "body",
				"pivot": [0, 24, 0],
				"cubes": [
					{"origin": [-3, 23, -8], "size": [5, 3, 9], "uv": [0, 21]}
				]
			},
			{
				"name": "wing0",
				"parent": "body",
				"pivot": [2, 26, -8],
				"rotation": [0, 0, 5.7],
				"cubes": [
					{"origin": [2, 24, -8], "size": [6, 2, 9], "uv": [0, 10]}
				]
			},
			{
				"name": "wingtip0",
				"parent": "wing0",
				"pivot": [8, 26, -8],
				"rotation": [0, 0, 5.7],
				"cubes": [
					{"origin": [8, 25, -8], "size": [10, 1, 9], "uv": [0, 0]}
				]
			},
			{
				"name": "wing1",
				"parent": "body",
				"pivot": [-3, 26, -8],
				"rotation": [0, 0, -5.7],
				"mirror": true,
				"cubes": [
					{"origin": [-9, 24, -8], "size": [6, 2, 9], "uv": [0, 10]}
				]
			},
			{
				"name": "wingtip1",
				"parent": "wing1",
				"pivot": [-9, 24, -8],
				"rotation": [0, 0, -5.7],
				"mirror": true,
				"cubes": [
					{"origin": [-19, 25, -8], "size": [10.2, 1, 9], "uv": [0, 0]}
				]
			},
			{
				"name": "head",
				"parent": "body",
				"pivot": [0, 24, -7],
				"rotation": [16.5, 0, 0],
				"cubes": [
					{"origin": [-4, 23, -11.4], "size": [7, 3, 4], "uv": [28, 21]}
				]
			},
			{
				"name": "mouth_thimg0",
				"parent": "head",
				"pivot": [2.5, 24.5, -11.4],
				"cubes": [
					{"origin": [2, 23.5, -15.4], "size": [1, 2, 4], "uv": [14, 33]}
				]
			},
			{
				"name": "mouth_thimg1",
				"parent": "head",
				"pivot": [-3.5, 24.5, -11.4],
				"cubes": [
					{"origin": [-4, 23.5, -15.4], "size": [1, 2, 4], "uv": [14, 33]}
				]
			},
			{
				"name": "tail",
				"parent": "body",
				"pivot": [0, 26, 1],
				"cubes": [
					{"origin": [-2, 24, 1], "size": [3, 2, 6], "uv": [50, 21]}
				]
			},
			{
				"name": "tailtip",
				"parent": "tail",
				"pivot": [0, 25.5, 7],
				"cubes": [
					{"origin": [-1, 24.5, 7], "size": [1, 1, 6], "uv": [0, 33]}
				]
			}
		]
	}
}