{
	"format_version": "1.12.0",
	"minecraft:geometry": [
		{
			"description": {
				"identifier": "geometry.milko",
				"texture_width": 96,
				"texture_height": 96,
				"visible_bounds_width": 2,
				"visible_bounds_height": 1,
				"visible_bounds_offset": [0, 0.5, 0]
			},
			"bones": [
				{
					"name": "bone",
					"pivot": [0, 0, 0],
					"cubes": [
						{
							"origin": [-2.5, 0, -0.49728],
							"size": [5, 2, 0.99456],
							"rotation": [0, -22.5, 0],
							"uv": {
								"north": {"uv": [45, 46], "uv_size": [10, 4]},
								"east": {"uv": [36, 42], "uv_size": [2, 4]},
								"south": {"uv": [9, 48], "uv_size": [10, 4]},
								"west": {"uv": [38, 42], "uv_size": [2, 4]},
								"up": {"uv": [60, 30], "uv_size": [-10, -2]},
								"down": {"uv": [57, 55], "uv_size": [10, 2]}
							}
						},
						{
							"origin": [-2.5, 0, -0.49728],
							"size": [5, 2, 0.99456],
							"uv": {
								"north": {"uv": [19, 48], "uv_size": [10, 4]},
								"east": {"uv": [79, 68], "uv_size": [2, 4]},
								"south": {"uv": [49, 0], "uv_size": [10, 4]},
								"west": {"uv": [30, 80], "uv_size": [2, 4]},
								"up": {"uv": [69, 2], "uv_size": [-10, -2]},
								"down": {"uv": [59, 2], "uv_size": [10, 2]}
							}
						},
						{
							"origin": [-2.5, 0, -0.49728],
							"size": [5, 2, 0.99456],
							"rotation": [0, 22.5, 0],
							"uv": {
								"north": {"uv": [49, 4], "uv_size": [10, 4]},
								"east": {"uv": [56, 80], "uv_size": [2, 4]},
								"south": {"uv": [49, 8], "uv_size": [10, 4]},
								"west": {"uv": [80, 80], "uv_size": [2, 4]},
								"up": {"uv": [69, 6], "uv_size": [-10, -2]},
								"down": {"uv": [59, 6], "uv_size": [10, 2]}
							}
						},
						{
							"origin": [-0.49728, 0, -2.5],
							"size": [0.99456, 2, 5],
							"rotation": [0, -45, 0],
							"uv": {
								"north": {"uv": [80, 0], "uv_size": [2, 4]},
								"east": {"uv": [49, 12], "uv_size": [10, 4]},
								"south": {"uv": [80, 4], "uv_size": [2, 4]},
								"west": {"uv": [49, 30], "uv_size": [10, 4]},
								"up": {"uv": [23, 68], "uv_size": [-2, -10]},
								"down": {"uv": [59, 30], "uv_size": [2, 10]}
							}
						},
						{
							"origin": [-0.49728, 0, -2.5],
							"size": [0.99456, 2, 5],
							"rotation": [0, -22.5, 0],
							"uv": {
								"north": {"uv": [80, 8], "uv_size": [2, 4]},
								"east": {"uv": [49, 34], "uv_size": [10, 4]},
								"south": {"uv": [80, 12], "uv_size": [2, 4]},
								"west": {"uv": [49, 38], "uv_size": [10, 4]},
								"up": {"uv": [25, 70], "uv_size": [-2, -10]},
								"down": {"uv": [25, 60], "uv_size": [2, 10]}
							}
						},
						{
							"origin": [-0.49728, 0, -2.5],
							"size": [0.99456, 2, 5],
							"uv": {
								"north": {"uv": [80, 30], "uv_size": [2, 4]},
								"east": {"uv": [49, 42], "uv_size": [10, 4]},
								"south": {"uv": [80, 34], "uv_size": [2, 4]},
								"west": {"uv": [45, 50], "uv_size": [10, 4]},
								"up": {"uv": [29, 70], "uv_size": [-2, -10]},
								"down": {"uv": [29, 60], "uv_size": [2, 10]}
							}
						},
						{
							"origin": [-0.49728, 0, -2.5],
							"size": [0.99456, 2, 5],
							"rotation": [0, 22.5, 0],
							"uv": {
								"north": {"uv": [80, 76], "uv_size": [2, 4]},
								"east": {"uv": [50, 16], "uv_size": [10, 4]},
								"south": {"uv": [2, 81], "uv_size": [2, 4]},
								"west": {"uv": [50, 20], "uv_size": [10, 4]},
								"up": {"uv": [40, 70], "uv_size": [-2, -10]},
								"down": {"uv": [40, 60], "uv_size": [2, 10]}
							}
						},
						{
							"origin": [-0.49728, 0, -2.5],
							"size": [0.99456, 2, 5],
							"rotation": [0, 45, 0],
							"uv": {
								"north": {"uv": [4, 81], "uv_size": [2, 4]},
								"east": {"uv": [50, 24], "uv_size": [10, 4]},
								"south": {"uv": [6, 81], "uv_size": [2, 4]},
								"west": {"uv": [0, 52], "uv_size": [10, 4]},
								"up": {"uv": [44, 70], "uv_size": [-2, -10]},
								"down": {"uv": [44, 60], "uv_size": [2, 10]}
							}
						},
						{
							"origin": [-2, 0, -0.39782],
							"size": [4, 5, 0.79565],
							"rotation": [0, -22.5, 0],
							"uv": {
								"north": {"uv": [0, 0], "uv_size": [8, 10]},
								"east": {"uv": [46, 60], "uv_size": [2, 10]},
								"south": {"uv": [8, 8], "uv_size": [8, 10]},
								"west": {"uv": [48, 60], "uv_size": [2, 10]},
								"up": {"uv": [16, 8], "uv_size": [-8, -2]},
								"down": {"uv": [41, 30], "uv_size": [8, 2]}
							}
						},
						{
							"origin": [-2, 0, -0.39782],
							"size": [4, 5, 0.79565],
							"uv": {
								"north": {"uv": [0, 10], "uv_size": [8, 10]},
								"east": {"uv": [50, 60], "uv_size": [2, 10]},
								"south": {"uv": [16, 16], "uv_size": [8, 10]},
								"west": {"uv": [52, 60], "uv_size": [2, 10]},
								"up": {"uv": [79, 27], "uv_size": [-8, -2]},
								"down": {"uv": [66, 72], "uv_size": [8, 2]}
							}
						},
						{
							"origin": [-2, 0, -0.39782],
							"size": [4, 5, 0.79565],
							"rotation": [0, 22.5, 0],
							"uv": {
								"north": {"uv": [16, 0], "uv_size": [8, 10]},
								"east": {"uv": [54, 60], "uv_size": [2, 10]},
								"south": {"uv": [8, 18], "uv_size": [8, 10]},
								"west": {"uv": [56, 60], "uv_size": [2, 10]},
								"up": {"uv": [80, 32], "uv_size": [-8, -2]},
								"down": {"uv": [72, 32], "uv_size": [8, 2]}
							}
						},
						{
							"origin": [-0.39782, 0, -2],
							"size": [0.79565, 5, 4],
							"rotation": [0, -45, 0],
							"uv": {
								"north": {"uv": [60, 8], "uv_size": [2, 10]},
								"east": {"uv": [0, 20], "uv_size": [8, 10]},
								"south": {"uv": [60, 18], "uv_size": [2, 10]},
								"west": {"uv": [24, 24], "uv_size": [8, 10]},
								"up": {"uv": [58, 80], "uv_size": [-2, -8]},
								"down": {"uv": [2, 73], "uv_size": [2, 8]}
							}
						},
						{
							"origin": [-0.39782, 0, -2],
							"size": [0.79565, 5, 4],
							"rotation": [0, -22.5, 0],
							"uv": {
								"north": {"uv": [7, 61], "uv_size": [2, 10]},
								"east": {"uv": [24, 0], "uv_size": [8, 10]},
								"south": {"uv": [9, 61], "uv_size": [2, 10]},
								"west": {"uv": [24, 10], "uv_size": [8, 10]},
								"up": {"uv": [6, 81], "uv_size": [-2, -8]},
								"down": {"uv": [6, 73], "uv_size": [2, 8]}
							}
						},
						{
							"origin": [-0.39782, 0, -2],
							"size": [0.79565, 5, 4],
							"uv": {
								"north": {"uv": [11, 61], "uv_size": [2, 10]},
								"east": {"uv": [16, 26], "uv_size": [8, 10]},
								"south": {"uv": [13, 61], "uv_size": [2, 10]},
								"west": {"uv": [8, 28], "uv_size": [8, 10]},
								"up": {"uv": [10, 81], "uv_size": [-2, -8]},
								"down": {"uv": [10, 73], "uv_size": [2, 8]}
							}
						},
						{
							"origin": [-0.39782, 0, -2],
							"size": [0.79565, 5, 4],
							"rotation": [0, 22.5, 0],
							"uv": {
								"north": {"uv": [15, 61], "uv_size": [2, 10]},
								"east": {"uv": [0, 30], "uv_size": [8, 10]},
								"south": {"uv": [17, 61], "uv_size": [2, 10]},
								"west": {"uv": [32, 32], "uv_size": [8, 10]},
								"up": {"uv": [14, 81], "uv_size": [-2, -8]},
								"down": {"uv": [14, 73], "uv_size": [2, 8]}
							}
						},
						{
							"origin": [-0.39782, 0, -2],
							"size": [0.79565, 5, 4],
							"rotation": [0, 45, 0],
							"uv": {
								"north": {"uv": [19, 61], "uv_size": [2, 10]},
								"east": {"uv": [32, 0], "uv_size": [8, 10]},
								"south": {"uv": [31, 61], "uv_size": [2, 10]},
								"west": {"uv": [32, 10], "uv_size": [8, 10]},
								"up": {"uv": [18, 81], "uv_size": [-2, -8]},
								"down": {"uv": [18, 73], "uv_size": [2, 8]}
							}
						},
						{
							"origin": [-2.25, 2, -0.44755],
							"size": [4.5, 1, 0.89511],
							"pivot": [0, 2, 0],
							"rotation": [0, -22.5, 0],
							"uv": {
								"north": {"uv": [40, 38], "uv_size": [9, 2]},
								"east": {"uv": [43, 52], "uv_size": [2, 2]},
								"south": {"uv": [59, 40], "uv_size": [9, 2]},
								"west": {"uv": [55, 52], "uv_size": [2, 2]},
								"up": {"uv": [68, 44], "uv_size": [-9, -2]},
								"down": {"uv": [59, 44], "uv_size": [9, 2]}
							}
						},
						{
							"origin": [-2.25, 2, -0.44755],
							"size": [4.5, 1, 0.89511],
							"uv": {
								"north": {"uv": [59, 57], "uv_size": [9, 2]},
								"east": {"uv": [7, 56], "uv_size": [2, 2]},
								"south": {"uv": [60, 28], "uv_size": [9, 2]},
								"west": {"uv": [77, 70], "uv_size": [2, 2]},
								"up": {"uv": [70, 32], "uv_size": [-9, -2]},
								"down": {"uv": [61, 32], "uv_size": [9, 2]}
							}
						},
						{
							"origin": [-2.25, 2, -0.44755],
							"size": [4.5, 1, 0.89511],
							"pivot": [0, 2, 0],
							"rotation": [0, 22.5, 0],
							"uv": {
								"north": {"uv": [61, 34], "uv_size": [9, 2]},
								"east": {"uv": [78, 6], "uv_size": [2, 2]},
								"south": {"uv": [61, 36], "uv_size": [9, 2]},
								"west": {"uv": [50, 83], "uv_size": [2, 2]},
								"up": {"uv": [70, 40], "uv_size": [-9, -2]},
								"down": {"uv": [58, 62], "uv_size": [9, 2]}
							}
						},
						{
							"origin": [-0.44755, 2, -2.25],
							"size": [0.89511, 1, 4.5],
							"pivot": [0, 2, 0],
							"rotation": [0, -45, 0],
							"uv": {
								"north": {"uv": [82, 83], "uv_size": [2, 2]},
								"east": {"uv": [62, 8], "uv_size": [9, 2]},
								"south": {"uv": [83, 9], "uv_size": [2, 2]},
								"west": {"uv": [62, 10], "uv_size": [9, 2]},
								"up": {"uv": [35, 70], "uv_size": [-2, -9]},
								"down": {"uv": [35, 61], "uv_size": [2, 9]}
							}
						},
						{
							"origin": [-0.44755, 2, -2.25],
							"size": [0.89511, 1, 4.5],
							"pivot": [0, 2, 0],
							"rotation": [0, -22.5, 0],
							"uv": {
								"north": {"uv": [83, 11], "uv_size": [2, 2]},
								"east": {"uv": [62, 12], "uv_size": [9, 2]},
								"south": {"uv": [83, 30], "uv_size": [2, 2]},
								"west": {"uv": [62, 14], "uv_size": [9, 2]},
								"up": {"uv": [2, 71], "uv_size": [-2, -9]},
								"down": {"uv": [2, 62], "uv_size": [2, 9]}
							}
						},
						{
							"origin": [-0.44755, 2, -2.25],
							"size": [0.89511, 1, 4.5],
							"uv": {
								"north": {"uv": [83, 32], "uv_size": [2, 2]},
								"east": {"uv": [62, 16], "uv_size": [9, 2]},
								"south": {"uv": [83, 46], "uv_size": [2, 2]},
								"west": {"uv": [62, 18], "uv_size": [9, 2]},
								"up": {"uv": [6, 71], "uv_size": [-2, -9]},
								"down": {"uv": [58, 64], "uv_size": [2, 9]}
							}
						},
						{
							"origin": [-0.44755, 2, -2.25],
							"size": [0.89511, 1, 4.5],
							"pivot": [0, 2, 0],
							"rotation": [0, 22.5, 0],
							"uv": {
								"north": {"uv": [83, 48], "uv_size": [2, 2]},
								"east": {"uv": [62, 20], "uv_size": [9, 2]},
								"south": {"uv": [83, 50], "uv_size": [2, 2]},
								"west": {"uv": [62, 22], "uv_size": [9, 2]},
								"up": {"uv": [62, 73], "uv_size": [-2, -9]},
								"down": {"uv": [62, 64], "uv_size": [2, 9]}
							}
						},
						{
							"origin": [-0.44755, 2, -2.25],
							"size": [0.89511, 1, 4.5],
							"pivot": [0, 2, 0],
							"rotation": [0, 45, 0],
							"uv": {
								"north": {"uv": [83, 52], "uv_size": [2, 2]},
								"east": {"uv": [62, 24], "uv_size": [9, 2]},
								"south": {"uv": [83, 58], "uv_size": [2, 2]},
								"west": {"uv": [62, 26], "uv_size": [9, 2]},
								"up": {"uv": [66, 73], "uv_size": [-2, -9]},
								"down": {"uv": [64, 46], "uv_size": [2, 9]}
							}
						},
						{
							"origin": [-1.75, 11.85, -0.3481],
							"size": [3.5, 1.35, 0.69619],
							"pivot": [0, 11.4, 0],
							"rotation": [0, -22.5, 0],
							"uv": {
								"north": {"uv": [8, 0], "uv_size": [7, 3]},
								"east": {"uv": [31, 20], "uv_size": [1, 3]},
								"south": {"uv": [8, 3], "uv_size": [7, 3]},
								"west": {"uv": [78, 27], "uv_size": [1, 3]},
								"up": {"uv": [31, 24], "uv_size": [-7, -1]},
								"down": {"uv": [25, 40], "uv_size": [7, 1]}
							}
						},
						{
							"origin": [-1.75, 11.85, -0.3481],
							"size": [3.5, 1.35, 0.69619],
							"uv": {
								"north": {"uv": [16, 10], "uv_size": [7, 3]},
								"east": {"uv": [52, 83], "uv_size": [1, 3]},
								"south": {"uv": [16, 13], "uv_size": [7, 3]},
								"west": {"uv": [45, 85], "uv_size": [1, 3]},
								"up": {"uv": [16, 42], "uv_size": [-7, -1]},
								"down": {"uv": [25, 41], "uv_size": [7, 1]}
							}
						},
						{
							"origin": [-1.75, 11.85, -0.3481],
							"size": [3.5, 1.35, 0.69619],
							"pivot": [0, 11.4, 0],
							"rotation": [0, 22.5, 0],
							"uv": {
								"north": {"uv": [24, 20], "uv_size": [7, 3]},
								"east": {"uv": [46, 85], "uv_size": [1, 3]},
								"south": {"uv": [25, 34], "uv_size": [7, 3]},
								"west": {"uv": [50, 85], "uv_size": [1, 3]},
								"up": {"uv": [74, 64], "uv_size": [-7, -1]},
								"down": {"uv": [68, 58], "uv_size": [7, 1]}
							}
						},
						{
							"origin": [-0.3481, 11.85, -1.75],
							"size": [0.69619, 1.35, 3.5],
							"pivot": [0, 11.4, 0],
							"rotation": [0, -45, 0],
							"uv": {
								"north": {"uv": [51, 85], "uv_size": [1, 3]},
								"east": {"uv": [25, 37], "uv_size": [7, 3]},
								"south": {"uv": [58, 85], "uv_size": [1, 3]},
								"west": {"uv": [9, 38], "uv_size": [7, 3]},
								"up": {"uv": [60, 15], "uv_size": [-1, -7]},
								"down": {"uv": [37, 61], "uv_size": [1, 7]}
							}
						},
						{
							"origin": [-0.3481, 11.85, -1.75],
							"size": [0.69619, 1.35, 3.5],
							"pivot": [0, 11.4, 0],
							"rotation": [0, -22.5, 0],
							"uv": {
								"north": {"uv": [59, 85], "uv_size": [1, 3]},
								"east": {"uv": [29, 48], "uv_size": [7, 3]},
								"south": {"uv": [60, 85], "uv_size": [1, 3]},
								"west": {"uv": [29, 51], "uv_size": [7, 3]},
								"up": {"uv": [7, 69], "uv_size": [-1, -7]},
								"down": {"uv": [43, 72], "uv_size": [1, 7]}
							}
						},
						{
							"origin": [-0.3481, 11.85, -1.75],
							"size": [0.69619, 1.35, 3.5],
							"uv": {
								"north": {"uv": [61, 85], "uv_size": [1, 3]},
								"east": {"uv": [10, 52], "uv_size": [7, 3]},
								"south": {"uv": [62, 85], "uv_size": [1, 3]},
								"west": {"uv": [17, 52], "uv_size": [7, 3]},
								"up": {"uv": [48, 86], "uv_size": [-1, -7]},
								"down": {"uv": [32, 80], "uv_size": [1, 7]}
							}
						},
						{
							"origin": [-0.3481, 11.85, -1.75],
							"size": [0.69619, 1.35, 3.5],
							"pivot": [0, 11.4, 0],
							"rotation": [0, 22.5, 0],
							"uv": {
								"north": {"uv": [63, 85], "uv_size": [1, 3]},
								"east": {"uv": [36, 52], "uv_size": [7, 3]},
								"south": {"uv": [64, 85], "uv_size": [1, 3]},
								"west": {"uv": [24, 54], "uv_size": [7, 3]},
								"up": {"uv": [9, 88], "uv_size": [-1, -7]},
								"down": {"uv": [9, 81], "uv_size": [1, 7]}
							}
						},
						{
							"origin": [-0.3481, 11.85, -1.75],
							"size": [0.69619, 1.35, 3.5],
							"pivot": [0, 11.4, 0],
							"rotation": [0, 45, 0],
							"uv": {
								"north": {"uv": [65, 85], "uv_size": [1, 3]},
								"east": {"uv": [43, 54], "uv_size": [7, 3]},
								"south": {"uv": [82, 85], "uv_size": [1, 3]},
								"west": {"uv": [50, 54], "uv_size": [7, 3]},
								"up": {"uv": [11, 88], "uv_size": [-1, -7]},
								"down": {"uv": [11, 81], "uv_size": [1, 7]}
							}
						},
						{
							"origin": [-1.5, 11.7, -0.29837],
							"size": [3, 0.1, 0.59674],
							"pivot": [0, 11.25, 0],
							"rotation": [0, -22.5, 0],
							"uv": {
								"north": {"uv": [73, 24], "uv_size": [6, 1]},
								"east": {"uv": [31, 23], "uv_size": [1, 1]},
								"south": {"uv": [80, 39], "uv_size": [6, 1]},
								"west": {"uv": [24, 34], "uv_size": [1, 1]},
								"up": {"uv": [43, 82], "uv_size": [-6, -1]},
								"down": {"uv": [48, 81], "uv_size": [6, 1]}
							}
						},
						{
							"origin": [-1.5, 11.7, -0.29837],
							"size": [3, 0.1, 0.59674],
							"uv": {
								"north": {"uv": [81, 16], "uv_size": [6, 1]},
								"east": {"uv": [24, 35], "uv_size": [1, 1]},
								"south": {"uv": [81, 17], "uv_size": [6, 1]},
								"west": {"uv": [8, 38], "uv_size": [1, 1]},
								"up": {"uv": [87, 19], "uv_size": [-6, -1]},
								"down": {"uv": [81, 19], "uv_size": [6, 1]}
							}
						},
						{
							"origin": [-1.5, 11.7, -0.29837],
							"size": [3, 0.1, 0.59674],
							"pivot": [0, 11.25, 0],
							"rotation": [0, 22.5, 0],
							"uv": {
								"north": {"uv": [81, 20], "uv_size": [6, 1]},
								"east": {"uv": [8, 39], "uv_size": [1, 1]},
								"south": {"uv": [81, 21], "uv_size": [6, 1]},
								"west": {"uv": [40, 18], "uv_size": [1, 1]},
								"up": {"uv": [87, 23], "uv_size": [-6, -1]},
								"down": {"uv": [81, 23], "uv_size": [6, 1]}
							}
						},
						{
							"origin": [-0.29837, 11.7, -1.5],
							"size": [0.59674, 0.1, 3],
							"pivot": [0, 11.25, 0],
							"rotation": [0, -45, 0],
							"uv": {
								"north": {"uv": [40, 19], "uv_size": [1, 1]},
								"east": {"uv": [81, 24], "uv_size": [6, 1]},
								"south": {"uv": [49, 16], "uv_size": [1, 1]},
								"west": {"uv": [81, 25], "uv_size": [6, 1]},
								"up": {"uv": [16, 6], "uv_size": [-1, -6]},
								"down": {"uv": [23, 10], "uv_size": [1, 6]}
							}
						},
						{
							"origin": [-0.29837, 11.7, -1.5],
							"size": [0.59674, 0.1, 3],
							"pivot": [0, 11.25, 0],
							"rotation": [0, -22.5, 0],
							"uv": {
								"north": {"uv": [49, 17], "uv_size": [1, 1]},
								"east": {"uv": [81, 26], "uv_size": [6, 1]},
								"south": {"uv": [9, 56], "uv_size": [1, 1]},
								"west": {"uv": [81, 27], "uv_size": [6, 1]},
								"up": {"uv": [21, 77], "uv_size": [-1, -6]},
								"down": {"uv": [54, 81], "uv_size": [1, 6]}
							}
						},
						{
							"origin": [-0.29837, 11.7, -1.5],
							"size": [0.59674, 0.1, 3],
							"uv": {
								"north": {"uv": [9, 57], "uv_size": [1, 1]},
								"east": {"uv": [81, 28], "uv_size": [6, 1]},
								"south": {"uv": [23, 58], "uv_size": [1, 1]},
								"west": {"uv": [81, 29], "uv_size": [6, 1]},
								"up": {"uv": [56, 87], "uv_size": [-1, -6]},
								"down": {"uv": [81, 62], "uv_size": [1, 6]}
							}
						},
						{
							"origin": [-0.29837, 11.7, -1.5],
							"size": [0.59674, 0.1, 3],
							"pivot": [0, 11.25, 0],
							"rotation": [0, 22.5, 0],
							"uv": {
								"north": {"uv": [23, 59], "uv_size": [1, 1]},
								"east": {"uv": [81, 68], "uv_size": [6, 1]},
								"south": {"uv": [59, 15], "uv_size": [1, 1]},
								"west": {"uv": [81, 69], "uv_size": [6, 1]},
								"up": {"uv": [38, 88], "uv_size": [-1, -6]},
								"down": {"uv": [38, 82], "uv_size": [1, 6]}
							}
						},
						{
							"origin": [-0.29837, 11.7, -1.5],
							"size": [0.59674, 0.1, 3],
							"pivot": [0, 11.25, 0],
							"rotation": [0, 45, 0],
							"uv": {
								"north": {"uv": [58, 60], "uv_size": [1, 1]},
								"east": {"uv": [81, 70], "uv_size": [6, 1]},
								"south": {"uv": [58, 61], "uv_size": [1, 1]},
								"west": {"uv": [81, 71], "uv_size": [6, 1]},
								"up": {"uv": [40, 88], "uv_size": [-1, -6]},
								"down": {"uv": [40, 82], "uv_size": [1, 6]}
							}
						},
						{
							"origin": [-1.25, 11.25, -0.24864],
							"size": [2.5, 0.5, 0.49728],
							"pivot": [0, 11, 0],
							"rotation": [0, -22.5, 0],
							"uv": {
								"north": {"uv": [24, 52], "uv_size": [5, 1]},
								"east": {"uv": [66, 54], "uv_size": [1, 1]},
								"south": {"uv": [24, 53], "uv_size": [5, 1]},
								"west": {"uv": [66, 61], "uv_size": [1, 1]},
								"up": {"uv": [36, 55], "uv_size": [-5, -1]},
								"down": {"uv": [38, 55], "uv_size": [5, 1]}
							}
						},
						{
							"origin": [-1.25, 11.25, -0.24864],
							"size": [2.5, 0.5, 0.49728],
							"uv": {
								"north": {"uv": [38, 56], "uv_size": [5, 1]},
								"east": {"uv": [67, 56], "uv_size": [1, 1]},
								"south": {"uv": [48, 82], "uv_size": [5, 1]},
								"west": {"uv": [37, 68], "uv_size": [1, 1]},
								"up": {"uv": [87, 83], "uv_size": [-5, -1]},
								"down": {"uv": [82, 0], "uv_size": [5, 1]}
							}
						},
						{
							"origin": [-1.25, 11.25, -0.24864],
							"size": [2.5, 0.5, 0.49728],
							"pivot": [0, 11, 0],
							"rotation": [0, 22.5, 0],
							"uv": {
								"north": {"uv": [82, 1], "uv_size": [5, 1]},
								"east": {"uv": [6, 69], "uv_size": [1, 1]},
								"south": {"uv": [82, 2], "uv_size": [5, 1]},
								"west": {"uv": [37, 69], "uv_size": [1, 1]},
								"up": {"uv": [87, 4], "uv_size": [-5, -1]},
								"down": {"uv": [82, 4], "uv_size": [5, 1]}
							}
						},
						{
							"origin": [-0.24864, 11.25, -1.25],
							"size": [0.49728, 0.5, 2.5],
							"pivot": [0, 11, 0],
							"rotation": [0, -45, 0],
							"uv": {
								"north": {"uv": [6, 70], "uv_size": [1, 1]},
								"east": {"uv": [82, 5], "uv_size": [5, 1]},
								"south": {"uv": [57, 70], "uv_size": [1, 1]},
								"west": {"uv": [82, 6], "uv_size": [5, 1]},
								"up": {"uv": [42, 87], "uv_size": [-1, -5]},
								"down": {"uv": [42, 82], "uv_size": [1, 5]}
							}
						},
						{
							"origin": [-0.24864, 11.25, -1.25],
							"size": [0.49728, 0.5, 2.5],
							"pivot": [0, 11, 0],
							"rotation": [0, -22.5, 0],
							"uv": {
								"north": {"uv": [70, 39], "uv_size": [1, 1]},
								"east": {"uv": [82, 7], "uv_size": [5, 1]},
								"south": {"uv": [57, 71], "uv_size": [1, 1]},
								"west": {"uv": [82, 8], "uv_size": [5, 1]},
								"up": {"uv": [54, 87], "uv_size": [-1, -5]},
								"down": {"uv": [82, 9], "uv_size": [1, 5]}
							}
						},
						{
							"origin": [-0.24864, 11.25, -1.25],
							"size": [0.49728, 0.5, 2.5],
							"uv": {
								"north": {"uv": [71, 39], "uv_size": [1, 1]},
								"east": {"uv": [82, 14], "uv_size": [5, 1]},
								"south": {"uv": [74, 63], "uv_size": [1, 1]},
								"west": {"uv": [82, 15], "uv_size": [5, 1]},
								"up": {"uv": [83, 35], "uv_size": [-1, -5]},
								"down": {"uv": [82, 62], "uv_size": [1, 5]}
							}
						},
						{
							"origin": [-0.24864, 11.25, -1.25],
							"size": [0.49728, 0.5, 2.5],
							"pivot": [0, 11, 0],
							"rotation": [0, 22.5, 0],
							"uv": {
								"north": {"uv": [75, 60], "uv_size": [1, 1]},
								"east": {"uv": [82, 35], "uv_size": [5, 1]},
								"south": {"uv": [75, 71], "uv_size": [1, 1]},
								"west": {"uv": [82, 36], "uv_size": [5, 1]},
								"up": {"uv": [83, 77], "uv_size": [-1, -5]},
								"down": {"uv": [82, 77], "uv_size": [1, 5]}
							}
						},
						{
							"origin": [-0.24864, 11.25, -1.25],
							"size": [0.49728, 0.5, 2.5],
							"pivot": [0, 11, 0],
							"rotation": [0, 45, 0],
							"uv": {
								"north": {"uv": [76, 62], "uv_size": [1, 1]},
								"east": {"uv": [82, 37], "uv_size": [5, 1]},
								"south": {"uv": [76, 71], "uv_size": [1, 1]},
								"west": {"uv": [82, 67], "uv_size": [5, 1]},
								"up": {"uv": [49, 88], "uv_size": [-1, -5]},
								"down": {"uv": [49, 83], "uv_size": [1, 5]}
							}
						},
						{
							"origin": [-2, 9, -0.39782],
							"size": [4, 1, 0.79565],
							"pivot": [0, 9, 0],
							"rotation": [0, -22.5, 0],
							"uv": {
								"north": {"uv": [72, 34], "uv_size": [8, 2]},
								"east": {"uv": [83, 62], "uv_size": [2, 2]},
								"south": {"uv": [72, 36], "uv_size": [8, 2]},
								"west": {"uv": [83, 64], "uv_size": [2, 2]},
								"up": {"uv": [80, 40], "uv_size": [-8, -2]},
								"down": {"uv": [58, 73], "uv_size": [8, 2]}
							}
						},
						{
							"origin": [-2, 9, -0.39782],
							"size": [4, 1, 0.79565],
							"uv": {
								"north": {"uv": [73, 16], "uv_size": [8, 2]},
								"east": {"uv": [83, 72], "uv_size": [2, 2]},
								"south": {"uv": [73, 18], "uv_size": [8, 2]},
								"west": {"uv": [83, 74], "uv_size": [2, 2]},
								"up": {"uv": [81, 22], "uv_size": [-8, -2]},
								"down": {"uv": [73, 22], "uv_size": [8, 2]}
							}
						},
						{
							"origin": [-2, 9, -0.39782],
							"size": [4, 1, 0.79565],
							"pivot": [0, 9, 0],
							"rotation": [0, 22.5, 0],
							"uv": {
								"north": {"uv": [66, 74], "uv_size": [8, 2]},
								"east": {"uv": [83, 76], "uv_size": [2, 2]},
								"south": {"uv": [74, 74], "uv_size": [8, 2]},
								"west": {"uv": [83, 78], "uv_size": [2, 2]},
								"up": {"uv": [82, 74], "uv_size": [-8, -2]},
								"down": {"uv": [58, 75], "uv_size": [8, 2]}
							}
						},
						{
							"origin": [-0.39782, 9, -2],
							"size": [0.79565, 1, 4],
							"pivot": [0, 9, 0],
							"rotation": [0, -45, 0],
							"uv": {
								"north": {"uv": [83, 80], "uv_size": [2, 2]},
								"east": {"uv": [75, 46], "uv_size": [8, 2]},
								"south": {"uv": [30, 84], "uv_size": [2, 2]},
								"west": {"uv": [75, 48], "uv_size": [8, 2]},
								"up": {"uv": [77, 71], "uv_size": [-2, -8]},
								"down": {"uv": [66, 76], "uv_size": [2, 8]}
							}
						},
						{
							"origin": [-0.39782, 9, -2],
							"size": [0.79565, 1, 4],
							"pivot": [0, 9, 0],
							"rotation": [0, -22.5, 0],
							"uv": {
								"north": {"uv": [56, 84], "uv_size": [2, 2]},
								"east": {"uv": [75, 50], "uv_size": [8, 2]},
								"south": {"uv": [66, 84], "uv_size": [2, 2]},
								"west": {"uv": [75, 52], "uv_size": [8, 2]},
								"up": {"uv": [70, 84], "uv_size": [-2, -8]},
								"down": {"uv": [70, 76], "uv_size": [2, 8]}
							}
						},
						{
							"origin": [-0.39782, 9, -2],
							"size": [0.79565, 1, 4],
							"uv": {
								"north": {"uv": [68, 84], "uv_size": [2, 2]},
								"east": {"uv": [75, 58], "uv_size": [8, 2]},
								"south": {"uv": [70, 84], "uv_size": [2, 2]},
								"west": {"uv": [72, 76], "uv_size": [8, 2]},
								"up": {"uv": [22, 85], "uv_size": [-2, -8]},
								"down": {"uv": [58, 77], "uv_size": [2, 8]}
							}
						},
						{
							"origin": [-0.39782, 9, -2],
							"size": [0.79565, 1, 4],
							"pivot": [0, 9, 0],
							"rotation": [0, 22.5, 0],
							"uv": {
								"north": {"uv": [72, 84], "uv_size": [2, 2]},
								"east": {"uv": [76, 54], "uv_size": [8, 2]},
								"south": {"uv": [74, 84], "uv_size": [2, 2]},
								"west": {"uv": [76, 60], "uv_size": [8, 2]},
								"up": {"uv": [62, 85], "uv_size": [-2, -8]},
								"down": {"uv": [62, 77], "uv_size": [2, 8]}
							}
						},
						{
							"origin": [-0.39782, 9, -2],
							"size": [0.79565, 1, 4],
							"pivot": [0, 9, 0],
							"rotation": [0, 45, 0],
							"uv": {
								"north": {"uv": [76, 84], "uv_size": [2, 2]},
								"east": {"uv": [77, 40], "uv_size": [8, 2]},
								"south": {"uv": [78, 84], "uv_size": [2, 2]},
								"west": {"uv": [77, 42], "uv_size": [8, 2]},
								"up": {"uv": [66, 85], "uv_size": [-2, -8]},
								"down": {"uv": [77, 62], "uv_size": [2, 8]}
							}
						},
						{
							"origin": [-1.85, 9.75, -0.36799],
							"size": [3.7, 1.5, 0.73598],
							"pivot": [0, 10, 0],
							"rotation": [0, -22.5, 0],
							"uv": {
								"north": {"uv": [10, 55], "uv_size": [7, 3]},
								"east": {"uv": [83, 85], "uv_size": [1, 3]},
								"south": {"uv": [17, 55], "uv_size": [7, 3]},
								"west": {"uv": [85, 9], "uv_size": [1, 3]},
								"up": {"uv": [78, 28], "uv_size": [-7, -1]},
								"down": {"uv": [77, 44], "uv_size": [7, 1]}
							}
						},
						{
							"origin": [-1.85, 9.75, -0.36799],
							"size": [3.7, 1.5, 0.73598],
							"uv": {
								"north": {"uv": [31, 55], "uv_size": [7, 3]},
								"east": {"uv": [85, 30], "uv_size": [1, 3]},
								"south": {"uv": [55, 46], "uv_size": [7, 3]},
								"west": {"uv": [85, 40], "uv_size": [1, 3]},
								"up": {"uv": [84, 46], "uv_size": [-7, -1]},
								"down": {"uv": [77, 56], "uv_size": [7, 1]}
							}
						},
						{
							"origin": [-1.85, 9.75, -0.36799],
							"size": [3.7, 1.5, 0.73598],
							"pivot": [0, 10, 0],
							"rotation": [0, 22.5, 0],
							"uv": {
								"north": {"uv": [55, 49], "uv_size": [7, 3]},
								"east": {"uv": [85, 46], "uv_size": [1, 3]},
								"south": {"uv": [0, 56], "uv_size": [7, 3]},
								"west": {"uv": [85, 49], "uv_size": [1, 3]},
								"up": {"uv": [84, 58], "uv_size": [-7, -1]},
								"down": {"uv": [80, 38], "uv_size": [7, 1]}
							}
						},
						{
							"origin": [-0.36799, 9.75, -1.85],
							"size": [0.73598, 1.5, 3.7],
							"pivot": [0, 10, 0],
							"rotation": [0, -45, 0],
							"uv": {
								"north": {"uv": [85, 62], "uv_size": [1, 3]},
								"east": {"uv": [24, 57], "uv_size": [7, 3]},
								"south": {"uv": [85, 72], "uv_size": [1, 3]},
								"west": {"uv": [38, 57], "uv_size": [7, 3]},
								"up": {"uv": [13, 88], "uv_size": [-1, -7]},
								"down": {"uv": [13, 81], "uv_size": [1, 7]}
							}
						},
						{
							"origin": [-0.36799, 9.75, -1.85],
							"size": [0.73598, 1.5, 3.7],
							"pivot": [0, 10, 0],
							"rotation": [0, -22.5, 0],
							"uv": {
								"north": {"uv": [85, 75], "uv_size": [1, 3]},
								"east": {"uv": [45, 57], "uv_size": [7, 3]},
								"south": {"uv": [85, 78], "uv_size": [1, 3]},
								"west": {"uv": [52, 57], "uv_size": [7, 3]},
								"up": {"uv": [15, 88], "uv_size": [-1, -7]},
								"down": {"uv": [15, 81], "uv_size": [1, 7]}
							}
						},
						{
							"origin": [-0.36799, 9.75, -1.85],
							"size": [0.73598, 1.5, 3.7],
							"uv": {
								"north": {"uv": [0, 86], "uv_size": [1, 3]},
								"east": {"uv": [57, 52], "uv_size": [7, 3]},
								"south": {"uv": [1, 86], "uv_size": [1, 3]},
								"west": {"uv": [7, 58], "uv_size": [7, 3]},
								"up": {"uv": [17, 88], "uv_size": [-1, -7]},
								"down": {"uv": [17, 81], "uv_size": [1, 7]}
							}
						},
						{
							"origin": [-0.36799, 9.75, -1.85],
							"size": [0.73598, 1.5, 3.7],
							"pivot": [0, 10, 0],
							"rotation": [0, 22.5, 0],
							"uv": {
								"north": {"uv": [30, 86], "uv_size": [1, 3]},
								"east": {"uv": [14, 58], "uv_size": [7, 3]},
								"south": {"uv": [31, 86], "uv_size": [1, 3]},
								"west": {"uv": [31, 58], "uv_size": [7, 3]},
								"up": {"uv": [19, 88], "uv_size": [-1, -7]},
								"down": {"uv": [19, 81], "uv_size": [1, 7]}
							}
						},
						{
							"origin": [-0.36799, 9.75, -1.85],
							"size": [0.73598, 1.5, 3.7],
							"pivot": [0, 10, 0],
							"rotation": [0, 45, 0],
							"uv": {
								"north": {"uv": [47, 86], "uv_size": [1, 3]},
								"east": {"uv": [0, 59], "uv_size": [7, 3]},
								"south": {"uv": [52, 86], "uv_size": [1, 3]},
								"west": {"uv": [59, 59], "uv_size": [7, 3]},
								"up": {"uv": [36, 88], "uv_size": [-1, -7]},
								"down": {"uv": [36, 81], "uv_size": [1, 7]}
							}
						},
						{
							"origin": [-2.15, 8, -0.42766],
							"size": [4.3, 1, 0.85532],
							"pivot": [0, 8, 0],
							"rotation": [0, -22.5, 0],
							"uv": {
								"north": {"uv": [66, 66], "uv_size": [9, 2]},
								"east": {"uv": [80, 84], "uv_size": [2, 2]},
								"south": {"uv": [66, 46], "uv_size": [9, 2]},
								"west": {"uv": [84, 84], "uv_size": [2, 2]},
								"up": {"uv": [75, 50], "uv_size": [-9, -2]},
								"down": {"uv": [66, 50], "uv_size": [9, 2]}
							}
						},
						{
							"origin": [-2.15, 8, -0.42766],
							"size": [4.3, 1, 0.85532],
							"uv": {
								"north": {"uv": [66, 52], "uv_size": [9, 2]},
								"east": {"uv": [84, 44], "uv_size": [2, 2]},
								"south": {"uv": [66, 59], "uv_size": [9, 2]},
								"west": {"uv": [84, 54], "uv_size": [2, 2]},
								"up": {"uv": [75, 66], "uv_size": [-9, -2]},
								"down": {"uv": [67, 54], "uv_size": [9, 2]}
							}
						},
						{
							"origin": [-2.15, 8, -0.42766],
							"size": [4.3, 1, 0.85532],
							"pivot": [0, 8, 0],
							"rotation": [0, 22.5, 0],
							"uv": {
								"north": {"uv": [67, 61], "uv_size": [9, 2]},
								"east": {"uv": [84, 56], "uv_size": [2, 2]},
								"south": {"uv": [66, 68], "uv_size": [9, 2]},
								"west": {"uv": [84, 60], "uv_size": [2, 2]},
								"up": {"uv": [77, 42], "uv_size": [-9, -2]},
								"down": {"uv": [68, 42], "uv_size": [9, 2]}
							}
						},
						{
							"origin": [-0.42766, 8, -2.15],
							"size": [0.85532, 1, 4.3],
							"pivot": [0, 8, 0],
							"rotation": [0, -45, 0],
							"uv": {
								"north": {"uv": [2, 85], "uv_size": [2, 2]},
								"east": {"uv": [68, 44], "uv_size": [9, 2]},
								"south": {"uv": [4, 85], "uv_size": [2, 2]},
								"west": {"uv": [68, 56], "uv_size": [9, 2]},
								"up": {"uv": [23, 77], "uv_size": [-2, -9]},
								"down": {"uv": [23, 70], "uv_size": [2, 9]}
							}
						},
						{
							"origin": [-0.42766, 8, -2.15],
							"size": [0.85532, 1, 4.3],
							"pivot": [0, 8, 0],
							"rotation": [0, -22.5, 0],
							"uv": {
								"north": {"uv": [6, 85], "uv_size": [2, 2]},
								"east": {"uv": [69, 0], "uv_size": [9, 2]},
								"south": {"uv": [20, 85], "uv_size": [2, 2]},
								"west": {"uv": [69, 2], "uv_size": [9, 2]},
								"up": {"uv": [27, 79], "uv_size": [-2, -9]},
								"down": {"uv": [27, 70], "uv_size": [2, 9]}
							}
						},
						{
							"origin": [-0.42766, 8, -2.15],
							"size": [0.85532, 1, 4.3],
							"uv": {
								"north": {"uv": [22, 85], "uv_size": [2, 2]},
								"east": {"uv": [69, 4], "uv_size": [9, 2]},
								"south": {"uv": [24, 85], "uv_size": [2, 2]},
								"west": {"uv": [69, 6], "uv_size": [9, 2]},
								"up": {"uv": [31, 79], "uv_size": [-2, -9]},
								"down": {"uv": [33, 70], "uv_size": [2, 9]}
							}
						},
						{
							"origin": [-0.42766, 8, -2.15],
							"size": [0.85532, 1, 4.3],
							"pivot": [0, 8, 0],
							"rotation": [0, 22.5, 0],
							"uv": {
								"north": {"uv": [26, 85], "uv_size": [2, 2]},
								"east": {"uv": [69, 28], "uv_size": [9, 2]},
								"south": {"uv": [28, 85], "uv_size": [2, 2]},
								"west": {"uv": [35, 70], "uv_size": [9, 2]},
								"up": {"uv": [46, 79], "uv_size": [-2, -9]},
								"down": {"uv": [46, 70], "uv_size": [2, 9]}
							}
						},
						{
							"origin": [-0.42766, 8, -2.15],
							"size": [0.85532, 1, 4.3],
							"pivot": [0, 8, 0],
							"rotation": [0, 45, 0],
							"uv": {
								"north": {"uv": [33, 85], "uv_size": [2, 2]},
								"east": {"uv": [48, 70], "uv_size": [9, 2]},
								"south": {"uv": [43, 85], "uv_size": [2, 2]},
								"west": {"uv": [66, 70], "uv_size": [9, 2]},
								"up": {"uv": [72, 39], "uv_size": [-2, -9]},
								"down": {"uv": [0, 71], "uv_size": [2, 9]}
							}
						},
						{
							"origin": [-2.25, 5, -0.44755],
							"size": [4.5, 3, 0.89511],
							"pivot": [0, 5, 0],
							"rotation": [0, -22.5, 0],
							"uv": {
								"north": {"uv": [32, 20], "uv_size": [9, 6]},
								"east": {"uv": [62, 46], "uv_size": [2, 6]},
								"south": {"uv": [32, 26], "uv_size": [9, 6]},
								"west": {"uv": [72, 78], "uv_size": [2, 6]},
								"up": {"uv": [11, 73], "uv_size": [-9, -2]},
								"down": {"uv": [11, 71], "uv_size": [9, 2]}
							}
						},
						{
							"origin": [-2.25, 5, -0.44755],
							"size": [4.5, 3, 0.89511],
							"uv": {
								"north": {"uv": [16, 36], "uv_size": [9, 6]},
								"east": {"uv": [74, 78], "uv_size": [2, 6]},
								"south": {"uv": [0, 40], "uv_size": [9, 6]},
								"west": {"uv": [76, 78], "uv_size": [2, 6]},
								"up": {"uv": [80, 10], "uv_size": [-9, -2]},
								"down": {"uv": [71, 10], "uv_size": [9, 2]}
							}
						},
						{
							"origin": [-2.25, 5, -0.44755],
							"size": [4.5, 3, 0.89511],
							"pivot": [0, 5, 0],
							"rotation": [0, 22.5, 0],
							"uv": {
								"north": {"uv": [40, 40], "uv_size": [9, 6]},
								"east": {"uv": [78, 78], "uv_size": [2, 6]},
								"south": {"uv": [40, 0], "uv_size": [9, 6]},
								"west": {"uv": [78, 0], "uv_size": [2, 6]},
								"up": {"uv": [80, 14], "uv_size": [-9, -2]},
								"down": {"uv": [71, 14], "uv_size": [9, 2]}
							}
						},
						{
							"origin": [-0.44755, 5, -2.25],
							"size": [0.89511, 3, 4.5],
							"pivot": [0, 5, 0],
							"rotation": [0, -45, 0],
							"uv": {
								"north": {"uv": [22, 79], "uv_size": [2, 6]},
								"east": {"uv": [40, 6], "uv_size": [9, 6]},
								"south": {"uv": [24, 79], "uv_size": [2, 6]},
								"west": {"uv": [40, 12], "uv_size": [9, 6]},
								"up": {"uv": [33, 80], "uv_size": [-2, -9]},
								"down": {"uv": [71, 16], "uv_size": [2, 9]}
							}
						},
						{
							"origin": [-0.44755, 5, -2.25],
							"size": [0.89511, 3, 4.5],
							"pivot": [0, 5, 0],
							"rotation": [0, -22.5, 0],
							"uv": {
								"north": {"uv": [26, 79], "uv_size": [2, 6]},
								"east": {"uv": [40, 32], "uv_size": [9, 6]},
								"south": {"uv": [28, 79], "uv_size": [2, 6]},
								"west": {"uv": [41, 18], "uv_size": [9, 6]},
								"up": {"uv": [37, 81], "uv_size": [-2, -9]},
								"down": {"uv": [37, 72], "uv_size": [2, 9]}
							}
						},
						{
							"origin": [-0.44755, 5, -2.25],
							"size": [0.89511, 3, 4.5],
							"uv": {
								"north": {"uv": [33, 79], "uv_size": [2, 6]},
								"east": {"uv": [41, 24], "uv_size": [9, 6]},
								"south": {"uv": [43, 79], "uv_size": [2, 6]},
								"west": {"uv": [9, 42], "uv_size": [9, 6]},
								"up": {"uv": [41, 81], "uv_size": [-2, -9]},
								"down": {"uv": [41, 72], "uv_size": [2, 9]}
							}
						},
						{
							"origin": [-0.44755, 5, -2.25],
							"size": [0.89511, 3, 4.5],
							"pivot": [0, 5, 0],
							"rotation": [0, 22.5, 0],
							"uv": {
								"north": {"uv": [45, 79], "uv_size": [2, 6]},
								"east": {"uv": [18, 42], "uv_size": [9, 6]},
								"south": {"uv": [79, 24], "uv_size": [2, 6]},
								"west": {"uv": [27, 42], "uv_size": [9, 6]},
								"up": {"uv": [50, 81], "uv_size": [-2, -9]},
								"down": {"uv": [50, 72], "uv_size": [2, 9]}
							}
						},
						{
							"origin": [-0.44755, 5, -2.25],
							"size": [0.89511, 3, 4.5],
							"pivot": [0, 5, 0],
							"rotation": [0, 45, 0],
							"uv": {
								"north": {"uv": [79, 62], "uv_size": [2, 6]},
								"east": {"uv": [0, 46], "uv_size": [9, 6]},
								"south": {"uv": [0, 80], "uv_size": [2, 6]},
								"west": {"uv": [36, 46], "uv_size": [9, 6]},
								"up": {"uv": [54, 81], "uv_size": [-2, -9]},
								"down": {"uv": [54, 72], "uv_size": [2, 9]}
							}
						}
					]
				}
			]
		}
	]
}