{
	"format_version": "1.12.0",
	"minecraft:geometry": [
		{
			"description": {
				"identifier": "geometry.billorca",
				"texture_width": 128,
				"texture_height": 128,
				"visible_bounds_width": 4,
				"visible_bounds_height": 1,
				"visible_bounds_offset": [0, 0.5, 0]
			},
			"bones": [
				{
					"name": "body",
					"pivot": [0, 3.75, -0.5],
					"cubes": [
						{
							"origin": [-4, 0, -7],
							"size": [8, 7, 13],
							"uv": {
								"north": {"uv": [12, 12], "uv_size": [8, 7]},
								"east": {"uv": [0, 12], "uv_size": [12, 7]},
								"south": {"uv": [32, 12], "uv_size": [8, 7]},
								"west": {"uv": [20, 12], "uv_size": [12, 7]},
								"up": {"uv": [12, 0], "uv_size": [8, 12]},
								"down": {"uv": [21, 60], "uv_size": [-8, 12]}
							}
						}
					]
				},
				{
					"name": "head",
					"parent": "body",
					"pivot": [0, 4.25, -7],
					"cubes": [
						{
							"origin": [-3.5, 2.75, -12.5],
							"size": [7, 4, 5.5],
							"uv": {
								"north": {"uv": [31, 32], "uv_size": [8, 3]},
								"east": {"uv": [31, 32], "uv_size": [8, 3]},
								"south": {"uv": [31, 32], "uv_size": [8, 3]},
								"west": {"uv": [31, 32], "uv_size": [8, 3]},
								"up": {"uv": [39, 35], "uv_size": [-8, -3]},
								"down": {"uv": [31, 32], "uv_size": [8, 3]}
							}
						},
						{
							"origin": [-3.1, 2.75, -16],
							"size": [6.25, 3, 6.5],
							"uv": {
								"north": {"uv": [28, 31], "uv_size": [5, 4]},
								"east": {"uv": [36, 21], "uv_size": [15, 3]},
								"south": {"uv": [36, 21], "uv_size": [15, 3]},
								"west": {"uv": [36, 21], "uv_size": [15, 3]},
								"up": {"uv": [39, 35], "uv_size": [-13, -3]},
								"down": {"uv": [36, 21], "uv_size": [15, 3]}
							}
						},
						{
							"origin": [-3.2, 3.25, -15],
							"size": [6.45, 3, 6.5],
							"uv": {
								"north": {"uv": [33, 31], "uv_size": [7, 3]},
								"east": {"uv": [33, 31], "uv_size": [7, 3]},
								"south": {"uv": [33, 31], "uv_size": [7, 3]},
								"west": {"uv": [33, 31], "uv_size": [7, 3]},
								"up": {"uv": [40, 34], "uv_size": [-7, -3]},
								"down": {"uv": [33, 31], "uv_size": [7, 3]}
							}
						},
						{
							"origin": [-2.7, 2.75, -16.5],
							"size": [5.45, 2, 8.5],
							"uv": {
								"north": {"uv": [31, 32], "uv_size": [7, 3]},
								"east": {"uv": [31, 32], "uv_size": [7, 3]},
								"south": {"uv": [31, 32], "uv_size": [7, 3]},
								"west": {"uv": [31, 32], "uv_size": [7, 3]},
								"up": {"uv": [38, 35], "uv_size": [-7, -3]},
								"down": {"uv": [31, 32], "uv_size": [7, 3]}
							}
						},
						{
							"origin": [-3.6, 4.25, -12.5],
							"size": [0, 2, 4.3],
							"uv": {
								"north": {"uv": [19, 3], "uv_size": [0, 4]},
								"east": {"uv": [0, 0], "uv_size": [0, 0]},
								"south": {"uv": [0, 0], "uv_size": [0, 4]},
								"west": {"uv": [48, 8], "uv_size": [4, 2]},
								"up": {"uv": [0, 8], "uv_size": [0, -8]},
								"down": {"uv": [0, 0], "uv_size": [0, 8]}
							}
						},
						{
							"origin": [3.6, 4.25, -12.5],
							"size": [0, 2, 4.3],
							"uv": {
								"north": {"uv": [19, 3], "uv_size": [0, 4]},
								"east": {"uv": [0, 0], "uv_size": [0, 0]},
								"south": {"uv": [0, 0], "uv_size": [0, 4]},
								"west": {"uv": [48, 8], "uv_size": [4, 2]},
								"up": {"uv": [0, 8], "uv_size": [0, -8]},
								"down": {"uv": [0, 0], "uv_size": [0, 8]}
							}
						},
						{
							"origin": [3.35, 3.75, -13],
							"size": [0, 0.5, 1],
							"uv": {
								"north": {"uv": [0, 0], "uv_size": [0, 1]},
								"east": {"uv": [7, 87], "uv_size": [1, 1]},
								"south": {"uv": [0, 0], "uv_size": [0, 1]},
								"west": {"uv": [0, 0], "uv_size": [1, 1]},
								"up": {"uv": [0, 1], "uv_size": [0, -1]},
								"down": {"uv": [0, 0], "uv_size": [0, 1]}
							}
						},
						{
							"origin": [-3.25, 3.75, -13],
							"size": [0, 0.5, 1],
							"uv": {
								"north": {"uv": [0, 0], "uv_size": [0, 1]},
								"east": {"uv": [7, 87], "uv_size": [1, 1]},
								"south": {"uv": [0, 0], "uv_size": [0, 1]},
								"west": {"uv": [0, 0], "uv_size": [1, 1]},
								"up": {"uv": [0, 1], "uv_size": [0, -1]},
								"down": {"uv": [0, 0], "uv_size": [0, 1]}
							}
						},
						{
							"origin": [-2.5, 2.66206, -6.5684],
							"size": [5, 0, 7.5],
							"pivot": [0, 1.85, -7],
							"rotation": [0, 180, 0],
							"uv": {
								"north": {"uv": [0, 0], "uv_size": [6, 0]},
								"east": {"uv": [0, 0], "uv_size": [8, 0]},
								"south": {"uv": [0, 0], "uv_size": [6, 0]},
								"west": {"uv": [15, 43], "uv_size": [8, 0]},
								"up": {"uv": [30, 72], "uv_size": [-8, -12]},
								"down": {"uv": [0, 0], "uv_size": [0, 0]}
							}
						}
					]
				},
				{
					"name": "jaw",
					"parent": "head",
					"pivot": [0, 1.85, -7],
					"cubes": [
						{
							"origin": [-3.5, 0.35, -11.5],
							"size": [7, 2.5, 4.5],
							"inflate": -0.01,
							"uv": {
								"north": {"uv": [51, 38], "uv_size": [5, 2]},
								"east": {"uv": [51, 38], "uv_size": [5, 2]},
								"south": {"uv": [51, 38], "uv_size": [5, 2]},
								"west": {"uv": [51, 38], "uv_size": [5, 2]},
								"up": {"uv": [56, 40], "uv_size": [-5, -2]},
								"down": {"uv": [52, 36], "uv_size": [4, 4]}
							}
						},
						{
							"origin": [-3, 0.6, -14.5],
							"size": [6, 2.25, 4.5],
							"inflate": -0.01,
							"uv": {
								"north": {"uv": [49, 35], "uv_size": [3, 2]},
								"east": {"uv": [49, 35], "uv_size": [3, 2]},
								"south": {"uv": [49, 35], "uv_size": [3, 2]},
								"west": {"uv": [49, 35], "uv_size": [3, 2]},
								"up": {"uv": [52, 37], "uv_size": [-3, -2]},
								"down": {"uv": [49, 33], "uv_size": [4, 4]}
							}
						},
						{
							"origin": [-2.5, 0.85, -15.5],
							"size": [5, 2, 2.5],
							"inflate": -0.01,
							"uv": {
								"north": {"uv": [48, 38], "uv_size": [4, 2]},
								"east": {"uv": [48, 39], "uv_size": [8, 1]},
								"south": {"uv": [48, 39], "uv_size": [8, 1]},
								"west": {"uv": [48, 39], "uv_size": [8, 1]},
								"up": {"uv": [56, 40], "uv_size": [-8, -1]},
								"down": {"uv": [48, 39], "uv_size": [8, 1]}
							}
						},
						{
							"origin": [-2.5, 2.85, -7.5],
							"size": [5, 0, 8.5],
							"pivot": [0, 1.85, -7],
							"rotation": [0, 180, 0],
							"uv": {
								"north": {"uv": [0, 0], "uv_size": [6, 0]},
								"east": {"uv": [0, 0], "uv_size": [8, 0]},
								"south": {"uv": [0, 0], "uv_size": [6, 0]},
								"west": {"uv": [15, 43], "uv_size": [8, 0]},
								"up": {"uv": [30, 72], "uv_size": [-8, -12]}
							}
						}
					]
				},
				{
					"name": "tail",
					"parent": "body",
					"pivot": [0, 3.5, 6],
					"cubes": [
						{
							"origin": [-2, 1, 5],
							"size": [4, 5, 6],
							"uv": {
								"north": {"uv": [40, 19], "uv_size": [4, 5]},
								"east": {"uv": [29, 19], "uv_size": [11, 5]},
								"south": {"uv": [55, 19], "uv_size": [4, 5]},
								"west": {"uv": [44, 19], "uv_size": [11, 5]},
								"up": {"uv": [40, 8], "uv_size": [4, 11]},
								"down": {"uv": [48, 8], "uv_size": [-4, 11]}
							}
						}
					]
				},
				{
					"name": "bone",
					"parent": "tail",
					"pivot": [0, 3.5, 11],
					"cubes": [
						{
							"origin": [-2, 1, 8],
							"size": [4, 5, 6],
							"inflate": -0.5,
							"uv": {
								"north": {"uv": [40, 19], "uv_size": [4, 5]},
								"east": {"uv": [29, 19], "uv_size": [11, 5]},
								"south": {"uv": [55, 19], "uv_size": [4, 5]},
								"west": {"uv": [44, 19], "uv_size": [11, 5]},
								"up": {"uv": [40, 8], "uv_size": [4, 11]},
								"down": {"uv": [48, 8], "uv_size": [-4, 11]}
							}
						}
					]
				},
				{
					"name": "bone2",
					"parent": "bone",
					"pivot": [0, 3.25, 14],
					"cubes": [
						{
							"origin": [-1, 2, 13],
							"size": [2, 3, 4],
							"inflate": 0.1,
							"uv": {
								"north": {"uv": [40, 19], "uv_size": [4, 5]},
								"east": {"uv": [29, 19], "uv_size": [11, 5]},
								"south": {"uv": [55, 19], "uv_size": [4, 5]},
								"west": {"uv": [44, 19], "uv_size": [11, 5]},
								"up": {"uv": [40, 8], "uv_size": [4, 11]},
								"down": {"uv": [48, 8], "uv_size": [-4, 11]}
							}
						}
					]
				},
				{
					"name": "tail_fin",
					"parent": "bone2",
					"pivot": [0, 3.5, 16],
					"cubes": [
						{
							"origin": [-9, 3, 15],
							"size": [9, 1, 5],
							"pivot": [0, 3.5, 16],
							"rotation": [0, 25, 0],
							"uv": {
								"north": {"uv": [6, 43], "uv_size": [10, 1]},
								"east": {"uv": [0, 43], "uv_size": [6, 1]},
								"south": {"uv": [22, 43], "uv_size": [10, 1]},
								"west": {"uv": [16, 43], "uv_size": [6, 1]},
								"up": {"uv": [6, 37], "uv_size": [10, 6]},
								"down": {"uv": [26, 37], "uv_size": [-10, 6]}
							}
						},
						{
							"origin": [0, 3, 15],
							"size": [9, 1, 5],
							"inflate": 0.01,
							"pivot": [0, 3.5, 16],
							"rotation": [0, -20, 0],
							"uv": {
								"north": {"uv": [34, 6], "uv_size": [10, 1]},
								"east": {"uv": [28, 6], "uv_size": [6, 1]},
								"south": {"uv": [50, 6], "uv_size": [10, 1]},
								"west": {"uv": [44, 6], "uv_size": [6, 1]},
								"up": {"uv": [34, 0], "uv_size": [10, 6]},
								"down": {"uv": [54, 0], "uv_size": [-10, 6]}
							}
						}
					]
				},
				{
					"name": "back_fin",
					"parent": "body",
					"pivot": [0, 7, -3],
					"rotation": [-30, 0, 0],
					"cubes": [
						{
							"origin": [-0.5, 6.25, -4],
							"size": [1, 7, 4],
							"uv": {
								"north": {"uv": [4, 4], "uv_size": [1, 7]},
								"east": {"uv": [0, 4], "uv_size": [4, 7]},
								"south": {"uv": [9, 4], "uv_size": [1, 7]},
								"west": {"uv": [5, 4], "uv_size": [4, 7]},
								"up": {"uv": [4, 0], "uv_size": [1, 4]},
								"down": {"uv": [6, 0], "uv_size": [-1, 4]}
							}
						}
					]
				},
				{
					"name": "left_fin",
					"parent": "body",
					"pivot": [3, 1, -5],
					"rotation": [0, -25, 20],
					"cubes": [
						{
							"origin": [3, 1, -6.5],
							"size": [8, 1, 4],
							"uv": {
								"north": {"uv": [32, 47], "uv_size": [8, 1]},
								"east": {"uv": [28, 47], "uv_size": [4, 1]},
								"south": {"uv": [44, 47], "uv_size": [8, 1]},
								"west": {"uv": [40, 47], "uv_size": [4, 1]},
								"up": {"uv": [32, 43], "uv_size": [8, 4]},
								"down": {"uv": [48, 43], "uv_size": [-8, 4]}
							}
						}
					]
				},
				{
					"name": "right_fin",
					"parent": "body",
					"pivot": [-3, 1, -5],
					"rotation": [0, 25, -20],
					"cubes": [
						{
							"origin": [-11, 1, -6.5],
							"size": [8, 1, 4],
							"uv": {
								"north": {"uv": [32, 28], "uv_size": [8, 1]},
								"east": {"uv": [28, 28], "uv_size": [4, 1]},
								"south": {"uv": [44, 28], "uv_size": [8, 1]},
								"west": {"uv": [40, 28], "uv_size": [4, 1]},
								"up": {"uv": [32, 24], "uv_size": [8, 4]},
								"down": {"uv": [48, 24], "uv_size": [-8, 4]}
							}
						}
					]
				}
			]
		}
	]
}