{
	"format_version": "1.12.0",
	"minecraft:geometry": [
		{
			"description": {
				"identifier": "geometry.billpenguin",
				"texture_width": 64,
				"texture_height": 64,
				"visible_bounds_width": 3,
				"visible_bounds_height": 3,
				"visible_bounds_offset": [0, 0.5, 0]
			},
			"bones": [
				{
					"name": "body",
					"pivot": [0, 10, 1]
				},
				{
					"name": "block1",
					"parent": "body",
					"pivot": [0, 0, 1]
				},
				{
					"name": "leftLeg",
					"parent": "block1",
					"pivot": [3, 1, -2],
					"cubes": [
						{
							"origin": [2, 0, -5],
							"size": [2, 1, 4],
							"uv": {
								"north": {"uv": [12, 45], "uv_size": [2, 1]},
								"east": {"uv": [8, 45], "uv_size": [4, 1]},
								"south": {"uv": [18, 45], "uv_size": [2, 1]},
								"west": {"uv": [14, 45], "uv_size": [4, 1]},
								"up": {"uv": [12, 41], "uv_size": [2, 4]},
								"down": {"uv": [16, 45], "uv_size": [-2, -4]}
							}
						}
					]
				},
				{
					"name": "rightLeg",
					"parent": "block1",
					"pivot": [-3, 1, -2],
					"cubes": [
						{
							"origin": [-4, 0, -5],
							"size": [2, 1, 4],
							"uv": {
								"north": {"uv": [12, 40], "uv_size": [2, 1]},
								"east": {"uv": [8, 40], "uv_size": [4, 1]},
								"south": {"uv": [18, 40], "uv_size": [2, 1]},
								"west": {"uv": [14, 40], "uv_size": [4, 1]},
								"up": {"uv": [12, 36], "uv_size": [2, 4]},
								"down": {"uv": [16, 40], "uv_size": [-2, -4]}
							}
						}
					]
				},
				{
					"name": "walking",
					"parent": "block1",
					"pivot": [0, 1, 0.5],
					"locators": {
						"lead": [0, 0, 1]
					}
				},
				{
					"name": "bone4",
					"parent": "walking",
					"pivot": [0, 9, 1],
					"cubes": [
						{
							"origin": [-4, 1, -3],
							"size": [8, 13, 7],
							"uv": {
								"north": {"uv": [7, 7], "uv_size": [8, 13]},
								"east": {"uv": [0, 7], "uv_size": [7, 13]},
								"south": {"uv": [22, 7], "uv_size": [8, 13]},
								"west": {"uv": [15, 7], "uv_size": [7, 13]},
								"up": {"uv": [7, 0], "uv_size": [8, 7]},
								"down": {"uv": [23, 7], "uv_size": [-8, -7]}
							}
						}
					]
				},
				{
					"name": "block2",
					"parent": "walking",
					"pivot": [0, 19.1, 2.8]
				},
				{
					"name": "rightArm",
					"parent": "block2",
					"pivot": [4, 14, 0.5],
					"rotation": [0, 0, -5],
					"cubes": [
						{
							"origin": [4, 5, -1],
							"size": [1, 9, 3],
							"uv": {
								"north": {"uv": [3, 39], "uv_size": [1, 9]},
								"east": {"uv": [0, 39], "uv_size": [3, 9]},
								"south": {"uv": [7, 39], "uv_size": [1, 9]},
								"west": {"uv": [4, 39], "uv_size": [3, 9]},
								"up": {"uv": [3, 36], "uv_size": [1, 3]},
								"down": {"uv": [5, 39], "uv_size": [-1, -3]}
							}
						}
					]
				},
				{
					"name": "leftArm",
					"parent": "block2",
					"pivot": [-4, 14, 0.5],
					"rotation": [0, 0, 5],
					"cubes": [
						{
							"origin": [-5, 5, -1],
							"size": [1, 9, 3],
							"uv": {
								"north": {"uv": [35, 23], "uv_size": [1, 9]},
								"east": {"uv": [32, 23], "uv_size": [3, 9]},
								"south": {"uv": [39, 23], "uv_size": [1, 9]},
								"west": {"uv": [36, 23], "uv_size": [3, 9]},
								"up": {"uv": [35, 20], "uv_size": [1, 3]},
								"down": {"uv": [37, 23], "uv_size": [-1, -3]}
							}
						}
					]
				},
				{
					"name": "head",
					"parent": "block2",
					"pivot": [0, 17, 0.5],
					"cubes": [
						{
							"origin": [-4, 13, -3.5],
							"size": [8, 8, 8],
							"inflate": -1,
							"uv": {
								"north": {"uv": [8, 28], "uv_size": [8, 8]},
								"east": {"uv": [0, 28], "uv_size": [8, 8]},
								"south": {"uv": [24, 28], "uv_size": [8, 8]},
								"west": {"uv": [16, 28], "uv_size": [8, 8]},
								"up": {"uv": [8, 20], "uv_size": [8, 8]},
								"down": {"uv": [24, 28], "uv_size": [-8, -8]}
							}
						}
					]
				},
				{
					"name": "eye",
					"parent": "head",
					"pivot": [0, 0, 0.5],
					"cubes": [
						{
							"origin": [2.01, 15.5, -1.75],
							"size": [0, 3, 3],
							"uv": {
								"north": {"uv": [21, 51], "uv_size": [0, 3]},
								"east": {"uv": [18, 51], "uv_size": [3, 3]},
								"south": {"uv": [24, 51], "uv_size": [0, 3]},
								"west": {"uv": [21, 51], "uv_size": [3, 3]},
								"up": {"uv": [21, 48], "uv_size": [0, 3]},
								"down": {"uv": [21, 51], "uv_size": [0, -3]}
							}
						}
					]
				},
				{
					"name": "eye2",
					"parent": "head",
					"pivot": [-6, 0, 0.5],
					"cubes": [
						{
							"origin": [-2.01, 15.5, -1.75],
							"size": [0, 3, 3],
							"uv": {
								"north": {"uv": [13, 51], "uv_size": [0, 3]},
								"east": {"uv": [10, 51], "uv_size": [3, 3]},
								"south": {"uv": [16, 51], "uv_size": [0, 3]},
								"west": {"uv": [13, 51], "uv_size": [3, 3]},
								"up": {"uv": [13, 48], "uv_size": [0, 3]},
								"down": {"uv": [13, 51], "uv_size": [0, -3]}
							}
						}
					]
				},
				{
					"name": "hat",
					"parent": "head",
					"pivot": [0, 0, 0.5]
				},
				{
					"name": "beak",
					"parent": "head",
					"pivot": [0, 16, -2.5],
					"cubes": [
						{
							"origin": [-1, 16, -5.5],
							"size": [2, 1, 3],
							"uv": {
								"north": {"uv": [3, 51], "uv_size": [2, 1]},
								"east": {"uv": [0, 51], "uv_size": [3, 1]},
								"south": {"uv": [8, 51], "uv_size": [2, 1]},
								"west": {"uv": [5, 51], "uv_size": [3, 1]},
								"up": {"uv": [3, 48], "uv_size": [2, 3]},
								"down": {"uv": [7, 51], "uv_size": [-2, -3]}
							}
						},
						{
							"origin": [-1, 16, -2.5],
							"size": [2, 1, 3],
							"uv": {
								"north": {"uv": [3, 51], "uv_size": [2, 1]},
								"east": {"uv": [0, 51], "uv_size": [3, 1]},
								"south": {"uv": [8, 51], "uv_size": [2, 1]},
								"west": {"uv": [5, 51], "uv_size": [3, 1]},
								"up": {"uv": [3, 48], "uv_size": [2, 3]},
								"down": {"uv": [7, 51], "uv_size": [-2, -3]}
							}
						}
					]
				},
				{
					"name": "mouth",
					"parent": "beak",
					"pivot": [0, 16, -2.5],
					"cubes": [
						{
							"origin": [-1, 15, -4.5],
							"size": [2, 1, 2],
							"uv": {
								"north": {"uv": [28, 50], "uv_size": [2, 1]},
								"east": {"uv": [26, 50], "uv_size": [2, 1]},
								"south": {"uv": [32, 50], "uv_size": [2, 1]},
								"west": {"uv": [30, 50], "uv_size": [2, 1]},
								"up": {"uv": [28, 48], "uv_size": [2, 2]},
								"down": {"uv": [32, 50], "uv_size": [-2, -2]}
							}
						},
						{
							"origin": [-1, 15, -2.5],
							"size": [2, 1, 2],
							"uv": {
								"north": {"uv": [28, 50], "uv_size": [2, 1]},
								"east": {"uv": [26, 50], "uv_size": [2, 1]},
								"south": {"uv": [32, 50], "uv_size": [2, 1]},
								"west": {"uv": [30, 50], "uv_size": [2, 1]},
								"up": {"uv": [28, 48], "uv_size": [2, 2]},
								"down": {"uv": [32, 50], "uv_size": [-2, -2]}
							}
						}
					]
				}
			]
		}
	]
}