{
	"format_version": "1.12.0",
	"minecraft:geometry": [
		{
			"description": {
				"identifier": "geometry.picklecat",
				"texture_width": 64,
				"texture_height": 32,
				"visible_bounds_width": 5,
				"visible_bounds_height": 3,
				"visible_bounds_offset": [0, 0.5, 0]
			},
			"bones": [
				{
					"name": "body",
					"pivot": [0, 7, 1]
				},
				{
					"name": "bodyxd",
					"parent": "body",
					"pivot": [0, 7, 1],
					"cubes": [
						{
							"origin": [-2, -1, -2],
							"size": [4, 16, 6],
							"pivot": [0, 7, 1],
							"rotation": [90, 0, 0],
							"uv": {
								"north": {"uv": [26, 6], "uv_size": [4, 16]},
								"east": {"uv": [20, 6], "uv_size": [6, 16]},
								"south": {"uv": [36, 6], "uv_size": [4, 16]},
								"west": {"uv": [30, 6], "uv_size": [6, 16]},
								"up": {"uv": [26, 0], "uv_size": [4, 6]},
								"down": {"uv": [30, 6], "uv_size": [4, -6]}
							}
						}
					]
				},
				{
					"name": "pickle",
					"parent": "bodyxd",
					"pivot": [3.75, 10.6, 5],
					"rotation": [0, -90, 0],
					"cubes": [
						{
							"origin": [3.69024, 10.075, 8.35],
							"size": [1.4, 1.75, 1.4],
							"uv": {
								"north": {"uv": [44, 21], "uv_size": [4, 5]},
								"east": {"uv": [40, 21], "uv_size": [4, 5]},
								"south": {"uv": [52, 21], "uv_size": [4, 5]},
								"west": {"uv": [48, 21], "uv_size": [4, 5]},
								"up": {"uv": [48, 21], "uv_size": [-4, -4]},
								"down": {"uv": [48, 25], "uv_size": [-4, -4]}
							}
						}
					]
				},
				{
					"name": "pickle5",
					"parent": "bodyxd",
					"pivot": [3.75, 10.6, 3],
					"rotation": [0, -80, 0],
					"cubes": [
						{
							"origin": [3.66492, 10.0102, 5.14464],
							"size": [0.7728, 0.966, 0.7728],
							"uv": {
								"north": {"uv": [44, 21], "uv_size": [4, 5]},
								"east": {"uv": [40, 21], "uv_size": [4, 5]},
								"south": {"uv": [52, 21], "uv_size": [4, 5]},
								"west": {"uv": [48, 21], "uv_size": [4, 5]},
								"up": {"uv": [48, 21], "uv_size": [-4, -4]},
								"down": {"uv": [48, 25], "uv_size": [-4, -4]}
							}
						}
					]
				},
				{
					"name": "pickle3",
					"parent": "bodyxd",
					"pivot": [4, 8.6, -3],
					"rotation": [0, -90, 0]
				},
				{
					"name": "pickle2",
					"parent": "bodyxd",
					"pivot": [-0.25, 10, -1.5],
					"rotation": [0, -12.5, 0],
					"cubes": [
						{
							"origin": [-1.25, 9.9, -2.5],
							"size": [2, 2.5, 2],
							"uv": {
								"north": {"uv": [44, 21], "uv_size": [4, 5]},
								"east": {"uv": [40, 21], "uv_size": [4, 5]},
								"south": {"uv": [52, 21], "uv_size": [4, 5]},
								"west": {"uv": [48, 21], "uv_size": [4, 5]},
								"up": {"uv": [48, 21], "uv_size": [-4, -4]},
								"down": {"uv": [48, 25], "uv_size": [-4, -4]}
							}
						}
					]
				},
				{
					"name": "head",
					"parent": "body",
					"pivot": [0, 9, -9],
					"cubes": [
						{
							"origin": [-2.5, 7, -12],
							"size": [5, 4, 5],
							"uv": {
								"north": {"uv": [5, 5], "uv_size": [5, 4]},
								"east": {"uv": [0, 5], "uv_size": [5, 4]},
								"south": {"uv": [15, 5], "uv_size": [5, 4]},
								"west": {"uv": [10, 5], "uv_size": [5, 4]},
								"up": {"uv": [5, 0], "uv_size": [5, 5]},
								"down": {"uv": [10, 5], "uv_size": [5, -5]}
							}
						},
						{
							"origin": [-1.5, 7.01562, -13],
							"size": [3, 2, 2],
							"uv": {
								"north": {"uv": [2, 26], "uv_size": [3, 2]},
								"east": {"uv": [0, 26], "uv_size": [2, 2]},
								"south": {"uv": [7, 26], "uv_size": [3, 2]},
								"west": {"uv": [5, 26], "uv_size": [2, 2]},
								"up": {"uv": [2, 24], "uv_size": [3, 2]},
								"down": {"uv": [5, 26], "uv_size": [3, -2]}
							}
						},
						{
							"origin": [-2, 11, -9],
							"size": [1, 1, 2],
							"uv": {
								"north": {"uv": [2, 12], "uv_size": [1, 1]},
								"east": {"uv": [0, 12], "uv_size": [2, 1]},
								"south": {"uv": [5, 12], "uv_size": [1, 1]},
								"west": {"uv": [3, 12], "uv_size": [2, 1]},
								"up": {"uv": [2, 10], "uv_size": [1, 2]},
								"down": {"uv": [3, 12], "uv_size": [1, -2]}
							}
						},
						{
							"origin": [1, 11, -9],
							"size": [1, 1, 2],
							"uv": {
								"north": {"uv": [8, 12], "uv_size": [1, 1]},
								"east": {"uv": [6, 12], "uv_size": [2, 1]},
								"south": {"uv": [11, 12], "uv_size": [1, 1]},
								"west": {"uv": [9, 12], "uv_size": [2, 1]},
								"up": {"uv": [8, 10], "uv_size": [1, 2]},
								"down": {"uv": [9, 12], "uv_size": [1, -2]}
							}
						}
					],
					"locators": {
						"lead": [0, 9, -9]
					}
				},
				{
					"name": "tongue",
					"parent": "head",
					"pivot": [0, 7.55, -11]
				},
				{
					"name": "tongue4",
					"parent": "tongue",
					"pivot": [0, 7.55, -12]
				},
				{
					"name": "pcatail",
					"parent": "body",
					"pivot": [0, 9, 8],
					"rotation": [90, 0, 0]
				},
				{
					"name": "tail1",
					"parent": "pcatail",
					"pivot": [0, 9, 8],
					"cubes": [
						{
							"origin": [-0.5, 1, 8],
							"size": [1, 8, 1],
							"inflate": 0.01,
							"uv": {
								"north": {"uv": [1, 16], "uv_size": [1, 8]},
								"east": {"uv": [0, 16], "uv_size": [1, 8]},
								"south": {"uv": [3, 16], "uv_size": [1, 8]},
								"west": {"uv": [2, 16], "uv_size": [1, 8]},
								"up": {"uv": [1, 15], "uv_size": [1, 1]},
								"down": {"uv": [2, 16], "uv_size": [1, -1]}
							}
						}
					]
				},
				{
					"name": "tail2",
					"parent": "tail1",
					"pivot": [0, 1, 8],
					"cubes": [
						{
							"origin": [-0.5, -7, 8],
							"size": [1, 8, 1],
							"uv": {
								"north": {"uv": [5, 16], "uv_size": [1, 8]},
								"east": {"uv": [4, 16], "uv_size": [1, 8]},
								"south": {"uv": [7, 16], "uv_size": [1, 8]},
								"west": {"uv": [6, 16], "uv_size": [1, 8]},
								"up": {"uv": [5, 15], "uv_size": [1, 1]},
								"down": {"uv": [6, 16], "uv_size": [1, -1]}
							}
						}
					]
				},
				{
					"name": "backLegL",
					"parent": "body",
					"pivot": [1.1, 6, 7],
					"cubes": [
						{
							"origin": [0.1, 0, 6],
							"size": [2, 6, 2],
							"uv": {
								"north": {"uv": [10, 15], "uv_size": [2, 6]},
								"east": {"uv": [8, 15], "uv_size": [2, 6]},
								"south": {"uv": [14, 15], "uv_size": [2, 6]},
								"west": {"uv": [12, 15], "uv_size": [2, 6]},
								"up": {"uv": [10, 13], "uv_size": [2, 2]},
								"down": {"uv": [12, 15], "uv_size": [2, -2]}
							}
						}
					]
				},
				{
					"name": "backLegR",
					"parent": "body",
					"pivot": [-1.1, 6, 7],
					"cubes": [
						{
							"origin": [-2.1, 0, 6],
							"size": [2, 6, 2],
							"uv": {
								"north": {"uv": [10, 15], "uv_size": [2, 6]},
								"east": {"uv": [8, 15], "uv_size": [2, 6]},
								"south": {"uv": [14, 15], "uv_size": [2, 6]},
								"west": {"uv": [12, 15], "uv_size": [2, 6]},
								"up": {"uv": [10, 13], "uv_size": [2, 2]},
								"down": {"uv": [12, 15], "uv_size": [2, -2]}
							}
						}
					]
				},
				{
					"name": "frontLegL",
					"parent": "body",
					"pivot": [1.2, 10, -4],
					"cubes": [
						{
							"origin": [0.2, 0.2, -5],
							"size": [2, 10, 2],
							"uv": {
								"north": {"uv": [42, 2], "uv_size": [2, 10]},
								"east": {"uv": [40, 2], "uv_size": [2, 10]},
								"south": {"uv": [46, 2], "uv_size": [2, 10]},
								"west": {"uv": [44, 2], "uv_size": [2, 10]},
								"up": {"uv": [42, 0], "uv_size": [2, 2]},
								"down": {"uv": [44, 2], "uv_size": [2, -2]}
							}
						}
					]
				},
				{
					"name": "pickle4",
					"parent": "frontLegL",
					"pivot": [1.6, 11.1, -5],
					"rotation": [0, -77.5, 0]
				},
				{
					"name": "frontLegR",
					"parent": "body",
					"pivot": [-1.2, 10, -4],
					"cubes": [
						{
							"origin": [-2.2, 0.2, -5],
							"size": [2, 10, 2],
							"uv": {
								"north": {"uv": [42, 2], "uv_size": [2, 10]},
								"east": {"uv": [40, 2], "uv_size": [2, 10]},
								"south": {"uv": [46, 2], "uv_size": [2, 10]},
								"west": {"uv": [44, 2], "uv_size": [2, 10]},
								"up": {"uv": [42, 0], "uv_size": [2, 2]},
								"down": {"uv": [44, 2], "uv_size": [2, -2]}
							}
						}
					]
				},
				{
					"name": "tail3",
					"parent": "body",
					"pivot": [0, 9, 8],
					"rotation": [90, 0, 0],
					"cubes": [
						{
							"origin": [-0.5, 5, 8],
							"size": [1, 4, 1],
							"inflate": 0.01,
							"uv": {
								"north": {"uv": [1, 16], "uv_size": [1, 4]},
								"east": {"uv": [0, 16], "uv_size": [1, 4]},
								"south": {"uv": [3, 16], "uv_size": [1, 4]},
								"west": {"uv": [2, 16], "uv_size": [1, 4]},
								"up": {"uv": [1, 15], "uv_size": [1, 1]},
								"down": {"uv": [2, 16], "uv_size": [1, -1]}
							}
						}
					]
				},
				{
					"name": "tail4",
					"parent": "tail3",
					"pivot": [0, 5, 8],
					"cubes": [
						{
							"origin": [-0.5, 1, 8],
							"size": [1, 4, 1],
							"uv": {
								"north": {"uv": [1, 20], "uv_size": [1, 4]},
								"east": {"uv": [0, 20], "uv_size": [1, 4]},
								"south": {"uv": [3, 20], "uv_size": [1, 4]},
								"west": {"uv": [2, 20], "uv_size": [1, 4]},
								"up": {"uv": [1, 19], "uv_size": [1, 1]},
								"down": {"uv": [2, 20], "uv_size": [1, -1]}
							}
						}
					]
				},
				{
					"name": "tail5",
					"parent": "tail4",
					"pivot": [0, 1, 8],
					"cubes": [
						{
							"origin": [-0.5, -3, 8],
							"size": [1, 4, 1],
							"inflate": -0.01,
							"uv": {
								"north": {"uv": [5, 16], "uv_size": [1, 4]},
								"east": {"uv": [4, 16], "uv_size": [1, 4]},
								"south": {"uv": [7, 16], "uv_size": [1, 4]},
								"west": {"uv": [6, 16], "uv_size": [1, 4]},
								"up": {"uv": [5, 15], "uv_size": [1, 1]},
								"down": {"uv": [6, 16], "uv_size": [1, -1]}
							}
						}
					]
				},
				{
					"name": "tail6",
					"parent": "tail5",
					"pivot": [0, -3, 8],
					"cubes": [
						{
							"origin": [-0.5, -7, 8],
							"size": [1, 4, 1],
							"inflate": -0.02,
							"uv": {
								"north": {"uv": [5, 20], "uv_size": [1, 4]},
								"east": {"uv": [4, 20], "uv_size": [1, 4]},
								"south": {"uv": [7, 20], "uv_size": [1, 4]},
								"west": {"uv": [6, 20], "uv_size": [1, 4]},
								"up": {"uv": [5, 19], "uv_size": [1, 1]},
								"down": {"uv": [5, 24], "uv_size": [1, -1]}
							}
						}
					]
				}
			]
		}
	]
}