{
	"format_version": "1.8.0",
	"geometry.pizzafish": {
		"texturewidth": 32,
		"textureheight": 32,
		"visible_bounds_width": 3,
		"visible_bounds_height": 2,
		"visible_bounds_offset": [0, 1, 0],
		"bones": [
			{
				"name": "body",
				"pivot": [0, 5.25, 0],
				"cubes": [
					{"origin": [-1, 5, -1.5], "size": [1, 0, 3], "uv": [21, 28], "inflate": -0.001},
					{"origin": [-1, 1, -1.5], "size": [1, 8, 3], "uv": [0, 0], "inflate": -0.001}
				]
			},
			{
				"name": "body0",
				"parent": "body",
				"pivot": [0, 5.25, 1.5],
				"cubes": [
					{"origin": [-1, 1, 1], "size": [1, 8, 3.5], "uv": [8, 0]},
					{"origin": [-1, 5, 1], "size": [1, 0, 3.5], "uv": [22, 29]}
				]
			},
			{
				"name": "tail",
				"parent": "body0",
				"pivot": [-0.5, 4.75, 4.5],
				"cubes": [
					{"origin": [-0.5, 1.45, 4.5], "size": [0, 7, 4], "uv": [8, 11]}
				]
			},
			{
				"name": "body2",
				"parent": "body",
				"pivot": [0, 5.25, -1.5],
				"cubes": [
					{"origin": [-1, 5, -4.5], "size": [1, 0, 3.25], "uv": [20, 26]},
					{"origin": [-1, 1, -4.5], "size": [1, 8, 3.25], "uv": [0, 11]}
				]
			},
			{
				"name": "fin0",
				"parent": "body2",
				"pivot": [0, 1, -2.35],
				"rotation": [0, -10, 25],
				"cubes": [
					{"origin": [-1, 1, -3], "size": [3, 0, 1], "uv": [0, 22]}
				]
			},
			{
				"name": "fin1",
				"parent": "body2",
				"pivot": [-1, 1, -2.35],
				"rotation": [0, 10, -25],
				"cubes": [
					{"origin": [-3, 1, -3], "size": [3, 0, 1], "uv": [0, 23]}
				]
			},
			{
				"name": "topfin",
				"parent": "body",
				"pivot": [0, 10, 0],
				"rotation": [-35, 0, 0],
				"cubes": [
					{"origin": [-0.5, 8, -1], "size": [0, 4.5, 3], "uv": [8, 20]}
				]
			}
		]
	}
}