{
	"format_version": "1.12.0",
	"minecraft:geometry": [
		{
			"description": {
				"identifier": "geometry.rhino",
				"texture_width": 32,
				"texture_height": 32,
				"visible_bounds_width": 2,
				"visible_bounds_height": 1,
				"visible_bounds_offset": [0, 0.5, 0]
			},
			"bones": [
				{
					"name": "body",
					"pivot": [0, 0, 0]
				},
				{
					"name": "bone",
					"parent": "body",
					"pivot": [0, 11, 0],
					"cubes": [
						{
							"origin": [-0.5, 0, -0.5],
							"size": [1, 12, 1],
							"uv": {
								"north": {"uv": [1, 11], "uv_size": [2, 6]},
								"east": {"uv": [1, 11], "uv_size": [2, 6]},
								"south": {"uv": [1, 11], "uv_size": [2, 6]},
								"west": {"uv": [1, 11], "uv_size": [2, 6]},
								"up": {"uv": [3, 17], "uv_size": [-2, -6]},
								"down": {"uv": [1, 11], "uv_size": [2, 6]}
							}
						}
					]
				},
				{
					"name": "bone2",
					"parent": "body",
					"pivot": [0, 11, 0],
					"cubes": [
						{
							"origin": [-2.5, 11, -1],
							"size": [5, 5, 2],
							"uv": {
								"north": {"uv": [2, 2], "uv_size": [5, 5]},
								"east": {"uv": [7, 2], "uv_size": [2, 5]},
								"south": {"uv": [2, 2], "uv_size": [5, 5]},
								"west": {"uv": [7, 2], "uv_size": [2, 5]},
								"up": {"uv": [2, 0], "uv_size": [5, 2]},
								"down": {"uv": [7, 0], "uv_size": [-5, 2]}
							}
						}
					]
				}
			]
		}
	]
}