{
	"format_version": "1.8.0",
	"geometry.scat": {
		"texturewidth": 64,
		"textureheight": 64,
		"visible_bounds_width": 3,
		"visible_bounds_height": 3,
		"visible_bounds_offset": [0, 0.5, 0],
		"bones": [
			{
				"name": "bone",
				"pivot": [0, 0, 0],
				"locators": {
					"locator": [0, 8.5, -7]
				}
			},
			{
				"name": "head",
				"parent": "bone",
				"pivot": [0, 9, -9],
				"cubes": [
					{"origin": [-2.5, 7, -12], "size": [5, 4, 5], "uv": [15, 17]},
					{"origin": [-1.5, 7.01562, -13], "size": [3, 2, 2], "uv": [20, 12]},
					{"origin": [-2, 11, -9], "size": [1, 1, 2], "uv": [0, 3]},
					{"origin": [1, 11, -9], "size": [1, 1, 2], "uv": [0, 0]}
				]
			},
			{
				"name": "body",
				"parent": "bone",
				"pivot": [0, 7, 1],
				"rotation": [90, 0, 0],
				"cubes": [
					{"origin": [-2, -1, -2], "size": [4, 16, 6], "uv": [0, 0]}
				]
			},
			{
				"name": "tail2",
				"parent": "bone",
				"pivot": [0, 9, 8],
				"rotation": [90, 0, 0],
				"cubes": [
					{"origin": [-0.5, 1, 8], "size": [1, 8, 1], "uv": [8, 22], "inflate": -0.2}
				]
			},
			{
				"name": "backLegL",
				"parent": "bone",
				"pivot": [1.1, 6, 7],
				"cubes": [
					{"origin": [0.1, -0.2, 6], "size": [2, 6, 2], "uv": [0, 22], "inflate": -0.3}
				]
			},
			{
				"name": "backLegR",
				"parent": "bone",
				"pivot": [-1.1, 6, 7],
				"cubes": [
					{"origin": [-2.1, -0.2, 6], "size": [2, 6, 2], "uv": [0, 22], "inflate": -0.3}
				]
			},
			{
				"name": "frontLegL",
				"parent": "bone",
				"pivot": [1.2, 10, -4],
				"cubes": [
					{"origin": [0.2, 0, -5], "size": [2, 10, 2], "uv": [20, 0], "inflate": -0.3}
				]
			},
			{
				"name": "frontLegR",
				"parent": "bone",
				"pivot": [-1.2, 10, -4],
				"cubes": [
					{"origin": [-2.2, 0, -5], "size": [2, 10, 2], "uv": [20, 0], "inflate": -0.3}
				]
			}
		]
	}
}