{
	"format_version": "1.12.0",
	"minecraft:geometry": [
		{
			"description": {
				"identifier": "geometry.swordfish",
				"texture_width": 48,
				"texture_height": 48,
				"visible_bounds_width": 4,
				"visible_bounds_height": 2,
				"visible_bounds_offset": [0, 1, 0]
			},
			"bones": [
				{
					"name": "body_front",
					"pivot": [0, 6, 4],
					"mirror": true,
					"cubes": [
						{
							"origin": [-1.5, 3.5, -4.4],
							"size": [3, 5, 8.9],
							"uv": {
								"north": {"uv": [9, 24], "uv_size": [3, 5]},
								"east": {"uv": [0, 24], "uv_size": [9, 5]},
								"south": {"uv": [21, 24], "uv_size": [3, 5]},
								"west": {"uv": [12, 24], "uv_size": [9, 5]},
								"up": {"uv": [9, 15], "uv_size": [3, 9]},
								"down": {"uv": [15, 15], "uv_size": [-3, 9]}
							}
						},
						{
							"origin": [-0.5, 5.25, -17],
							"size": [1, 1, 13],
							"inflate": -0.2,
							"uv": {
								"north": {"uv": [13, 14], "uv_size": [1, 1]},
								"east": {"uv": [0, 14], "uv_size": [13, 1]},
								"south": {"uv": [27, 14], "uv_size": [1, 1]},
								"west": {"uv": [14, 14], "uv_size": [13, 1]},
								"up": {"uv": [13, 1], "uv_size": [1, 13]},
								"down": {"uv": [15, 1], "uv_size": [-1, 13]}
							}
						}
					]
				},
				{
					"name": "body_back",
					"parent": "body_front",
					"pivot": [0, 0, 4],
					"mirror": true,
					"cubes": [
						{
							"origin": [-1.5, 3.5, 4],
							"size": [3, 5, 8],
							"inflate": -0.01,
							"uv": {
								"north": {"uv": [23, 8], "uv_size": [3, 5]},
								"east": {"uv": [15, 8], "uv_size": [8, 5]},
								"south": {"uv": [34, 8], "uv_size": [3, 5]},
								"west": {"uv": [26, 8], "uv_size": [8, 5]},
								"up": {"uv": [23, 0], "uv_size": [3, 8]},
								"down": {"uv": [29, 0], "uv_size": [-3, 8]}
							}
						}
					]
				},
				{
					"name": "buttom_fin",
					"parent": "body_back",
					"pivot": [0, 4, 6],
					"rotation": [-40, 0, 0],
					"cubes": [
						{
							"origin": [0, 3.5, 6],
							"size": [0, 2, 4],
							"uv": {
								"north": {"uv": [4, 11], "uv_size": [0, 2]},
								"east": {"uv": [0, 11], "uv_size": [4, 2]},
								"south": {"uv": [8, 11], "uv_size": [0, 2]},
								"west": {"uv": [4, 11], "uv_size": [4, 2]},
								"up": {"uv": [4, 7], "uv_size": [0, 4]},
								"down": {"uv": [4, 7], "uv_size": [0, 4]}
							}
						}
					]
				},
				{
					"name": "tailfin",
					"parent": "body_back",
					"pivot": [0, 6, 12],
					"mirror": true,
					"cubes": [
						{
							"origin": [-0.5, 4.75, 12],
							"size": [0.9, 2.5, 3],
							"uv": {
								"north": {"uv": [23.001, 5.001], "uv_size": [1.998, -3]},
								"east": {"uv": [23.001, 5.001], "uv_size": [1.998, -3]},
								"south": {"uv": [23.001, 5.001], "uv_size": [1.998, -3]},
								"west": {"uv": [23.001, 5.001], "uv_size": [1.998, -3]},
								"up": {"uv": [24.999, 2.001], "uv_size": [-1.998, 3]},
								"down": {"uv": [23.001, 5.001], "uv_size": [1.998, -3]}
							}
						},
						{
							"origin": [-0.55, 12.02301, 6.55211],
							"size": [1, 1.45, 4.65],
							"pivot": [0, 0, 0],
							"rotation": [-40, 0, 0],
							"uv": {
								"north": {"uv": [4, 10], "uv_size": [1, 1]},
								"east": {"uv": [30, 8.001], "uv_size": [3.999, 0.999]},
								"south": {"uv": [9, 10], "uv_size": [1, 1]},
								"west": {"uv": [24, 9], "uv_size": [3.999, 0.999]},
								"up": {"uv": [4, 6], "uv_size": [1, 4]},
								"down": {"uv": [6, 6], "uv_size": [-1, 4]}
							}
						}
					]
				},
				{
					"name": "bone",
					"parent": "tailfin",
					"pivot": [0, 0, 8],
					"rotation": [40, 0, 0],
					"cubes": [
						{
							"origin": [-0.55, 0.3, 16.45],
							"size": [1, 1.45, 4.35],
							"uv": {
								"north": {"uv": [4, 5], "uv_size": [1, 1]},
								"east": {"uv": [3, 5.001], "uv_size": [3.999, 0.999]},
								"south": {"uv": [24.999, 9], "uv_size": [0.999, 0.999]},
								"west": {"uv": [6.999, 3], "uv_size": [4.002, 0.999]},
								"up": {"uv": [4, 1], "uv_size": [1, 4]},
								"down": {"uv": [6, 1], "uv_size": [-1, 4]}
							}
						}
					]
				},
				{
					"name": "dorsal_back",
					"parent": "body_back",
					"pivot": [0, 5, 4],
					"mirror": true,
					"cubes": [
						{
							"origin": [-0.01, 8.5, 4],
							"size": [0, 7, 7],
							"uv": {
								"north": {"uv": [7, 29], "uv_size": [0, 7]},
								"east": {"uv": [0, 29], "uv_size": [7, 7]},
								"south": {"uv": [14, 29], "uv_size": [0, 7]},
								"west": {"uv": [7, 29], "uv_size": [7, 7]},
								"up": {"uv": [7, 22], "uv_size": [0, 7]},
								"down": {"uv": [7, 22], "uv_size": [0, 7]}
							}
						}
					]
				},
				{
					"name": "dorsal_front",
					"parent": "body_front",
					"pivot": [0, 5, 2],
					"mirror": true,
					"cubes": [
						{
							"origin": [0, 8.5, -3],
							"size": [0, 7, 7],
							"uv": {
								"north": {"uv": [22, 15], "uv_size": [0, 7]},
								"east": {"uv": [15, 15], "uv_size": [7, 7]},
								"south": {"uv": [29, 15], "uv_size": [0, 7]},
								"west": {"uv": [22, 15], "uv_size": [7, 7]},
								"up": {"uv": [22, 8], "uv_size": [0, 7]},
								"down": {"uv": [22, 8], "uv_size": [0, 7]}
							}
						}
					]
				},
				{
					"name": "head",
					"parent": "body_front",
					"pivot": [0, 6, -4],
					"rotation": [10, 0, 0],
					"mirror": true,
					"cubes": [
						{
							"origin": [-1.5, 4.5, -8],
							"size": [3, 4.04, 4],
							"inflate": 0.01,
							"uv": {
								"north": {"uv": [28, 26], "uv_size": [3, 4]},
								"east": {"uv": [24, 26], "uv_size": [4, 4]},
								"south": {"uv": [35, 26], "uv_size": [3, 4]},
								"west": {"uv": [31, 26], "uv_size": [4, 4]},
								"up": {"uv": [28, 22], "uv_size": [3, 4]},
								"down": {"uv": [33.999, 21.999], "uv_size": [-1.998, 3.999]}
							}
						}
					]
				},
				{
					"name": "leftFin",
					"parent": "body_front",
					"pivot": [-1.5, 4, -4],
					"rotation": [0, 35, -35],
					"mirror": true,
					"cubes": [
						{
							"origin": [-4.99, 3.37, -4],
							"size": [4, 0.5, 1],
							"uv": {
								"north": {"uv": [24.999, 11.001], "uv_size": [-3.999, 1.995]},
								"east": {"uv": [24.999, 11.001], "uv_size": [-3.999, 1.995]},
								"south": {"uv": [24.999, 11.001], "uv_size": [-3.999, 1.995]},
								"west": {"uv": [24.999, 11.001], "uv_size": [-3.999, 1.995]},
								"up": {"uv": [21, 12.996], "uv_size": [3.999, -1.995]},
								"down": {"uv": [24.999, 11.001], "uv_size": [-3.999, 1.995]}
							}
						}
					]
				},
				{
					"name": "rightFin",
					"parent": "body_front",
					"pivot": [1.5, 3.6, -4],
					"rotation": [0, -35, 35],
					"mirror": true,
					"cubes": [
						{
							"origin": [1, 3.37, -4],
							"size": [4, 0.5, 1],
							"uv": {
								"north": {"uv": [18.999, 11.001], "uv_size": [3.999, 1.995]},
								"east": {"uv": [18.999, 11.001], "uv_size": [3.999, 1.995]},
								"south": {"uv": [18.999, 11.001], "uv_size": [3.999, 1.995]},
								"west": {"uv": [18.999, 11.001], "uv_size": [3.999, 1.995]},
								"up": {"uv": [22.998, 12.996], "uv_size": [-3.999, -1.995]},
								"down": {"uv": [18.999, 11.001], "uv_size": [3.999, 1.995]}
							}
						}
					]
				}
			]
		}
	]
}