{
	"format_version": "1.10.0",
	"geometry.zcat:geometry.cat": {
		"texturewidth": 64,
		"textureheight": 32,
		"visible_bounds_width": 4,
		"visible_bounds_height": 1,
		"visible_bounds_offset": [0, 0, 0],
		"bones": [
			{
				"name": "body",
				"pivot": [0, 7, 1]
			},
			{
				"name": "bodyxd",
				"parent": "body",
				"pivot": [0, 7, 1],
				"cubes": [
					{"origin": [-2, -1, -2], "size": [4, 16, 6], "uv": [42, 6], "inflate": -0.1}
				]
			},
			{
				"name": "head",
				"parent": "body",
				"pivot": [0, 9, -9],
				"cubes": [
					{"origin": [-2.5, 7, -12], "size": [5, 4, 5], "uv": [3, 23], "inflate": -0.1}
				],
				"locators": {
					"lead": [0, 9, -9]
				}
			},
			{
				"name": "backLegL",
				"parent": "body",
				"pivot": [1.1, 6, 7]
			},
			{
				"name": "backLegR",
				"parent": "body",
				"pivot": [-1.1, 6, 7]
			},
			{
				"name": "frontLegL",
				"parent": "body",
				"pivot": [1.2, 10, -4]
			},
			{
				"name": "frontLegR",
				"parent": "body",
				"pivot": [-1.2, 10, -4]
			}
		]
	}
}