{
  "resource_pack_name": "vanilla",
  "texture_name": "atlas.terrain",
  "padding": 8,
  "num_mip_levels": 4,
  "texture_data": {
    "grass_side": {
      "textures": [
        {
          "path": "textures/blocks/grass_side",
          "overlay_color": "#79c05a"
        },
        {
          "path": "textures/blocks/grass_side",
          "overlay_color": "#8ab689"
        },
        {
          "path": "textures/blocks/grass_side",
          "overlay_color": "#bfb755"
        },
        {
          "path": "textures/blocks/grass_side",
          "overlay_color": "#59c93c"
        },
        {
          "path": "textures/blocks/grass_side",
          "overlay_color": "#55c93f"
        },
        {
          "path": "textures/blocks/grass_side",
          "overlay_color": "#88bb66"
        },
        {
          "path": "textures/blocks/grass_side",
          "overlay_color": "#86b87f"
        },
        {
          "path": "textures/blocks/grass_side",
          "overlay_color": "#64c73f"
        },
        {
          "path": "textures/blocks/grass_side",
          "overlay_color": "#86b783"
        },
        {
          "path": "textures/blocks/grass_side",
          "overlay_color": "#83b593"
        },
        {
          "path": "textures/blocks/grass_side",
          "overlay_color": "#80b497"
        },
        {
          "path": "textures/blocks/grass_side",
          "overlay_color": "#91bd59"
        },
        {
          "path": "textures/blocks/grass_side",
          "overlay_color": "#90814d"
        },
        {
          "path": "textures/blocks/grass_side",
          "overlay_color": "#8eb971"
        },
        {
          "path": "textures/blocks/grass_side",
          "overlay_color": "#6a7039"
        },
        {
          "path": "textures/blocks/grass_side",
          "overlay_color": "#507a32"
        },
        "textures/blocks/grass_side_snowed"
      ]
    },
    "grass_top": {
      "textures": [
        "textures/blocks/grass_top",
        "textures/blocks/grass_top",
        "textures/blocks/grass_top",
        "textures/blocks/grass_top",
        "textures/blocks/grass_top",
        "textures/blocks/grass_top",
        "textures/blocks/grass_top",
        "textures/blocks/grass_top",
        "textures/blocks/grass_top",
        "textures/blocks/grass_top",
        "textures/blocks/grass_top",
        "textures/blocks/grass_top",
        "textures/blocks/grass_top",
        "textures/blocks/grass_top",
        "textures/blocks/grass_top",
        "textures/blocks/grass_top",
        "textures/blocks/grass_top"
      ]
    },
    "grass_bottom": {
      "textures": [
        "textures/blocks/dirt",
        "textures/blocks/dirt",
        "textures/blocks/dirt",
        "textures/blocks/dirt",
        "textures/blocks/dirt",
        "textures/blocks/dirt",
        "textures/blocks/dirt",
        "textures/blocks/dirt",
        "textures/blocks/dirt",
        "textures/blocks/dirt",
        "textures/blocks/dirt",
        "textures/blocks/dirt",
        "textures/blocks/dirt",
        "textures/blocks/dirt",
        "textures/blocks/dirt",
        "textures/blocks/dirt",
        "textures/blocks/dirt"
      ]
    },
    "grass_carried_top": {
      "textures": "textures/blocks/grass_carried"
    },
    "grass_carried_bottom": {
      "textures": "textures/blocks/dirt"
    },
    "grass_carried": {
      "textures": {
        "path": "textures/blocks/grass_side",
        "overlay_color": "#79c05a"
      }
    },
    "stone": {
      "textures": [
        "textures/blocks/stone",
        "textures/blocks/stone_granite",
        "textures/blocks/stone_granite_smooth",
        "textures/blocks/stone_diorite",
        "textures/blocks/stone_diorite_smooth",
        "textures/blocks/stone_andesite",
        "textures/blocks/stone_andesite_smooth"
      ]
    },
    "cobblestone": {
      "textures": "textures/blocks/cobblestone"
    },
    "cobblestone_mossy": {
      "textures": "textures/blocks/cobblestone_mossy"
    },
    "cobblestone_wall": {
      "textures": [
        "textures/blocks/cobblestone",
        "textures/blocks/cobblestone_mossy",
        "textures/blocks/stone_granite",
        "textures/blocks/stone_diorite",
        "textures/blocks/stone_andesite",
        "textures/blocks/sandstone_normal",
        "textures/blocks/brick",
        "textures/blocks/stonebrick",
        "textures/blocks/stonebrick_mossy",
        "textures/blocks/nether_brick",
        "textures/blocks/end_bricks",
        "textures/blocks/prismarine_rough",
        "textures/blocks/red_sandstone_normal",
        "textures/blocks/red_nether_brick"
      ]
    },
    "stonebrick": {
      "textures": [
        "textures/blocks/stonebrick",
        "textures/blocks/stonebrick_mossy",
        "textures/blocks/stonebrick_cracked",
        "textures/blocks/stonebrick_carved"
      ]
    },
    "monster_egg": {
      "textures": [
        "textures/blocks/cobblestone",
        "textures/blocks/stonebrick",
        "textures/blocks/stonebrick_mossy",
        "textures/blocks/stonebrick_cracked",
        "textures/blocks/stonebrick_carved",
        "textures/blocks/stone"
      ]
    },
    "barrier": {
      "textures": "textures/blocks/barrier"
    },
    "bedrock": {
      "textures": "textures/blocks/bedrock"
    },
    "obsidian": {
      "textures": "textures/blocks/obsidian"
    },
    "clay": {
      "textures": "textures/blocks/clay"
    },
    "sand": {
      "textures": [
        "textures/blocks/sand",
        "textures/blocks/red_sand"
      ]
    },
    "sandstone_top": {
      "textures": [
        "textures/blocks/sandstone_top",
        "textures/blocks/sandstone_top",
        "textures/blocks/sandstone_top",
        "textures/blocks/sandstone_top"
      ]
    },
    "sandstone_bottom": {
      "textures": [
        "textures/blocks/sandstone_bottom",
        "textures/blocks/sandstone_top", // This isn't a bug
        "textures/blocks/sandstone_top", // This isn't a bug
        "textures/blocks/sandstone_top"
      ]
    },
    "sandstone_side": {
      "textures": [
        "textures/blocks/sandstone_normal",
        "textures/blocks/sandstone_carved",
        "textures/blocks/sandstone_smooth",
        "textures/blocks/sandstone_top"

      ]
    },
    "redsandstone_top": {
      "textures": [
        "textures/blocks/red_sandstone_top",
        "textures/blocks/red_sandstone_top",
        "textures/blocks/red_sandstone_top",
        "textures/blocks/red_sandstone_top"
      ]
    },
    "redsandstone_bottom": {
      "textures": [
        "textures/blocks/red_sandstone_bottom",
        "textures/blocks/red_sandstone_bottom",
        "textures/blocks/red_sandstone_bottom",
        "textures/blocks/red_sandstone_top"
      ]
    },
    "redsandstone_side": {
      "textures": [
        "textures/blocks/red_sandstone_normal",
        "textures/blocks/red_sandstone_carved",
        "textures/blocks/red_sandstone_smooth",
        "textures/blocks/red_sandstone_top"
      ]
    },
    "redsandstone": {
      "textures": "textures/blocks/red_sandstone_normal"
    },
    "gravel": {
      "textures": "textures/blocks/gravel"
    },
    "dirt": {
      "textures": [
        "textures/blocks/dirt",
        "textures/blocks/coarse_dirt"
      ]
    },
    "dirt_podzol_top": {
      "textures": "textures/blocks/dirt_podzol_top"
    },
    "dirt_podzol_bottom": {
      "textures": "textures/blocks/dirt"
    },
    "dirt_podzol_side": {
      "textures": "textures/blocks/dirt_podzol_side"
    },
    "planks": {
      "textures": [
        "textures/blocks/planks_oak",
        "textures/blocks/planks_spruce",
        "textures/blocks/planks_birch",
        "textures/blocks/planks_jungle",
        "textures/blocks/planks_acacia",
        "textures/blocks/planks_big_oak"
      ]
    },
    "acacia_planks": {
      "textures": "textures/blocks/planks_acacia"
    },
    "birch_planks": {
      "textures": "textures/blocks/planks_birch"
    },
    "dark_oak_planks": {
      "textures": "textures/blocks/planks_big_oak"
    },
    "jungle_planks": {
      "textures": "textures/blocks/planks_jungle"
    },
    "spruce_planks": {
      "textures": "textures/blocks/planks_spruce"
    },
    "sign": {
      "textures": "textures/blocks/planks_oak"
    },
    "spruce_sign": {
      "textures": "textures/blocks/planks_spruce"
    },
    "birch_sign": {
      "textures": "textures/blocks/planks_birch"
    },
    "jungle_sign": {
      "textures": "textures/blocks/planks_jungle"
    },
    "acacia_sign": {
      "textures": "textures/blocks/planks_acacia"
    },
    "darkoak_sign": {
      "textures": "textures/blocks/planks_big_oak"
    },
    "wood_oak": {
      "textures": "textures/blocks/planks_oak"
    },
    "wood_spruce": {
      "textures": "textures/blocks/planks_spruce"
    },
    "wood_birch": {
      "textures": "textures/blocks/planks_birch"
    },
    "wood_jungle": {
      "textures": "textures/blocks/planks_jungle"
    },
    "wood_acacia": {
      "textures": "textures/blocks/planks_acacia"
    },
    "wood_big_oak": {
      "textures": "textures/blocks/planks_big_oak"
    },
    "stone_slab_top": {
      "textures": [
        "textures/blocks/stone_slab_top",
        "textures/blocks/sandstone_top",
        "textures/blocks/planks_oak",
        "textures/blocks/cobblestone",
        "textures/blocks/brick",
        "textures/blocks/stonebrick",
        "textures/blocks/quartz_block_top",
        "textures/blocks/nether_brick"
      ]
    },
    "stone_slab_bottom": {
      "textures": [
        "textures/blocks/stone_slab_top",
        "textures/blocks/sandstone_bottom",
        "textures/blocks/planks_oak",
        "textures/blocks/cobblestone",
        "textures/blocks/brick",
        "textures/blocks/stonebrick",
        "textures/blocks/quartz_block_bottom",
        "textures/blocks/nether_brick"
      ]
    },
    "stone_slab_side": {
      "textures": [
        "textures/blocks/stone_slab_side",
        "textures/blocks/sandstone_normal",
        "textures/blocks/planks_oak",
        "textures/blocks/cobblestone",
        "textures/blocks/brick",
        "textures/blocks/stonebrick",
        "textures/blocks/quartz_block_side",
        "textures/blocks/nether_brick"
      ]
    },
    "coral_block": {
      "textures": [
        "textures/blocks/coral_blue",
        "textures/blocks/coral_pink",
        "textures/blocks/coral_purple",
        "textures/blocks/coral_red",
        "textures/blocks/coral_yellow",
        "textures/blocks/coral_blue_dead",
        "textures/blocks/coral_pink_dead",
        "textures/blocks/coral_purple_dead",
        "textures/blocks/coral_red_dead",
        "textures/blocks/coral_yellow_dead"
      ]
    },
    "chorus_plant": {
      "textures": "textures/blocks/chorus_plant"
    },
    "chorus_flower": {
      "textures": [
        "textures/blocks/chorus_flower",
        "textures/blocks/chorus_flower_dead"
      ]
    },
    "stone_slab_top_2": {
      "textures": [
        "textures/blocks/red_sandstone_top",
        "textures/blocks/purpur_block",
        "textures/blocks/prismarine_rough",
        "textures/blocks/prismarine_dark",
        "textures/blocks/prismarine_bricks",
        "textures/blocks/cobblestone_mossy",
        "textures/blocks/sandstone_top",
        "textures/blocks/red_nether_brick"

      ]
    },
    "stone_slab_bottom_2": {
      "textures": [
        "textures/blocks/red_sandstone_bottom",
        "textures/blocks/purpur_block",
        "textures/blocks/prismarine_rough",
        "textures/blocks/prismarine_dark",
        "textures/blocks/prismarine_bricks",
        "textures/blocks/cobblestone_mossy",
        "textures/blocks/sandstone_top",
        "textures/blocks/red_nether_brick"

      ]
    },
    "stone_slab_side_2": {
      "textures": [
        "textures/blocks/red_sandstone_normal",
        "textures/blocks/purpur_block",
        "textures/blocks/prismarine_rough",
        "textures/blocks/prismarine_dark",
        "textures/blocks/prismarine_bricks",
        "textures/blocks/cobblestone_mossy",
        "textures/blocks/sandstone_top",
        "textures/blocks/red_nether_brick"

      ]
    },
    "stone_slab_top_3": {
      "textures": [
        "textures/blocks/end_bricks",
        "textures/blocks/red_sandstone_top",
        "textures/blocks/stone_andesite_smooth",
        "textures/blocks/stone_andesite",
        "textures/blocks/stone_diorite",
        "textures/blocks/stone_diorite_smooth",
        "textures/blocks/stone_granite",
        "textures/blocks/stone_granite_smooth"
      ]
    },
    "stone_slab_bottom_3": {
      "textures": [
        "textures/blocks/end_bricks",
        "textures/blocks/red_sandstone_top",
        "textures/blocks/stone_andesite_smooth",
        "textures/blocks/stone_andesite",
        "textures/blocks/stone_diorite",
        "textures/blocks/stone_diorite_smooth",
        "textures/blocks/stone_granite",
        "textures/blocks/stone_granite_smooth"
      ]
    },
    "stone_slab_side_3": {
      "textures": [
        "textures/blocks/end_bricks",
        "textures/blocks/red_sandstone_top",
        "textures/blocks/stone_andesite_smooth",
        "textures/blocks/stone_andesite",
        "textures/blocks/stone_diorite",
        "textures/blocks/stone_diorite_smooth",
        "textures/blocks/stone_granite",
        "textures/blocks/stone_granite_smooth"
      ]
    },
    "stone_slab_top_4": {
      "textures": [
        "textures/blocks/stonebrick_mossy",
        "textures/blocks/quartz_block_top",
        "textures/blocks/stone",
        "textures/blocks/sandstone_top",
        "textures/blocks/red_sandstone_top"
      ]
    },
    "stone_slab_bottom_4": {
      "textures": [
        "textures/blocks/stonebrick_mossy",
        "textures/blocks/quartz_block_top",
        "textures/blocks/stone",
        "textures/blocks/sandstone_top",
        "textures/blocks/red_sandstone_top"
      ]
    },
    "stone_slab_side_4": {
      "textures": [
        "textures/blocks/stonebrick_mossy",
        "textures/blocks/quartz_block_top",
        "textures/blocks/stone",
        "textures/blocks/sandstone_smooth",
        "textures/blocks/red_sandstone_smooth"
      ]
    },
    "stone_slab": {
      "textures": [
        "textures/blocks/stone_slab_top",
        "textures/blocks/stone_slab_side"
      ]
    },
    "brick": {
      "textures": "textures/blocks/brick"
    },
    "tnt_top": {
      "textures": "textures/blocks/tnt_top"
    },
    "tnt_bottom": {
      "textures": "textures/blocks/tnt_bottom"
    },
    "tnt_side": {
      "textures": "textures/blocks/tnt_side"
    },
    "bookshelf_top": {
      "textures": "textures/blocks/planks_oak"
    },
    "bookshelf": {
      "textures": "textures/blocks/bookshelf"
    },
    "web": {
      "textures": "textures/blocks/web"
    },
    "yellow_flower": {
      "textures": "textures/blocks/flower_dandelion"
    },
    "red_flower": {
      "textures": [
        "textures/blocks/flower_rose",
        "textures/blocks/flower_blue_orchid",
        "textures/blocks/flower_allium",
        "textures/blocks/flower_houstonia",
        "textures/blocks/flower_tulip_red",
        "textures/blocks/flower_tulip_orange",
        "textures/blocks/flower_tulip_white",
        "textures/blocks/flower_tulip_pink",
        "textures/blocks/flower_oxeye_daisy",
        "textures/blocks/flower_cornflower",
        "textures/blocks/flower_lily_of_the_valley"
      ]
    },
    "double_plant_bottom": {
      "textures": [
        "textures/blocks/double_plant_sunflower_bottom",
        "textures/blocks/double_plant_syringa_bottom",
        "textures/blocks/double_plant_grass_bottom",
        "textures/blocks/double_plant_fern_bottom",
        "textures/blocks/double_plant_rose_bottom",
        "textures/blocks/double_plant_paeonia_bottom"
      ]
    },
    "double_plant_top": {
      "textures": [
        "textures/blocks/double_plant_sunflower_top",
        "textures/blocks/double_plant_syringa_top",
        "textures/blocks/double_plant_grass_top",
        "textures/blocks/double_plant_fern_top",
        "textures/blocks/double_plant_rose_top",
        "textures/blocks/double_plant_paeonia_top"
      ]
    },
    "double_plant_carried": {
      "textures": [
        "textures/blocks/double_plant_sunflower_front",
        "textures/blocks/double_plant_syringa_top",
        "textures/blocks/double_plant_grass_carried",
        "textures/blocks/double_plant_fern_carried",
        "textures/blocks/double_plant_rose_top",
        "textures/blocks/double_plant_paeonia_top"
      ]
    },
    "sunflower_additional": {
      "textures": [
        "textures/blocks/double_plant_sunflower_front",
        "textures/blocks/double_plant_sunflower_back"
      ]
    },
    "sapling": {
      "textures": [
        "textures/blocks/sapling_oak",
        "textures/blocks/sapling_spruce",
        "textures/blocks/sapling_birch",
        "textures/blocks/sapling_jungle",
        "textures/blocks/sapling_acacia",
        "textures/blocks/sapling_roofed_oak"
      ]
    },
    "log_top": {
      "textures": [
        "textures/blocks/log_oak_top",
        "textures/blocks/log_spruce_top",
        "textures/blocks/log_birch_top",
        "textures/blocks/log_jungle_top"
      ]
    },
    "log_side": {
      "textures": [
        "textures/blocks/log_oak",
        "textures/blocks/log_spruce",
        "textures/blocks/log_birch",
        "textures/blocks/log_jungle"
      ]
    },
    "log2": {
      "textures": [
        "textures/blocks/log_acacia",
        "textures/blocks/log_acacia_top",
        "textures/blocks/log_big_oak",
        "textures/blocks/log_big_oak_top"
      ]
    },
    "log_top2": {
      "textures": [
        "textures/blocks/log_acacia_top",
        "textures/blocks/log_big_oak_top"
      ]
    },
    "log_side2": {
      "textures": [
        "textures/blocks/log_acacia",
        "textures/blocks/log_big_oak"
      ]
    },
    "stripped_oak_log_top": {
      "textures": "textures/blocks/stripped_oak_log_top"
    },
    "stripped_oak_log_side": {
      "textures": "textures/blocks/stripped_oak_log"
    },
    "stripped_birch_log_top": {
      "textures": "textures/blocks/stripped_birch_log_top"
    },
    "stripped_birch_log_side": {
      "textures": "textures/blocks/stripped_birch_log"
    },
    "stripped_dark_oak_log_top": {
      "textures": "textures/blocks/stripped_dark_oak_log_top"
    },
    "stripped_dark_oak_log_side": {
      "textures": "textures/blocks/stripped_dark_oak_log"
    },
    "stripped_acacia_log_top": {
      "textures": "textures/blocks/stripped_acacia_log_top"
    },
    "stripped_acacia_log_side": {
      "textures": "textures/blocks/stripped_acacia_log"
    },
    "stripped_jungle_log_top": {
      "textures": "textures/blocks/stripped_jungle_log_top"
    },
    "stripped_jungle_log_side": {
      "textures": "textures/blocks/stripped_jungle_log"
    },
    "stripped_spruce_log_top": {
      "textures": "textures/blocks/stripped_spruce_log_top"
    },
    "stripped_spruce_log_side": {
      "textures": "textures/blocks/stripped_spruce_log"
    },

    "iron_block": {
      "textures": "textures/blocks/iron_block"
    },
    "gold_block": {
      "textures": "textures/blocks/gold_block"
    },
    "diamond_block": {
      "textures": "textures/blocks/diamond_block"
    },
    "coal_block": {
      "textures": "textures/blocks/coal_block"
    },
    "lapis_block": {
      "textures": "textures/blocks/lapis_block"
    },
    "emerald_block": {
      "textures": "textures/blocks/emerald_block"
    },
    "redstone_block": {
      "textures": "textures/blocks/redstone_block"
    },
    "quartz_block_top": {
      "textures": [
        "textures/blocks/quartz_block_top",
        "textures/blocks/quartz_block_chiseled_top",
        "textures/blocks/quartz_block_lines_top",
        "textures/blocks/quartz_block_top"
      ]
    },
    "quartz_block_bottom": {
      "textures": [
        "textures/blocks/quartz_block_bottom",
        "textures/blocks/quartz_block_chiseled_top",
        "textures/blocks/quartz_block_lines_top",
        "textures/blocks/quartz_block_top"
      ]
    },
    "quartz_block_side": {
      "textures": [
        "textures/blocks/quartz_block_side",
        "textures/blocks/quartz_block_chiseled",
        "textures/blocks/quartz_block_lines",
        "textures/blocks/quartz_block_top"
      ]
    },
    "stair_quartz_block_top": {
      "textures": "textures/blocks/quartz_block_top"
    },
    "stair_quartz_block_bottom": {
      "textures": "textures/blocks/quartz_block_bottom"
    },
    "stair_quartz_block_side": {
      "textures": "textures/blocks/quartz_block_side"
    },
    "purpur_block_top": {
      "textures": [
        "textures/blocks/purpur_block",
        "textures/blocks/purpur_block",
        "textures/blocks/purpur_pillar_top"
      ]
    },
    "purpur_block_bottom": {
      "textures": [
        "textures/blocks/purpur_block",
        "textures/blocks/purpur_block",
        "textures/blocks/purpur_pillar_top"
      ]
    },
    "purpur_block_side": {
      "textures": [
        "textures/blocks/purpur_block",
        "textures/blocks/purpur_block",
        "textures/blocks/purpur_pillar"
      ]
    },
    "stair_purpur_block": {
      "textures": "textures/blocks/purpur_block"
    },
    "structure_block": {
      "textures": [
        "textures/blocks/structure_block",
        "textures/blocks/structure_block_data",
        "textures/blocks/structure_block_save",
        "textures/blocks/structure_block_load",
        "textures/blocks/structure_block_corner",
        "textures/blocks/structure_block_export"
      ]
    },
    "structure_void": {
      "textures": [
        "textures/blocks/structure_void",
        "textures/blocks/structure_air"
      ]
    },
    "mushroom_red": {
      "textures": "textures/blocks/mushroom_red"
    },
    "mushroom_brown": {
      "textures": "textures/blocks/mushroom_brown"
    },
    "gold_ore": {
      "textures": "textures/blocks/gold_ore"
    },
    "iron_ore": {
      "textures": "textures/blocks/iron_ore"
    },
    "coal_ore": {
      "textures": "textures/blocks/coal_ore"
    },
    "lapis_ore": {
      "textures": "textures/blocks/lapis_ore"
    },
    "diamond_ore": {
      "textures": "textures/blocks/diamond_ore"
    },
    "redstone_ore": {
      "textures": "textures/blocks/redstone_ore"
    },
    "emerald_ore": {
      "textures": "textures/blocks/emerald_ore"
    },
    "quartz_ore": {
      "textures": "textures/blocks/quartz_ore"
    },
    "tallgrass": {
      "textures": [
        "textures/blocks/tallgrass",
        "textures/blocks/tallgrass",
        "textures/blocks/fern",
        "textures/blocks/fern"
      ]
    },
    "tallgrass_carried": {
      "textures": [
        "textures/blocks/tallgrass_carried",
        "textures/blocks/tallgrass_carried",
        "textures/blocks/fern_carried",
        "textures/blocks/fern_carried"
      ]
    },
    "seagrass_carried": {
      "textures": "textures/blocks/seagrass_carried"
    },
    "seagrass_short": {
      "textures": "textures/blocks/seagrass"
    },
    "seagrass_tall_bot_a": {
      "textures": "textures/blocks/seagrass_doubletall_bottom_a"
    },
    "seagrass_tall_bot_b": {
      "textures": "textures/blocks/seagrass_doubletall_bottom_b"
    },
    "seagrass_tall_top_a": {
      "textures": "textures/blocks/seagrass_doubletall_top_a"
    },
    "seagrass_tall_top_b": {
      "textures": "textures/blocks/seagrass_doubletall_top_b"
    },
    "coral": {
      "textures": [
        "textures/blocks/coral_plant_blue",
        "textures/blocks/coral_plant_pink",
        "textures/blocks/coral_plant_purple",
        "textures/blocks/coral_plant_red",
        "textures/blocks/coral_plant_yellow"
      ]
    },
    "coral_fan": {
      "textures": [
        "textures/blocks/coral_fan_blue",
        "textures/blocks/coral_fan_pink",
        "textures/blocks/coral_fan_purple",
        "textures/blocks/coral_fan_red",
        "textures/blocks/coral_fan_yellow"
      ]
    },
    "coral_fan_dead": {
      "textures": [
        "textures/blocks/coral_fan_blue_dead",
        "textures/blocks/coral_fan_pink_dead",
        "textures/blocks/coral_fan_purple_dead",
        "textures/blocks/coral_fan_red_dead",
        "textures/blocks/coral_fan_yellow_dead"
      ]
    },
    "coral_fan_hang_a": {
      "textures": [
        "textures/blocks/coral_fan_blue",
        "textures/blocks/coral_fan_pink",
        "textures/blocks/coral_fan_blue_dead",
        "textures/blocks/coral_fan_pink_dead"
      ]
    },
    "coral_fan_hang_b": {
      "textures": [
        "textures/blocks/coral_fan_purple",
        "textures/blocks/coral_fan_red",
        "textures/blocks/coral_fan_purple_dead",
        "textures/blocks/coral_fan_red_dead"
      ]
    },
    "coral_fan_hang_c": {
      "textures": [
        "textures/blocks/coral_fan_yellow",
        "textures/blocks/coral_fan_yellow",
        "textures/blocks/coral_fan_yellow_dead",
        "textures/blocks/coral_fan_yellow_dead"
      ]
    },
    "deadbush": {
      "textures": "textures/blocks/deadbush"
    },
    "crafting_table_top": {
      "textures": "textures/blocks/crafting_table_top"
    },
    "crafting_table_bottom": {
      "textures": "textures/blocks/planks_oak"
    },
    "crafting_table_side": {
      "textures": "textures/blocks/crafting_table_side"
    },
    "crafting_table_front": {
      "textures": "textures/blocks/crafting_table_front"
    },
    "furnace": {
      "textures": [
        "textures/blocks/furnace_front_off",
        "textures/blocks/furnace_front_on",
        "textures/blocks/furnace_side",
        "textures/blocks/furnace_top"
      ]
    },
    "furnace_front": {
      "textures": [
        "textures/blocks/furnace_front_off",
        "textures/blocks/furnace_front_on"
      ]
    },
    "furnace_front_off": {
      "textures": "textures/blocks/furnace_front_off"
    },
    "furnace_front_on": {
      "textures": "textures/blocks/furnace_front_on"
    },
    "furnace_top": {
      "textures": [
        "textures/blocks/furnace_top",
        "textures/blocks/furnace_top"
      ]
    },
    "furnace_side": {
      "textures": [
        "textures/blocks/furnace_side",
        "textures/blocks/furnace_side"
      ]
    },
    "stonecutter_top": {
      "textures": [
        "textures/blocks/stonecutter_top"
      ]
    },
    "stonecutter_bottom": {
      "textures": [
        "textures/blocks/stonecutter_bottom"
      ]
    },
    "stonecutter_side": {
      "textures": [
        "textures/blocks/stonecutter_side"
      ]
    },
    "stonecutter_other_side": {
      "textures": [
        "textures/blocks/stonecutter_other_side"
      ]
    },
    "sponge": {
      "textures": [
        "textures/blocks/sponge",
        "textures/blocks/sponge_wet"
      ]
    },
    "glass": {
      "textures": "textures/blocks/glass"
    },
    "glass_pane_top": {
      "textures": "textures/blocks/glass_pane_top"
    },
    "leaves": {
      "textures": [
        "textures/blocks/leaves_oak",
        "textures/blocks/leaves_spruce",
        "textures/blocks/leaves_birch",
        "textures/blocks/leaves_jungle",
        "textures/blocks/leaves_oak_opaque",
        "textures/blocks/leaves_spruce_opaque",
        "textures/blocks/leaves_birch_opaque",
        "textures/blocks/leaves_jungle_opaque"
      ]
    },
    "leaves_carried": {
      "textures": [
        "textures/blocks/leaves_oak_carried",
        "textures/blocks/leaves_spruce_carried",
        "textures/blocks/leaves_birch_carried",
        "textures/blocks/leaves_jungle_carried",
        "textures/blocks/leaves_oak_carried",
        "textures/blocks/leaves_spruce_carried",
        "textures/blocks/leaves_birch_carried",
        "textures/blocks/leaves_jungle_carried"
      ]
    },
    "leaves2": {
      "textures": [
        "textures/blocks/leaves_acacia",
        "textures/blocks/leaves_big_oak",
        "textures/blocks/leaves_acacia_opaque",
        "textures/blocks/leaves_big_oak_opaque"
      ]
    },
    "leaves_carried2": {
      "textures": [
        "textures/blocks/leaves_acacia_carried",
        "textures/blocks/leaves_big_oak_carried",
        "textures/blocks/leaves_acacia_carried",
        "textures/blocks/leaves_big_oak_carried"
      ]
    },
    "mob_spawner": {
      "textures": "textures/blocks/mob_spawner"
    },
    "snow": {
      "textures": "textures/blocks/snow"
    },
    "ice": {
      "textures": "textures/blocks/ice"
    },
    "ice_packed": {
      "textures": "textures/blocks/ice_packed"
    },
    "blue_ice": {
      "textures": "textures/blocks/blue_ice"
    },
    "cactus_top": {
      "textures": "textures/blocks/cactus_top"
    },
    "cactus_side": {
      "textures": "textures/blocks/cactus_side"
    },
    "cactus_bottom": {
      "textures": "textures/blocks/cactus_bottom"
    },
    "reeds": {
      "textures": "textures/blocks/reeds"
    },
    "jukebox_side": {
      "textures": "textures/blocks/jukebox_side"
    },
    "jukebox_top": {
      "textures": "textures/blocks/jukebox_top"
    },
    "waterlily": {
      "textures": [
        {
          "path": "textures/blocks/waterlily",
          "tint_color": "#208030"
        }
      ]
    },
    "waterlily_carried": {
      "textures": "textures/blocks/carried_waterlily"
    },
    "mycelium_top": {
      "textures": [
        "textures/blocks/mycelium_top",
        "textures/blocks/mycelium_top"
      ]
    },
    "mycelium_bottom": {
      "textures": [
        "textures/blocks/dirt",
        "textures/blocks/dirt"
      ]
    },
    "mycelium_side": {
      "textures": [
        "textures/blocks/mycelium_side",
        "textures/blocks/grass_side_snowed"
      ]
    },
    "torch_on": {
      "textures": "textures/blocks/torch_on"
    },
    "redstone_torch_on": {
      "textures": "textures/blocks/redstone_torch_on"
    },
    "redstone_torch_off": {
      "textures": "textures/blocks/redstone_torch_off"
    },
    "door_lower": {
      "textures": [
        "textures/blocks/door_wood_lower",
        "textures/blocks/door_spruce_lower",
        "textures/blocks/door_birch_lower",
        "textures/blocks/door_jungle_lower",
        "textures/blocks/door_acacia_lower",
        "textures/blocks/door_dark_oak_lower",
        "textures/blocks/door_iron_lower"
      ]
    },
    "door_upper": {
      "textures": [
        "textures/blocks/door_wood_upper",
        "textures/blocks/door_spruce_upper",
        "textures/blocks/door_birch_upper",
        "textures/blocks/door_jungle_upper",
        "textures/blocks/door_acacia_upper",
        "textures/blocks/door_dark_oak_upper",
        "textures/blocks/door_iron_upper"
      ]
    },
    "ladder": {
      "textures": "textures/blocks/ladder"
    },
    "trapdoor": {
      "textures": "textures/blocks/trapdoor"
    },
    "acacia_trapdoor": {
      "textures": "textures/blocks/acacia_trapdoor"
    },
    "birch_trapdoor": {
      "textures": "textures/blocks/birch_trapdoor"
    },
    "dark_oak_trapdoor": {
      "textures": "textures/blocks/dark_oak_trapdoor"
    },
    "jungle_trapdoor": {
      "textures": "textures/blocks/jungle_trapdoor"
    },
    "spruce_trapdoor": {
      "textures": "textures/blocks/spruce_trapdoor"
    },
    "iron_trapdoor": {
      "textures": "textures/blocks/iron_trapdoor"
    },
    "iron_bars": {
      "textures": "textures/blocks/iron_bars"
    },
    "iron_bars_edge": {
      "textures": "textures/blocks/iron_bars"
    },
    "farmland": {
      "textures": [
        "textures/blocks/farmland_wet",
        "textures/blocks/farmland_dry"
      ]
    },
    "wheat": {
      "textures": [
        "textures/blocks/wheat_stage_0",
        "textures/blocks/wheat_stage_1",
        "textures/blocks/wheat_stage_2",
        "textures/blocks/wheat_stage_3",
        "textures/blocks/wheat_stage_4",
        "textures/blocks/wheat_stage_5",
        "textures/blocks/wheat_stage_6",
        "textures/blocks/wheat_stage_7"
      ]
    },
    "grass_path_top": {
      "textures": [
        "textures/blocks/grass_path_top"
      ]
    },
    "grass_path_side": {
      "textures": [
        "textures/blocks/grass_path_side"
      ]
    },
    "lever": {
      "textures": "textures/blocks/lever"
    },
    "lever_particle": {
      "textures": "textures/blocks/cobblestone"
    },
    "pumpkin_top": {
      "textures": [
        "textures/blocks/pumpkin_top",
        "textures/blocks/pumpkin_top",
        "textures/blocks/pumpkin_top"
      ]
    },
    "pumpkin_side": {
      "textures": [
        "textures/blocks/pumpkin_side",
        "textures/blocks/pumpkin_side",
        "textures/blocks/pumpkin_side"
      ]
    },
    "pumpkin_face": {
      "textures": [
        "textures/blocks/pumpkin_face_off",
        "textures/blocks/pumpkin_face_on",
        "textures/blocks/pumpkin_side"
      ]
    },
    "netherrack": {
      "textures": "textures/blocks/netherrack"
    },
    "nether_brick": {
      "textures": "textures/blocks/nether_brick"
    },
    "nether_wart": {
      "textures": [
        "textures/blocks/nether_wart_stage_0",
        "textures/blocks/nether_wart_stage_1",
        "textures/blocks/nether_wart_stage_1",
        "textures/blocks/nether_wart_stage_2"
      ]
    },
    "magma": {
      "textures": "textures/blocks/magma"
    },
    "bubble_column_outer": {
      "textures": [
        "textures/blocks/bubble_column_outer_a",
        "textures/blocks/bubble_column_outer_b",
        "textures/blocks/bubble_column_outer_c",
        "textures/blocks/bubble_column_outer_d",
        "textures/blocks/bubble_column_outer_e",
        "textures/blocks/bubble_column_outer_f",
        "textures/blocks/bubble_column_outer_g",
        "textures/blocks/bubble_column_outer_h"
      ]
    },
    "bubble_column_mid": {
      "textures": [
        "textures/blocks/bubble_column_inner_a",
        "textures/blocks/bubble_column_inner_b"
      ]
    },
    "bubble_column_up_top": {
      "textures": [
        "textures/blocks/bubble_column_up_top_a",
        "textures/blocks/bubble_column_up_top_b",
        "textures/blocks/bubble_column_up_top_c",
        "textures/blocks/bubble_column_up_top_d"
      ]
    },
    "bubble_column_down_top": {
      "textures": [
        "textures/blocks/bubble_column_down_top_a",
        "textures/blocks/bubble_column_down_top_b",
        "textures/blocks/bubble_column_down_top_c",
        "textures/blocks/bubble_column_down_top_d"
      ]
    },
    "nether_wart_block": {
      "textures": "textures/blocks/nether_wart_block"
    },
    "red_nether_brick": {
      "textures": "textures/blocks/red_nether_brick"
    },
    "soul_sand": {
      "textures": "textures/blocks/soul_sand"
    },
    "skull": {
      "textures": "textures/blocks/soul_sand"
    },
    "glowstone": {
      "textures": "textures/blocks/glowstone"
    },
    "piston_top": {
      "textures": [
        "textures/blocks/piston_inner"
      ]
    },
    "piston_top_sticky": {
      "textures": [
        "textures/blocks/piston_top_sticky"
      ]
    },
    "piston_top_normal": {
      "textures": [
        "textures/blocks/piston_top_normal"
      ]
    },
    "piston_side": {
      "textures": [
        "textures/blocks/piston_side"
      ]
    },
    "piston_bottom": {
      "textures": [
        "textures/blocks/piston_bottom"
      ]
    },
    "observer_north": {
      "textures": [
        "textures/blocks/observer_front",
        "textures/blocks/observer_front"
      ]
    },
    "observer_south": {
      "textures": [
        "textures/blocks/observer_back",
        "textures/blocks/observer_back_lit"
      ]
    },
    "observer_east": {
      "textures": [
        "textures/blocks/observer_side",
        "textures/blocks/observer_side"
      ]
    },
    "observer_west": {
      "textures": [
        "textures/blocks/observer_side",
        "textures/blocks/observer_side"
      ]
    },
    "observer_top": {
      "textures": [
        "textures/blocks/observer_top",
        "textures/blocks/observer_top"
      ]
    },
    "observer_bottom": {
      "textures": [
        "textures/blocks/observer_top",
        "textures/blocks/observer_top"
      ]
    },
    "melon_top": {
      "textures": "textures/blocks/melon_top"
    },
    "melon_side": {
      "textures": "textures/blocks/melon_side"
    },
    "melon_stem": {
      "textures": [
        "textures/blocks/melon_stem_disconnected",
        "textures/blocks/melon_stem_connected"
      ]
    },
    "pumpkin_stem": {
      "textures": [
        "textures/blocks/pumpkin_stem_disconnected",
        "textures/blocks/pumpkin_stem_connected"
      ]
    },
    "rail_normal": {
      "textures": "textures/blocks/rail_normal"
    },
    "rail_normal_turned": {
      "textures": "textures/blocks/rail_normal_turned"
    },
    "rail_golden": {
      "textures": "textures/blocks/rail_golden"
    },
    "rail_golden_powered": {
      "textures": "textures/blocks/rail_golden_powered"
    },
    "rail_detector": {
      "textures": "textures/blocks/rail_detector"
    },
    "rail_detector_powered": {
      "textures": "textures/blocks/rail_detector_powered"
    },
    "rail_activator": {
      "textures": "textures/blocks/rail_activator"
    },
    "rail_activator_powered": {
      "textures": "textures/blocks/rail_activator_powered"
    },
    "bed_bottom": {
      "textures": "textures/blocks/planks_oak"
    },
    "cauldron_top": {
      "textures": "textures/blocks/cauldron_top"
    },
    "cauldron_inner": {
      "textures": "textures/blocks/cauldron_inner"
    },
    "cauldron_side": {
      "textures": "textures/blocks/cauldron_side"
    },
    "cauldron_bottom": {
      "textures": "textures/blocks/cauldron_bottom"
    },
    "brewing_stand_base": {
      "textures": "textures/blocks/brewing_stand_base"
    },
    "brewing_stand": {
      "textures": "textures/blocks/brewing_stand"
    },
    "cake_top": {
      "textures": [
        "textures/blocks/cake_top",
        "textures/blocks/cake_top"
      ]
    },
    "cake_bottom": {
      "textures": [
        "textures/blocks/cake_bottom",
        "textures/blocks/cake_bottom"
      ]
    },
    "cake_west": {
      "textures": [
        "textures/blocks/cake_side",
        "textures/blocks/cake_inner"
      ]
    },
    "cake_side": {
      "textures": [
        "textures/blocks/cake_side",
        "textures/blocks/cake_side"
      ]
    },
    "mushroom_block": {
      "textures": [
        "textures/blocks/mushroom_block_skin_brown",
        "textures/blocks/mushroom_block_skin_red",
        "textures/blocks/mushroom_block_inside",
        "textures/blocks/mushroom_block_skin_stem"
      ]
    },
    "mushroom_red_top": {
      "textures": [
        "textures/blocks/mushroom_block_inside",
        "textures/blocks/mushroom_block_skin_red",
        "textures/blocks/mushroom_block_skin_red",
        "textures/blocks/mushroom_block_skin_red",
        "textures/blocks/mushroom_block_skin_red",
        "textures/blocks/mushroom_block_skin_red",
        "textures/blocks/mushroom_block_skin_red",
        "textures/blocks/mushroom_block_skin_red",
        "textures/blocks/mushroom_block_skin_red",
        "textures/blocks/mushroom_block_skin_red",
        "textures/blocks/mushroom_block_inside",
        "textures/blocks/mushroom_block_inside",
        "textures/blocks/mushroom_block_inside",
        "textures/blocks/mushroom_block_inside",
        "textures/blocks/mushroom_block_skin_red",
        "textures/blocks/mushroom_block_skin_stem"
      ]
    },
    "mushroom_red_bottom": {
      "textures": [
        "textures/blocks/mushroom_block_inside",
        "textures/blocks/mushroom_block_inside",
        "textures/blocks/mushroom_block_inside",
        "textures/blocks/mushroom_block_inside",
        "textures/blocks/mushroom_block_inside",
        "textures/blocks/mushroom_block_inside",
        "textures/blocks/mushroom_block_inside",
        "textures/blocks/mushroom_block_inside",
        "textures/blocks/mushroom_block_inside",
        "textures/blocks/mushroom_block_inside",
        "textures/blocks/mushroom_block_inside",
        "textures/blocks/mushroom_block_inside",
        "textures/blocks/mushroom_block_inside",
        "textures/blocks/mushroom_block_inside",
        "textures/blocks/mushroom_block_skin_red",
        "textures/blocks/mushroom_block_skin_stem"
      ]
    },
    "mushroom_red_north": {
      "textures": [
        "textures/blocks/mushroom_block_inside",
        "textures/blocks/mushroom_block_skin_red",
        "textures/blocks/mushroom_block_skin_red",
        "textures/blocks/mushroom_block_skin_red",
        "textures/blocks/mushroom_block_inside",
        "textures/blocks/mushroom_block_inside",
        "textures/blocks/mushroom_block_inside",
        "textures/blocks/mushroom_block_inside",
        "textures/blocks/mushroom_block_inside",
        "textures/blocks/mushroom_block_inside",
        "textures/blocks/mushroom_block_skin_stem",
        "textures/blocks/mushroom_block_inside",
        "textures/blocks/mushroom_block_inside",
        "textures/blocks/mushroom_block_inside",
        "textures/blocks/mushroom_block_skin_red",
        "textures/blocks/mushroom_block_skin_stem"
      ]
    },
    "mushroom_red_south": {
      "textures": [
        "textures/blocks/mushroom_block_inside",
        "textures/blocks/mushroom_block_inside",
        "textures/blocks/mushroom_block_inside",
        "textures/blocks/mushroom_block_inside",
        "textures/blocks/mushroom_block_inside",
        "textures/blocks/mushroom_block_inside",
        "textures/blocks/mushroom_block_inside",
        "textures/blocks/mushroom_block_skin_red",
        "textures/blocks/mushroom_block_skin_red",
        "textures/blocks/mushroom_block_skin_red",
        "textures/blocks/mushroom_block_skin_stem",
        "textures/blocks/mushroom_block_inside",
        "textures/blocks/mushroom_block_inside",
        "textures/blocks/mushroom_block_inside",
        "textures/blocks/mushroom_block_skin_red",
        "textures/blocks/mushroom_block_skin_stem"
      ]
    },
    "mushroom_red_west": {
      "textures": [
        "textures/blocks/mushroom_block_inside",
        "textures/blocks/mushroom_block_skin_red",
        "textures/blocks/mushroom_block_inside",
        "textures/blocks/mushroom_block_inside",
        "textures/blocks/mushroom_block_skin_red",
        "textures/blocks/mushroom_block_inside",
        "textures/blocks/mushroom_block_inside",
        "textures/blocks/mushroom_block_skin_red",
        "textures/blocks/mushroom_block_inside",
        "textures/blocks/mushroom_block_inside",
        "textures/blocks/mushroom_block_skin_stem",
        "textures/blocks/mushroom_block_inside",
        "textures/blocks/mushroom_block_inside",
        "textures/blocks/mushroom_block_inside",
        "textures/blocks/mushroom_block_skin_red",
        "textures/blocks/mushroom_block_skin_stem"
      ]
    },
    "mushroom_red_east": {
      "textures": [
        "textures/blocks/mushroom_block_inside",
        "textures/blocks/mushroom_block_inside",
        "textures/blocks/mushroom_block_inside",
        "textures/blocks/mushroom_block_skin_red",
        "textures/blocks/mushroom_block_inside",
        "textures/blocks/mushroom_block_inside",
        "textures/blocks/mushroom_block_skin_red",
        "textures/blocks/mushroom_block_inside",
        "textures/blocks/mushroom_block_inside",
        "textures/blocks/mushroom_block_skin_red",
        "textures/blocks/mushroom_block_skin_stem",
        "textures/blocks/mushroom_block_inside",
        "textures/blocks/mushroom_block_inside",
        "textures/blocks/mushroom_block_inside",
        "textures/blocks/mushroom_block_skin_red",
        "textures/blocks/mushroom_block_skin_stem"
      ]
    },
    "mushroom_brown_top": {
      "textures": [
        "textures/blocks/mushroom_block_inside",
        "textures/blocks/mushroom_block_skin_brown",
        "textures/blocks/mushroom_block_skin_brown",
        "textures/blocks/mushroom_block_skin_brown",
        "textures/blocks/mushroom_block_skin_brown",
        "textures/blocks/mushroom_block_skin_brown",
        "textures/blocks/mushroom_block_skin_brown",
        "textures/blocks/mushroom_block_skin_brown",
        "textures/blocks/mushroom_block_skin_brown",
        "textures/blocks/mushroom_block_skin_brown",
        "textures/blocks/mushroom_block_inside",
        "textures/blocks/mushroom_block_inside",
        "textures/blocks/mushroom_block_inside",
        "textures/blocks/mushroom_block_inside",
        "textures/blocks/mushroom_block_skin_brown",
        "textures/blocks/mushroom_block_skin_stem"
      ]
    },
    "mushroom_brown_bottom": {
      "textures": [
        "textures/blocks/mushroom_block_inside",
        "textures/blocks/mushroom_block_inside",
        "textures/blocks/mushroom_block_inside",
        "textures/blocks/mushroom_block_inside",
        "textures/blocks/mushroom_block_inside",
        "textures/blocks/mushroom_block_inside",
        "textures/blocks/mushroom_block_inside",
        "textures/blocks/mushroom_block_inside",
        "textures/blocks/mushroom_block_inside",
        "textures/blocks/mushroom_block_inside",
        "textures/blocks/mushroom_block_inside",
        "textures/blocks/mushroom_block_inside",
        "textures/blocks/mushroom_block_inside",
        "textures/blocks/mushroom_block_inside",
        "textures/blocks/mushroom_block_skin_brown",
        "textures/blocks/mushroom_block_skin_stem"
      ]
    },
    "mushroom_brown_north": {
      "textures": [
        "textures/blocks/mushroom_block_inside",
        "textures/blocks/mushroom_block_skin_brown",
        "textures/blocks/mushroom_block_skin_brown",
        "textures/blocks/mushroom_block_skin_brown",
        "textures/blocks/mushroom_block_inside",
        "textures/blocks/mushroom_block_inside",
        "textures/blocks/mushroom_block_inside",
        "textures/blocks/mushroom_block_inside",
        "textures/blocks/mushroom_block_inside",
        "textures/blocks/mushroom_block_inside",
        "textures/blocks/mushroom_block_skin_stem",
        "textures/blocks/mushroom_block_inside",
        "textures/blocks/mushroom_block_inside",
        "textures/blocks/mushroom_block_inside",
        "textures/blocks/mushroom_block_skin_brown",
        "textures/blocks/mushroom_block_skin_stem"
      ]
    },
    "mushroom_brown_south": {
      "textures": [
        "textures/blocks/mushroom_block_inside",
        "textures/blocks/mushroom_block_inside",
        "textures/blocks/mushroom_block_inside",
        "textures/blocks/mushroom_block_inside",
        "textures/blocks/mushroom_block_inside",
        "textures/blocks/mushroom_block_inside",
        "textures/blocks/mushroom_block_inside",
        "textures/blocks/mushroom_block_skin_brown",
        "textures/blocks/mushroom_block_skin_brown",
        "textures/blocks/mushroom_block_skin_brown",
        "textures/blocks/mushroom_block_skin_stem",
        "textures/blocks/mushroom_block_inside",
        "textures/blocks/mushroom_block_inside",
        "textures/blocks/mushroom_block_inside",
        "textures/blocks/mushroom_block_skin_brown",
        "textures/blocks/mushroom_block_skin_stem"
      ]
    },
    "mushroom_brown_west": {
      "textures": [
        "textures/blocks/mushroom_block_inside",
        "textures/blocks/mushroom_block_skin_brown",
        "textures/blocks/mushroom_block_inside",
        "textures/blocks/mushroom_block_inside",
        "textures/blocks/mushroom_block_skin_brown",
        "textures/blocks/mushroom_block_inside",
        "textures/blocks/mushroom_block_inside",
        "textures/blocks/mushroom_block_skin_brown",
        "textures/blocks/mushroom_block_inside",
        "textures/blocks/mushroom_block_inside",
        "textures/blocks/mushroom_block_skin_stem",
        "textures/blocks/mushroom_block_inside",
        "textures/blocks/mushroom_block_inside",
        "textures/blocks/mushroom_block_inside",
        "textures/blocks/mushroom_block_skin_brown",
        "textures/blocks/mushroom_block_skin_stem"
      ]
    },
    "mushroom_brown_east": {
      "textures": [
        "textures/blocks/mushroom_block_inside",
        "textures/blocks/mushroom_block_inside",
        "textures/blocks/mushroom_block_inside",
        "textures/blocks/mushroom_block_skin_brown",
        "textures/blocks/mushroom_block_inside",
        "textures/blocks/mushroom_block_inside",
        "textures/blocks/mushroom_block_skin_brown",
        "textures/blocks/mushroom_block_inside",
        "textures/blocks/mushroom_block_inside",
        "textures/blocks/mushroom_block_skin_brown",
        "textures/blocks/mushroom_block_skin_stem",
        "textures/blocks/mushroom_block_inside",
        "textures/blocks/mushroom_block_inside",
        "textures/blocks/mushroom_block_inside",
        "textures/blocks/mushroom_block_skin_brown",
        "textures/blocks/mushroom_block_skin_stem"
      ]
    },
    "vine": {
      "textures": "textures/blocks/vine"
    },
    "vine_carried": {
      "textures": "textures/blocks/vine_carried"
    },
    "repeater_torch": {
      "textures": [
        "textures/blocks/redstone_torch_off",
        "textures/blocks/redstone_torch_on"
      ]
    },
    "repeater_up": {
      "textures": [
        "textures/blocks/repeater_off",
        "textures/blocks/repeater_on"
      ]
    },
    "repeater_floor": {
      "textures": [
        "textures/blocks/stone_slab_top",
        "textures/blocks/stone_slab_top"
      ]
    },
    "end_bricks": {
      "textures": "textures/blocks/end_bricks"
    },
    "end_gateway": {
      "textures": "textures/blocks/end_gateway"
    },
    "end_portal": {
      "textures": "textures/blocks/end_portal"
    },
    "end_rod": {
      "textures": "textures/blocks/end_rod"
    },
    "end_stone": {
      "textures": "textures/blocks/end_stone"
    },
    "endframe_top": {
      "textures": "textures/blocks/endframe_top"
    },
    "endframe_bottom": {
      "textures": "textures/blocks/end_stone"
    },
    "endframe_side": {
      "textures": "textures/blocks/endframe_side"
    },
    "endframe_eye": {
      "textures": "textures/blocks/endframe_eye"
    },
    "redstone_dust_cross": {
      "textures": "textures/blocks/redstone_dust_cross"
    },
    "redstone_dust_line": {
      "textures": "textures/blocks/redstone_dust_line"
    },
    "redstone_lamp_off": {
      "textures": "textures/blocks/redstone_lamp_off"
    },
    "redstone_lamp_on": {
      "textures": "textures/blocks/redstone_lamp_on"
    },
    "enchanting_table_bottom": {
      "textures": "textures/blocks/enchanting_table_bottom"
    },
    "enchanting_table_side": {
      "textures": "textures/blocks/enchanting_table_side"
    },
    "enchanting_table_top": {
      "textures": "textures/blocks/enchanting_table_top"
    },
    "dragon_egg": {
      "textures": "textures/blocks/dragon_egg"
    },
    "hayblock_top": {
      "textures": "textures/blocks/hay_block_top"
    },
    "hayblock_side": {
      "textures": "textures/blocks/hay_block_side"
    },
    "bone_block_top": {
      "textures": "textures/blocks/bone_block_top"
    },
    "bone_block_side": {
      "textures": "textures/blocks/bone_block_side"
    },
    "cocoa": {
      "textures": [
        "textures/blocks/cocoa_stage_0",
        "textures/blocks/cocoa_stage_1",
        "textures/blocks/cocoa_stage_2"
      ]
    },
    "trip_wire": {
      "textures": "textures/blocks/trip_wire"
    },
    "trip_wire_source": {
      "textures": "textures/blocks/trip_wire_source"
    },
    "trip_wire_base": {
      "textures": "textures/blocks/planks_oak"
    },
    "command_block": {
      "textures": "textures/blocks/command_block"
    },
    "itemframe_background": {
      "textures": "textures/blocks/itemframe_background"
    },
    "flower_pot": {
      "textures": "textures/blocks/flower_pot"
    },
    "carrots": {
      "textures": [
        "textures/blocks/carrots_stage_0",
        "textures/blocks/carrots_stage_1",
        "textures/blocks/carrots_stage_2",
        "textures/blocks/carrots_stage_3"
      ]
    },
    "potatoes": {
      "textures": [
        "textures/blocks/potatoes_stage_0",
        "textures/blocks/potatoes_stage_1",
        "textures/blocks/potatoes_stage_2",
        "textures/blocks/potatoes_stage_3"
      ]
    },
    "beetroot": {
      "textures": [
        "textures/blocks/beetroots_stage_0",
        "textures/blocks/beetroots_stage_1",
        "textures/blocks/beetroots_stage_2",
        "textures/blocks/beetroots_stage_3"
      ]
    },
    "anvil_base": {
      "textures": [
        "textures/blocks/anvil_base",
        "textures/blocks/anvil_base",
        "textures/blocks/anvil_base",
        "textures/blocks/anvil_base"
      ]
    },
    "anvil_top_damaged_x": {
      "textures": [
        "textures/blocks/anvil_top_damaged_0",
        "textures/blocks/anvil_top_damaged_1",
        "textures/blocks/anvil_top_damaged_2",
        "textures/blocks/anvil_base"
      ]
    },
    "reactor_core": {
      "textures": [
        "textures/blocks/reactor_core_stage_0",
        "textures/blocks/reactor_core_stage_1",
        "textures/blocks/reactor_core_stage_2"
      ]
    },
    "glowing_obsidian": {
      "textures": "textures/blocks/glowing_obsidian"
    },
    "destroy": {
      "textures": [
        "textures/environment/destroy_stage_0",
        "textures/environment/destroy_stage_1",
        "textures/environment/destroy_stage_2",
        "textures/environment/destroy_stage_3",
        "textures/environment/destroy_stage_4",
        "textures/environment/destroy_stage_5",
        "textures/environment/destroy_stage_6",
        "textures/environment/destroy_stage_7",
        "textures/environment/destroy_stage_8",
        "textures/environment/destroy_stage_9"
      ]
    },
    "chest_inventory": {
      "textures": [
        "textures/blocks/chest_top",
        "textures/blocks/chest_side",
        "textures/blocks/chest_front"
      ]
    },
    "chest_inventory_top": {
      "textures": [
        "textures/blocks/chest_top"
      ]
    },
    "chest_inventory_side": {
      "textures": [
        "textures/blocks/chest_side"
      ]
    },
    "chest_inventory_front": {
      "textures": [
        "textures/blocks/chest_front"
      ]
    },
    "trapped_chest_inventory_front": {
      "textures": [
        "textures/blocks/trapped_chest_front"
      ]
    },
    "ender_chest_inventory_top": {
      "textures": [
        "textures/blocks/ender_chest_top"
      ]
    },
    "ender_chest_inventory_side": {
      "textures": [
        "textures/blocks/ender_chest_side"
      ]
    },
    "ender_chest_inventory_front": {
      "textures": [
        "textures/blocks/ender_chest_front"
      ]
    },
    "missing_tile": {
      "textures": "textures/blocks/missing_tile"
    },
    "flowing_water_grey": {
      "quad": 1,
      "textures": "textures/blocks/water_flow_grey"
    },
    "flowing_water": { //DEPRECATED "water_flow" is now replaced by water_flow_grey texture for a newer water coloring system
      //this is only here or the purposes of backwards compatibility, and should no longer be used!
      "quad": 1,
      "textures": "textures/blocks/water_flow"
    },
    "flowing_lava": {
      "quad": 1,
      "textures": "textures/blocks/lava_flow"
    },
    "wool": {
      "textures": [
        "textures/blocks/wool_colored_white",
        "textures/blocks/wool_colored_orange",
        "textures/blocks/wool_colored_magenta",
        "textures/blocks/wool_colored_light_blue",
        "textures/blocks/wool_colored_yellow",
        "textures/blocks/wool_colored_lime",
        "textures/blocks/wool_colored_pink",
        "textures/blocks/wool_colored_gray",
        "textures/blocks/wool_colored_silver",
        "textures/blocks/wool_colored_cyan",
        "textures/blocks/wool_colored_purple",
        "textures/blocks/wool_colored_blue",
        "textures/blocks/wool_colored_brown",
        "textures/blocks/wool_colored_green",
        "textures/blocks/wool_colored_red",
        "textures/blocks/wool_colored_black"
      ]
    },
    "hardened_clay": {
      "textures": "textures/blocks/hardened_clay"
    },
    "stained_clay": {
      "textures": [
        "textures/blocks/hardened_clay_stained_white",
        "textures/blocks/hardened_clay_stained_orange",
        "textures/blocks/hardened_clay_stained_magenta",
        "textures/blocks/hardened_clay_stained_light_blue",
        "textures/blocks/hardened_clay_stained_yellow",
        "textures/blocks/hardened_clay_stained_lime",
        "textures/blocks/hardened_clay_stained_pink",
        "textures/blocks/hardened_clay_stained_gray",
        "textures/blocks/hardened_clay_stained_silver",
        "textures/blocks/hardened_clay_stained_cyan",
        "textures/blocks/hardened_clay_stained_purple",
        "textures/blocks/hardened_clay_stained_blue",
        "textures/blocks/hardened_clay_stained_brown",
        "textures/blocks/hardened_clay_stained_green",
        "textures/blocks/hardened_clay_stained_red",
        "textures/blocks/hardened_clay_stained_black"
      ]
    },
    "fire_0": {
      "textures": "textures/blocks/fire_0"
    },
    "fire_1": {
      "textures": "textures/blocks/fire_1"
    },
    "still_water_grey": {
      "textures": "textures/blocks/water_still_grey"
    },
    "still_water": { //DEPRECATED "still_water" is now replaced by still_water_grey texture for a newer water coloring system
      //this is only here or the purposes of backwards compatibility, and should no longer be used!
      "textures": "textures/blocks/water_still"
    },
    "still_lava": {
      "textures": "textures/blocks/lava_still"
    },
    "cauldron_water": {
      "textures": "textures/blocks/cauldron_water"
    },
    "portal": {
      "textures": "textures/blocks/portal"
    },
    "kelp_a": {
      "textures": "textures/blocks/kelp_a"
    },
    "kelp_b": {
      "textures": "textures/blocks/kelp_b"
    },
    "kelp_c": {
      "textures": "textures/blocks/kelp_c"
    },
    "kelp_d": {
      "textures": "textures/blocks/kelp_d"
    },
    "kelp_top": {
      "textures": "textures/blocks/kelp_top"
    },
    "kelp_top_bulb": {
      "textures": "textures/blocks/kelp_top_bulb"
    },
    "dried_kelp_block_top": {
      "textures": "textures/blocks/dried_kelp_top"
    },
    "dried_kelp_block_side_a": {
      "textures": "textures/blocks/dried_kelp_side_a"
    },
    "dried_kelp_block_side_b": {
      "textures": "textures/blocks/dried_kelp_side_b"
    },
    "daylight_detector_side": {
      "textures": [
        "textures/blocks/daylight_detector_side",
        "textures/blocks/daylight_detector_side"
      ]
    },
    "daylight_detector_top": {
      "textures": [
        "textures/blocks/daylight_detector_top",
        "textures/blocks/daylight_detector_inverted_top"
      ]
    },
    "noteblock": {
      "textures": "textures/blocks/noteblock"
    },
    "jukebox_top": {
      "textures": "textures/blocks/jukebox_top"
    },
    "jukebox_side": {
      "textures": "textures/blocks/jukebox_side"
    },
    "comparator_up": {
      "textures": [
        "textures/blocks/comparator_off",
        "textures/blocks/comparator_on"
      ]
    },
    "comparator_torch": {
      "textures": [
        "textures/blocks/redstone_torch_off",
        "textures/blocks/redstone_torch_on"
      ]
    },
    "comparator_stone_slab": {
      "textures": "textures/blocks/stone_slab_top"
    },
    "command_block_front": {
      "textures": "textures/blocks/command_block_front_mipmap"
    },
    "command_block_back": {
      "textures": "textures/blocks/command_block_back_mipmap"
    },
    "command_block_side": {
      "textures": "textures/blocks/command_block_side_mipmap"
    },
    "command_block_conditional_side": {
      "textures": "textures/blocks/command_block_conditional_mipmap"
    },
    "command_block_chain_front": {
      "textures": "textures/blocks/chain_command_block_front_mipmap"
    },
    "command_block_chain_back": {
      "textures": "textures/blocks/chain_command_block_back_mipmap"
    },
    "command_block_chain_side": {
      "textures": "textures/blocks/chain_command_block_side_mipmap"
    },
    "command_block_chain_conditional_side": {
      "textures": "textures/blocks/chain_command_block_conditional_mipmap"
    },
    "command_block_repeating_front": {
      "textures": "textures/blocks/repeating_command_block_front_mipmap"
    },
    "command_block_repeating_back": {
      "textures": "textures/blocks/repeating_command_block_back_mipmap"
    },
    "command_block_repeating_side": {
      "textures": "textures/blocks/repeating_command_block_side_mipmap"
    },
    "command_block_repeating_conditional_side": {
      "textures": "textures/blocks/repeating_command_block_conditional_mipmap"
    },
    "dispenser_front_horizontal": {
      "textures": "textures/blocks/dispenser_front_horizontal"
    },
    "dispenser_front_vertical": {
      "textures": "textures/blocks/dispenser_front_vertical"
    },
    "dispenser_top": {
      "textures": "textures/blocks/furnace_top"
    },
    "dispenser_side": {
      "textures": "textures/blocks/furnace_side"
    },
    "dropper_front_horizontal": {
      "textures": "textures/blocks/dropper_front_horizontal"
    },
    "dropper_front_vertical": {
      "textures": "textures/blocks/dropper_front_vertical"
    },
    "dropper_top": {
      "textures": "textures/blocks/furnace_top"
    },
    "dropper_side": {
      "textures": "textures/blocks/furnace_side"
    },
    "hopper_inside": {
      "textures": "textures/blocks/hopper_inside"
    },
    "hopper_outside": {
      "textures": "textures/blocks/hopper_outside"
    },
    "hopper_top": {
      "textures": "textures/blocks/hopper_top"
    },
    "slime_block": {
      "textures": "textures/blocks/slime"
    },
    "camera_top": {
      "textures": "textures/blocks/camera_top"
    },
    "camera_side": {
      "textures": "textures/blocks/camera_side"
    },
    "camera_front": {
      "textures": "textures/blocks/camera_front"
    },
    "camera_back": {
      "textures": "textures/blocks/camera_back"
    },
    "border_block": {
      "textures": "textures/blocks/border"
    },
    "build_allow": {
      "textures": "textures/blocks/build_allow"
    },
    "build_deny": {
      "textures": "textures/blocks/build_deny"
    },
    "prismarine": {
      "textures": [
        "textures/blocks/prismarine_rough",
        "textures/blocks/prismarine_dark",
        "textures/blocks/prismarine_bricks"
      ]
    },
    "dark_prismarine": {
      "textures": [
        "textures/blocks/prismarine_dark"
      ]
    },
    "prismarine_bricks": {
      "textures": [
        "textures/blocks/prismarine_bricks"
      ]
    },
    "sea_lantern": {
      "textures": "textures/blocks/sea_lantern"
    },
    "sea_pickle": {
      "textures": "textures/blocks/sea_pickle"
    },
    "sea_pickle_carried": {
      "textures": "textures/items/sea_pickle"
    },
    "turtle_egg": {
      "textures": [
        "textures/blocks/turtle_egg_not_cracked",
        "textures/blocks/turtle_egg_slightly_cracked",
        "textures/blocks/turtle_egg_very_cracked"
      ]
    },
    "beacon": {
      "textures": "textures/blocks/beacon"
    },
    "beacon_core": {
      "textures": "textures/blocks/beacon"
    },
    "beacon_base": {
      "textures": "textures/blocks/obsidian"
    },
    "beacon_shell": {
      "textures": "textures/blocks/glass"
    },
    "conduit": {
      "textures": "textures/blocks/conduit_base"
    },
    "stained_glass": {
      "textures": [
        "textures/blocks/glass_white",
        "textures/blocks/glass_orange",
        "textures/blocks/glass_magenta",
        "textures/blocks/glass_light_blue",
        "textures/blocks/glass_yellow",
        "textures/blocks/glass_lime",
        "textures/blocks/glass_pink",
        "textures/blocks/glass_gray",
        "textures/blocks/glass_silver",
        "textures/blocks/glass_cyan",
        "textures/blocks/glass_purple",
        "textures/blocks/glass_blue",
        "textures/blocks/glass_brown",
        "textures/blocks/glass_green",
        "textures/blocks/glass_red",
        "textures/blocks/glass_black"
      ]
    },
    "stained_glass_pane_top": {
      "textures": [
        "textures/blocks/glass_pane_top_white",
        "textures/blocks/glass_pane_top_orange",
        "textures/blocks/glass_pane_top_magenta",
        "textures/blocks/glass_pane_top_light_blue",
        "textures/blocks/glass_pane_top_yellow",
        "textures/blocks/glass_pane_top_lime",
        "textures/blocks/glass_pane_top_pink",
        "textures/blocks/glass_pane_top_gray",
        "textures/blocks/glass_pane_top_silver",
        "textures/blocks/glass_pane_top_cyan",
        "textures/blocks/glass_pane_top_purple",
        "textures/blocks/glass_pane_top_blue",
        "textures/blocks/glass_pane_top_brown",
        "textures/blocks/glass_pane_top_green",
        "textures/blocks/glass_pane_top_red",
        "textures/blocks/glass_pane_top_black"
      ]
    },
    "shulker_box_top": {
      "textures": [
        "textures/blocks/shulker_top_white",
        "textures/blocks/shulker_top_orange",
        "textures/blocks/shulker_top_magenta",
        "textures/blocks/shulker_top_light_blue",
        "textures/blocks/shulker_top_yellow",
        "textures/blocks/shulker_top_lime",
        "textures/blocks/shulker_top_pink",
        "textures/blocks/shulker_top_gray",
        "textures/blocks/shulker_top_silver",
        "textures/blocks/shulker_top_cyan",
        "textures/blocks/shulker_top_purple",
        "textures/blocks/shulker_top_blue",
        "textures/blocks/shulker_top_brown",
        "textures/blocks/shulker_top_green",
        "textures/blocks/shulker_top_red",
        "textures/blocks/shulker_top_black",
        "textures/blocks/shulker_top_undyed"
      ]
    },
    "undyed_shulker_box_top": {
      "textures": "textures/blocks/shulker_top_undyed"
    },
    "concrete": {
      "textures": [
        "textures/blocks/concrete_white",
        "textures/blocks/concrete_orange",
        "textures/blocks/concrete_magenta",
        "textures/blocks/concrete_light_blue",
        "textures/blocks/concrete_yellow",
        "textures/blocks/concrete_lime",
        "textures/blocks/concrete_pink",
        "textures/blocks/concrete_gray",
        "textures/blocks/concrete_silver",
        "textures/blocks/concrete_cyan",
        "textures/blocks/concrete_purple",
        "textures/blocks/concrete_blue",
        "textures/blocks/concrete_brown",
        "textures/blocks/concrete_green",
        "textures/blocks/concrete_red",
        "textures/blocks/concrete_black"
      ]
    },
    "concretePowder": {
      "textures": [
        "textures/blocks/concrete_powder_white",
        "textures/blocks/concrete_powder_orange",
        "textures/blocks/concrete_powder_magenta",
        "textures/blocks/concrete_powder_light_blue",
        "textures/blocks/concrete_powder_yellow",
        "textures/blocks/concrete_powder_lime",
        "textures/blocks/concrete_powder_pink",
        "textures/blocks/concrete_powder_gray",
        "textures/blocks/concrete_powder_silver",
        "textures/blocks/concrete_powder_cyan",
        "textures/blocks/concrete_powder_purple",
        "textures/blocks/concrete_powder_blue",
        "textures/blocks/concrete_powder_brown",
        "textures/blocks/concrete_powder_green",
        "textures/blocks/concrete_powder_red",
        "textures/blocks/concrete_powder_black"
      ]
    },
    "black_glazed_terracotta": {
      "textures": "textures/blocks/glazed_terracotta_black"
    },
    "blue_glazed_terracotta": {
      "textures": "textures/blocks/glazed_terracotta_blue"
    },
    "brown_glazed_terracotta": {
      "textures": "textures/blocks/glazed_terracotta_brown"
    },
    "cyan_glazed_terracotta": {
      "textures": "textures/blocks/glazed_terracotta_cyan"
    },
    "gray_glazed_terracotta": {
      "textures": "textures/blocks/glazed_terracotta_gray"
    },
    "green_glazed_terracotta": {
      "textures": "textures/blocks/glazed_terracotta_green"
    },
    "light_blue_glazed_terracotta": {
      "textures": "textures/blocks/glazed_terracotta_light_blue"
    },
    "lime_glazed_terracotta": {
      "textures": "textures/blocks/glazed_terracotta_lime"
    },
    "magenta_glazed_terracotta": {
      "textures": "textures/blocks/glazed_terracotta_magenta"
    },
    "orange_glazed_terracotta": {
      "textures": "textures/blocks/glazed_terracotta_orange"
    },
    "pink_glazed_terracotta": {
      "textures": "textures/blocks/glazed_terracotta_pink"
    },
    "purple_glazed_terracotta": {
      "textures": "textures/blocks/glazed_terracotta_purple"
    },
    "red_glazed_terracotta": {
      "textures": "textures/blocks/glazed_terracotta_red"
    },
    "silver_glazed_terracotta": {
      "textures": "textures/blocks/glazed_terracotta_silver"
    },
    "white_glazed_terracotta": {
      "textures": "textures/blocks/glazed_terracotta_white"
    },
    "yellow_glazed_terracotta": {
      "textures": "textures/blocks/glazed_terracotta_yellow"
    },
    "frosted_ice": {
      "textures": [
        "textures/blocks/frosted_ice_0",
        "textures/blocks/frosted_ice_1",
        "textures/blocks/frosted_ice_2",
        "textures/blocks/frosted_ice_3"
      ]
    },
    "bamboo_stem": {
      "textures": "textures/blocks/bamboo_stem"
    },
    "bamboo_leaf": {
      "textures": "textures/blocks/bamboo_leaf"
    },
    "bamboo_small_leaf": {
      "textures": "textures/blocks/bamboo_small_leaf"
    },
    "bamboo_singleleaf": {
      "textures": "textures/blocks/bamboo_singleleaf"
    },
    "bamboo_sapling": {
      "textures": "textures/blocks/bamboo_sapling"
    },
    "bamboo_carried": {
      "textures": "textures/items/bamboo"
    },
    "scaffolding_top": {
      "textures": "textures/blocks/scaffolding_top"
    },
    "scaffolding_bottom": {
      "textures": "textures/blocks/scaffolding_bottom"
    },
    "scaffolding_side": {
      "textures": "textures/blocks/scaffolding_side"
    },
    "granite": {
      "textures": "textures/blocks/stone_granite"
    },
    "diorite": {
      "textures": "textures/blocks/stone_diorite"
    },
    "andesite": {
      "textures": "textures/blocks/stone_andesite"
    },
    "smooth_sandstone": {
      "textures": "textures/blocks/sandstone_top"
    },
    "smooth_red_sandstone": {
      "textures": "textures/blocks/red_sandstone_top"
    },
    "mossy_stone_brick": {
      "textures": "textures/blocks/stonebrick_mossy"
    },
    "polished_diorite": {
      "textures": "textures/blocks/stone_diorite_smooth"
    },
    "polished_andesite": {
      "textures": "textures/blocks/stone_andesite_smooth"
    },
    "polished_granite": {
      "textures": "textures/blocks/stone_granite_smooth"
    },
    "smooth_stone": {
      "textures": "textures/blocks/stone_slab_top"
    },
    "grindstone_leg": {
      "textures": "textures/blocks/log_big_oak"
    },
    "grindstone_pivot": {
      "textures": "textures/blocks/grindstone_pivot"
    },
    "grindstone_round": {
      "textures": "textures/blocks/grindstone_round"
    },
    "grindstone_side": {
      "textures": "textures/blocks/grindstone_side"
    },
    "bell_top": {
      "textures": "textures/blocks/bell_top"
    },
    "bell_bottom": {
      "textures": "textures/blocks/bell_bottom"
    },
    "bell_side": {
      "textures": "textures/blocks/bell_side"
    },
    "bell_carried": {
      "textures": "textures/items/villagebell"
    },
    "cartography_table_side1": {
      "textures": "textures/blocks/cartography_table_side1"
    },
    "cartography_table_side2": {
      "textures": "textures/blocks/cartography_table_side2"
    },
    "cartography_table_side3": {
      "textures": "textures/blocks/cartography_table_side3"
    },
    "cartography_table_top": {
      "textures": "textures/blocks/cartography_table_top"
    },
    "cartography_table_bottom": {
      "textures": "textures/blocks/planks_big_oak"
    },
    "fletching_table_top": {
      "textures": "textures/blocks/fletcher_table_top"
    },
    "fletching_table_side1": {
      "textures": "textures/blocks/fletcher_table_side1"
    },
    "fletching_table_side2": {
      "textures": "textures/blocks/fletcher_table_side2"
    },
    "fishbarrel_top_lid": {
      "textures": "textures/blocks/fishbarrel_top_lid"
    },
    "fishbarrel_top": {
      "textures": "textures/blocks/fishbarrel_top"
    },
    "fishbarrel_bottom": {
      "textures": "textures/blocks/fishbarrel_bottom"
    },
    "fishbarrel_side": {
      "textures": "textures/blocks/fishbarrel_side"
    },
    "fishbarrel_top_empty": {
      "textures": "textures/blocks/fishbarrel_top_empty"
    },
    "smithing_table_top": {
      "textures": "textures/blocks/smithing_table_top"
    },
    "smithing_table_side_a": {
      "textures": "textures/blocks/smithing_table_side1"
    },
    "smithing_table_side_b": {
      "textures": "textures/blocks/smithing_table_side2"
    },
    "smoker_front_off": {
      "textures": "textures/blocks/smoker_front_off"
    },
    "smoker_front_on": {
      "textures": "textures/blocks/smoker_front_on_1"
    },
    "smoker_top": {
      "textures": [
        "textures/blocks/smoker_top",
        "textures/blocks/smoker_top"
      ]
    },
    "smoker_bottom": {
      "textures": [
        "textures/blocks/smoker_bottom",
        "textures/blocks/smoker_bottom"
      ]
    },
    "smoker_side": {
      "textures": [
        "textures/blocks/smoker_side",
        "textures/blocks/smoker_side"
      ]
    },
    "blast_furnace": {
      "textures": [
        "textures/blocks/blast_furnace_front_off",
        "textures/blocks/blast_furnace_front_on",
        "textures/blocks/blast_furnace_side",
        "textures/blocks/blast_furnace_top"
      ]
    },
    "blast_furnace_front": {
      "textures": [
        "textures/blocks/blast_furnace_front_off",
        "textures/blocks/blast_furnace_front_on"
      ]
    },
    "blast_furnace_front_off": {
      "textures": "textures/blocks/blast_furnace_front_off"
    },
    "blast_furnace_front_on": {
      "textures": "textures/blocks/blast_furnace_front_on"
    },
    "blast_furnace_top": {
      "textures": "textures/blocks/blast_furnace_top"
    },
    "blast_furnace_side": {
      "textures": "textures/blocks/blast_furnace_side"
    },
    "lantern": {
      "textures": "textures/blocks/lantern"
    },
    "lantern_carried": {
      "textures": "textures/items/lantern"
    }
  }
}