{"stat.useItem.minecraft.brick_stairs":29,"stat.chestOpened":2,"stat.pickup.minecraft.repeating_command_block":1,"stat.useItem.minecraft.chain_command_block":74,"stat.useItem.minecraft.quartz_block":34,"stat.pickup.minecraft.redstone_torch":2,"stat.useItem.minecraft.stone":23,"stat.useItem.minecraft.quartz_stairs":6,"stat.useItem.minecraft.repeater":6,"stat.leaveGame":5,"stat.useItem.minecraft.skull":13,"stat.useItem.minecraft.repeating_command_block":61,"stat.useItem.minecraft.heavy_weighted_pressure_plate":3,"stat.useItem.minecraft.glowstone":1,"stat.useItem.minecraft.flower_pot":2,"stat.jump":1499,"stat.useItem.minecraft.planks":230,"stat.crouchOneCm":2822,"stat.pickup.minecraft.writable_book":1,"stat.useItem.minecraft.redstone_torch":10,"stat.useItem.minecraft.stone_button":77,"stat.useItem.minecraft.dirt":244,"stat.useItem.minecraft.light_weighted_pressure_plate":10,"achievement.exploreAllBiomes":{"value":0,"progress":["The Void"]},"stat.useItem.minecraft.glass":80,"stat.drop.minecraft.barrier":2,"stat.pickup.minecraft.command_block":1,"stat.useItem.minecraft.redstone_lamp":26,"stat.pickup.minecraft.brick_block":1,"stat.damageTaken":1040,"stat.drop.minecraft.brick_block":1,"stat.useItem.minecraft.stone_brick_stairs":147,"stat.useItem.minecraft.furnace":4,"stat.drop.minecraft.stone_button":1,"stat.pickup.minecraft.cobblestone":3,"stat.useItem.minecraft.brick_block":904,"stat.flyOneCm":2081118,"stat.pickup.minecraft.oak_stairs":1,"stat.pickup.minecraft.chain_command_block":1,"stat.pickup.minecraft.redstone":1,"stat.useItem.minecraft.wool":143,"stat.timeSinceDeath":38788,"stat.useItem.minecraft.sign":49,"stat.useItem.minecraft.crafting_table":4,"stat.useItem.minecraft.wooden_slab":95,"stat.flowerPotted":2,"stat.useItem.minecraft.command_block":110,"stat.walkOneCm":573137,"stat.useItem.minecraft.torch":33,"stat.useItem.minecraft.chest":1,"stat.pickup.minecraft.light_weighted_pressure_plate":1,"stat.useItem.minecraft.oak_stairs":19,"stat.useItem.minecraft.comparator":57,"stat.useItem.minecraft.redstone_block":24,"stat.useItem.minecraft.redstone":7,"stat.useItem.minecraft.sea_lantern":4,"stat.useItem.minecraft.written_book":2,"stat.useItem.minecraft.stained_hardened_clay":127,"stat.useItem.minecraft.leaves":2,"stat.useItem.minecraft.trapdoor":2,"stat.sprintOneCm":129718,"stat.drop.minecraft.command_block":2,"stat.useItem.minecraft.fence":20,"stat.useItem.minecraft.glass_pane":86,"stat.useItem.minecraft.stone_slab":501,"achievement.openInventory":233,"stat.useItem.minecraft.barrier":213,"stat.useItem.minecraft.cauldron":4,"stat.useItem.minecraft.wooden_button":5,"stat.useItem.minecraft.diamond_pickaxe":3,"stat.useItem.minecraft.hopper":1,"stat.useItem.minecraft.wooden_pressure_plate":23,"stat.useItem.minecraft.stonebrick":12,"stat.drop.minecraft.repeating_command_block":3,"stat.useItem.minecraft.wooden_door":6,"stat.deaths":4,"stat.drop":12,"stat.drop.minecraft.chain_command_block":2,"stat.useItem.minecraft.writable_book":1,"stat.playOneMinute":450674,"stat.pickup.minecraft.stone_button":1,"stat.pickup.minecraft.torch":1,"stat.sneakTime":8892,"stat.useItem.minecraft.birch_stairs":53,"stat.drop.minecraft.grass":1,"stat.mineBlock.minecraft.stone":3,"stat.useItem.minecraft.sandstone":12}