{
  "format_version": "1.8.0",
  "animation_controllers": {
    "controller.animation.bcat.baby": {
      "states": {
        "baby": {
          "parameters": [ "query.is_baby" ],
          "animations": [
            {
              "baby_transform": [
                {
                  "0.0": 0.0,
                  "1.0": 1.0
                }
              ]
            }
          ]
        }
      }
    },
    "controller.animation.bcat.look_at_target": {
      "states": {
        "default": {
          "animations": [ { "look_at_target": [] },{ "fix": [] } ]
        }
      }
    },
    "controller.animation.bcat.move": {
      "states": {
        "sneaking": {
          "animations": [ { "sneak": [] } ],
          "transitions": [
            { "sprinting": "query.is_sprinting" },
            { "sitting": "query.is_sitting && !query.is_riding" },
            { "walking": "!query.is_sneaking" },
            { "lie_down": "query.is_swimming" }
          ]
        },
        "sprinting": {
          "parameters": [ "query.modified_move_speed" ],
          "animations": [ { "sprint": [] } ],
          "transitions": [
            { "sneaking": "query.is_sneaking" },
            { "sitting": "query.is_sitting && !query.is_riding" },
            { "walking": "!query.is_sprinting" },
            { "lie_down": "query.is_swimming" }
          ]
        },
        "sitting": {
          "parameters": [ "query.modified_move_speed" ],
          "animations": [ { "sit": [] } ],
          "transitions": [
            { "sneaking": "query.is_sneaking" },
            { "sprinting": "query.is_sprinting" },
            { "walking": "!query.is_sitting || query.is_riding" },
            { "lie_down": "query.is_swimming" }
          ]
        },
        "walking": {
          "parameters": [ "query.modified_move_speed" ],
          "animations": [ { "walk": [] } ],
          "transitions": [
            { "sneaking": "query.is_sneaking" },
            { "sprinting": "query.is_sprinting" },
            { "sitting": "query.is_sitting && !query.is_riding" },
            { "lie_down": "query.is_swimming" }
          ]
        },
        "lie_down": {
          "parameters": [ "query.modified_move_speed" ],
          "animations": [ { "lie_down": [] } ],
          "transitions": [
            { "sneaking": "query.is_sneaking" },
            { "sprinting": "query.is_sprinting" },
            { "sitting": "query.is_sitting && !query.is_riding" },
            { "walking": "!query.is_swimming" }
          ]
        }
      }
    }
  }
}