{
	"format_version" : "1.10.0",
	"animation_controllers" : {
		"controller.animation.billey.eatfloor" : {
			"initial_state" : "default",
			"states" : {
				"default" : {
					"animations" : [ "look_at_target" ],
					"transitions" : [
						{
							"sit" : "query.mark_variant == 1"
						}
					]
				},
				"sit" : {
					"animations" : [ "eatfloor" ],
					"transitions" : [
						{
							"wait" : "query.any_animation_finished"
						}
					]
				},
				"wait" : {
					"transitions" : [
						{
							"default" : "query.mark_variant == 0"
						}
					]
				}
			}
		},
		"controller.animation.billey.climb" : {
			"initial_state" : "default",
			"states" : {
				"default" : {
					"blend_transition" : 0.1,
					"blend_via_shortest_path" : true,
					"transitions" : [
						{
							"sit" : "query.is_wall_climbing"
						}
					]
				},
				"sit" : {
					"animations" : [ "climb" ],
					"blend_transition" : 0.1,
					"blend_via_shortest_path" : true,
					"transitions" : [
						{
							"default" : "!query.is_wall_climbing"
						}
					]
				}
			}
		},
		"controller.animation.billey.swim" : {
			"initial_state" : "default",
			"states" : {
				"default" : {
					"blend_transition" : 0.1,
					"blend_via_shortest_path" : true,
					"transitions" : [
						{
							"swim" : "query.is_in_water"
						}
					]
				},
				"swim" : {
					"animations" : [ "swim" ],
					"blend_transition" : 0.1,
					"blend_via_shortest_path" : true,
					"transitions" : [
						{
							"default" : "!query.is_in_water"
						}
					]
				}
			}
		},
		"controller.animation.billey.picklecatsit" : {
			"initial_state" : "default",
			"states" : {
				"default" : {
					"transitions" : [
						{
							"sit" : "query.is_sitting"
						}
					]
				},
				"sit" : {
					"animations" : [ "fixsit" ],
					"transitions" : [
						{
							"default" : "!query.is_sitting"
						}
					]
				}
			}
		},
		"controller.animation.billey.sit" : {
			"initial_state" : "default",
			"states" : {
				"default" : {
					"blend_transition" : 0.1,
					"blend_via_shortest_path" : true,
					"transitions" : [
						{
							"sit" : "query.is_sitting && !query.is_riding"
						}
					]
				},
				"sit" : {
					"animations" : [ "sit" ],
					"blend_transition" : 0.1,
					"blend_via_shortest_path" : true,
					"transitions" : [
						{
							"default" : "!query.is_sitting || query.is_riding"
						}
					]
				}
			}
		},
		"controller.animation.billey.3var" : {
			"initial_state" : "var1",
			"states" : {
				"var1" : {
					"animations" : [ "var1" ],
					"blend_transition" : 0.3,
					"transitions" : [
						{
							"var2" : "query.variant == 1"
						},
						{
							"var3" : "query.variant == 2"
						}
					]
				},
				"var2" : {
					"animations" : [ "var2" ],
					"blend_transition" : 0.3,
					"transitions" : [
						{
							"var1" : "query.variant == 0"
						},
						{
							"var3" : "query.variant == 2"
						}
					]
				},
				"var3" : {
					"animations" : [ "var3" ],
					"blend_transition" : 0.3,
					"transitions" : [
						{
							"var1" : "query.variant == 0"
						},
						{
							"var2" : "query.variant == 1"
						}
					]
				}
			}
		},
		"controller.animation.billey.eat" : {
			"initial_state" : "default",
			"states" : {
				"default" : {
					"blend_transition" : 0.1,
					"blend_via_shortest_path" : true,
					"transitions" : [
						{
							"sit" : "query.is_interested"
						}
					]
				},
				"sit" : {
					"animations" : [ "eat" ],
					"blend_transition" : 0.1,
					"blend_via_shortest_path" : true,
					"transitions" : [
						{
							"default" : "!query.is_interested"
						}
					]
				}
			}
		},
		"controller.animation.billey.eatscat" : {
			"initial_state" : "default",
			"states" : {
				"default" : {
					"animations" : [ "noteating" ],
					"blend_transition" : 0.1,
					"blend_via_shortest_path" : true,
					"transitions" : [
						{
							"sit" : "query.is_interested"
						}
					]
				},
				"sit" : {
					"animations" : [ "eat" ],
					"blend_transition" : 0.1,
					"blend_via_shortest_path" : true,
					"transitions" : [
						{
							"default" : "!query.is_interested"
						}
					]
				}
			}
		},
		"controller.animation.billey.eatnoblend" : {
			"initial_state" : "default",
			"states" : {
				"default" : {
					"blend_transition" : 0.4,
					"blend_via_shortest_path" : true,
					"transitions" : [
						{
							"sit" : "query.is_interested"
						}
					]
				},
				"sit" : {
					"blend_transition" : 0.1,
					"blend_via_shortest_path" : true,
					"animations" : [ "beg" ],
					"transitions" : [
						{
							"default" : "!query.is_interested"
						}
					]
				}
			}
		},
		"controller.animation.billey.ground" : {
			"initial_state" : "default",
			"states" : {
				"default" : {
					"animations" : [ "fall" ],
					"blend_transition" : 0.2,
					"blend_via_shortest_path" : true,
					"transitions" : [
						{
							"sit" : "query.is_on_ground"
						}
					]
				},
				"sit" : {
					"animations" : [ "melt" ],
					"blend_transition" : 0.2,
					"blend_via_shortest_path" : true,
					"transitions" : [
						{
							"default" : "!query.is_on_ground"
						}
					]
				}
			}
		},
		"controller.animation.billey.shearedd" : {
			"initial_state" : "default",
			"states" : {
				"default" : {
					"blend_transition" : 0.2,
					"transitions" : [
						{
							"sit" : "query.is_sheared"
						}
					]
				},
				"sit" : {
					"animations" : [ "sheared" ],
					"blend_transition" : 0.2,
					"transitions" : [
						{
							"default" : "!query.is_sheared"
						}
					]
				}
			}
		},
		"controller.animation.billey.snail" : {
			"initial_state" : "default",
			"states" : {
				"default" : {
					"blend_transition" : 0.2,
					"transitions" : [
						{
							"sit" : "query.is_sheared || query.is_sitting"
						}
					]
				},
				"sit" : {
					"animations" : [ "sheared" ],
					"blend_transition" : 0.2,
					"transitions" : [
						{
							"default" : "!query.is_sheared && !query.is_sitting"
						}
					]
				}
			}
		},
		"controller.animation.billey.stunned" : {
			"initial_state" : "default",
			"states" : {
				"default" : {
					"blend_transition" : 0.2,
					"transitions" : [
						{
							"sit" : "query.is_stunned"
						}
					]
				},
				"sit" : {
					"animations" : [ "sheared" ],
					"blend_transition" : 0.2,
					"transitions" : [
						{
							"default" : "!query.is_stunned"
						}
					]
				}
			}
		},
		"controller.animation.billey.sheared" : {
			"initial_state" : "default",
			"states" : {
				"default" : {
					"transitions" : [
						{
							"sit" : "query.is_sheared"
						}
					]
				},
				"sit" : {
					"animations" : [ "sheared" ],
					"transitions" : [
						{
							"default" : "!query.is_sheared"
						}
					]
				}
			}
		},
		"controller.animation.billey.shearedbaby" : {
			"initial_state" : "default",
			"states" : {
				"default" : {
					"transitions" : [
						{
							"sit" : "query.is_sheared"
						}
					]
				},
				"sit" : {
					"animations" : [ "shearedbaby" ],
					"transitions" : [
						{
							"default" : "!query.is_sheared"
						}
					]
				}
			}
		},
		"controller.animation.billey.saddled" : {
			"initial_state" : "default",
			"states" : {
				"default" : {
					"blend_transition" : 0.2,
					"blend_via_shortest_path" : true,
					"transitions" : [
						{
							"sit" : "query.is_saddled"
						}
					]
				},
				"sit" : {
					"animations" : [ "saddled" ],
					"blend_transition" : 0.2,
					"blend_via_shortest_path" : true,
					"transitions" : [
						{
							"default" : "!query.is_saddled"
						}
					]
				}
			}
		}
	}
}
