{"format_version":"1.10","minecraft:entity":{"description":{"identifier":"minecraft:player","is_spawnable":false,"is_summonable":false,"is_experimental":false},"component_groups":{"pamobile:respawn":{"minecraft:health":{"value":20,"max":20},"minecraft:movement":{"value":0.1},"minecraft:attack":{"damage":1},"minecraft:spell_effects":{"remove_effects":[]}},"pa:pizza_sword":{"minecraft:health":{"value":32,"max":32},"minecraft:movement":{"value":0.1},"minecraft:attack":{"damage":10,"effect_name":"bad_omen","effect_duration":30},"minecraft:spell_effects":{"add_effects":[],"remove_effects":[]}},"pa:knife":{"minecraft:health":{"value":12,"max":12},"minecraft:movement":{"value":0.1},"minecraft:attack":{"damage":1.5,"effect_name":"bad_omen","effect_duration":30},"minecraft:spell_effects":{"add_effects":[],"remove_effects":[]}}},"components":{"minecraft:type_family":{"family":["player"]},"minecraft:loot":{"table":"loot_tables/empty.json"},"minecraft:collision_box":{"width":0.6,"height":1.8},"minecraft:can_climb":{},"minecraft:movement":{"value":0.1},"minecraft:environment_sensor":[{"on_environment":{"filters":{"any_of":[{"test":"is_family","subject":"self","value":"player"}]},"event":"pamobile:refresh_player"}},{"on_environment":{"filters":{"all_of":[{"test":"has_equipment","subject":"self","domain":"hand","value":"pa:pizza_sword"}]},"event":"pa:pizza_sword_event"}},{"on_environment":{"filters":{"all_of":[{"test":"has_equipment","subject":"self","domain":"hand","value":"pa:knife"}]},"event":"pa:knife_event"}}],"minecraft:player.saturation":{"value":20},"minecraft:player.exhaustion":{"value":0,"max":4},"minecraft:player.level":{"value":0,"max":24791},"minecraft:player.experience":{"value":0,"max":1},"minecraft:breathable":{"totalSupply":15,"suffocateTime":-1,"inhaleTime":3.75,"generatesBubbles":false},"minecraft:nameable":{"alwaysShow":true,"allowNameTagRenaming":false},"minecraft:physics":{},"minecraft:insomnia":{"days_until_insomnia":3},"minecraft:rideable":{"seat_count":2,"family_types":["parrot_tame"],"pull_in_entities":true,"seats":[{"position":[0.4,-0.15,0.04],"min_rider_count":0,"max_rider_count":0,"lock_rider_rotation":0},{"position":[-0.4,-0.15,0.04],"min_rider_count":1,"max_rider_count":2,"lock_rider_rotation":0}]},"minecraft:scaffolding_climber":{}},"events":{"pamobile:refresh_player":{"add":{"component_groups":["pamobile:respawn"]},"remove":{"component_groups":[]}},"minecraft:entity_spawned":{"add":{"component_groups":["pamobile:respawn"]},"remove":{}},"pa:pizza_sword_event":{"add":{"component_groups":["pa:pizza_sword"]}},"pa:knife_event":{"add":{"component_groups":["pa:knife"]}}}}}