{
	"format_version": "1.8.0",
	"animations": {
		"animation.angelp.fly": {
			"loop": true,
			"animation_length": 1.2,
			"bones": {
				"body": {
					"rotation": {
						"0.0": [1, 1, 1],
						"0.6": [-1, -1, -1],
						"1.2": [1, 1, 1]
					}
				},
				"bone": {
					"rotation": {
						"0.0": [0, 15, 0],
						"0.7": [0, -15, 0],
						"1.2": [0, 15, 0]
					}
				},
				"bone2": {
					"rotation": {
						"0.0": [0, -15, 0],
						"0.7": [0, 15, 0],
						"1.2": [0, -15, 0]
					}
				}
			}
		},
		"animation.angelp.sit": {
			"loop": true,
			"bones": {
				"body": {
					"position": [0, -5, 0]
				},
				"leg0": {
					"rotation": [-80, 0, 0],
					"position": [0, 1, 0]
				},
				"leg1": {
					"rotation": [-80, 0, 0],
					"position": [0, 1, 0]
				},
				"leg2": {
					"rotation": [-10, 5, 0]
				},
				"leg3": {
					"rotation": [-10, -5, 0]
				},
				"bone": {
					"rotation": [0, -30, 0]
				},
				"bone2": {
					"rotation": [0, 30, 0]
				},
				"hello": {
					"position": [0, -1, 0]
				}
			}
		},
		"animation.angelp.baby_transform": {
			"loop": true,
			"bones": {
				"head": {
					"position": [0, 2, 3.5],
					"scale": 1.9
				}
			}
		}
	}
}