{
	"format_version": "1.8.0",
	"animations": {
		"animation.angler.swim": {
			"loop": true,
			"bones": {
				"body_front": {
					"rotation": ["query.target_x_rotation / 2", "math.cos(query.life_time * 450) * 5 + query.target_y_rotation", 0],
					"position": [0, -3, 0]
				},
				"tail1": {
					"rotation": [0, "math.sin(query.life_time * 300) * 30", 0]
				},
				"tailfin": {
					"rotation": [0, "math.sin(query.life_time * 300 + 33.75) * 25", 0]
				},
				"tailxd": {
					"rotation": [0, "math.sin(query.life_time * 300 + 67.5) * 25", 0]
				},
				"bone2": {
					"rotation": [0, "math.sin(query.life_time * 300 + 70) * 25", 0]
				}
			}
		},
		"animation.angler.flop": {
			"loop": true,
			"bones": {
				"body_front": {
					"rotation": ["math.sin(query.life_time * 470) * 2", "math.cos(query.life_time * 420) * 8", "math.sin(query.life_time * 445) * 5 - 90"]
				},
				"tail1": {
					"rotation": [0, "math.cos(query.life_time * 650) * 20", 0]
				},
				"tailfin": {
					"rotation": [0, "math.sin(query.life_time * 650) * 20", 0]
				},
				"tailxd": {
					"rotation": [0, "math.cos(query.life_time * 650) * 20", 0]
				},
				"bone2": {
					"rotation": [0, "math.sin(query.life_time * 650) * 10", 0]
				}
			}
		},
		"animation.angler.flip": {
			"loop": true,
			"animation_length": 5,
			"bones": {
				"body_front": {
					"rotation": {
						"2.3": [0, 0, 0],
						"2.5": [0, 0, 180],
						"4.8": [0, 0, 180],
						"5.0": [0, 0, 0]
					}
				}
			}
		}
	}
}