{
	"format_version": "1.8.0",
	"animations": {
		"animation.billbananaduck.walk": {
			"loop": true,
			"animation_length": 0.48,
			"anim_time_update": "query.modified_distance_moved / 16",
			"bones": {
				"body": {
					"position": {
						"0.0": [0, -0.7, 0],
						"0.08": [0, 0, 0],
						"0.12": [0, 0.2, 0],
						"0.16": [0, 0.11, 0],
						"0.2": [0, -0.13, 0],
						"0.24": [0, -0.7, 0],
						"0.32": [0, 0.07, 0],
						"0.36": [0, 0.1, 0],
						"0.4": [0, 0.01, 0],
						"0.48": [0, -0.7, 0]
					}
				},
				"leg0": {
					"rotation": {
						"0.0": [35, 0, 0],
						"0.24": [-35, 0, 0],
						"0.48": [35, 0, 0]
					}
				},
				"bone5": {
					"rotation": {
						"0.0": [-35, 0, 0],
						"0.12": [-2.5, 0, 0],
						"0.16": [11.5, 0, 0],
						"0.24": [17.5, 0, 0],
						"0.32": [11.5, 0, 0],
						"0.36": [-2.5, 0, 0],
						"0.48": [-35, 0, 0]
					}
				},
				"leg1": {
					"rotation": {
						"0.0": [-35, 0, 0],
						"0.24": [35, 0, 0],
						"0.48": [-35, 0, 0]
					}
				},
				"bone4": {
					"rotation": {
						"0.0": [17.5, 0, 0],
						"0.08": [12.5, 0, 0],
						"0.12": [0, 0, 0],
						"0.24": [-35, 0, 0],
						"0.36": [0, 0, 0],
						"0.4": [12.5, 0, 0],
						"0.48": [17.5, 0, 0]
					}
				},
				"bodynolegs": {
					"rotation": {
						"0.0": [0, 0, 5],
						"0.24": [0, 0, -5],
						"0.48": [0, 0, 5]
					}
				}
			}
		},
		"animation.epicbillduck.walk": {
			"loop": true,
			"animation_length": 0.48,
			"anim_time_update": "query.modified_distance_moved / 32",
			"bones": {
				"body": {
					"position": {
						"0.0": [0, -0.6, 0],
						"0.08": [0, 0, 0],
						"0.12": [0, 0, 0],
						"0.16": [0, -0.09, 0],
						"0.2": [0, -0.13, 0],
						"0.24": [0, -0.6, 0],
						"0.32": [0, 0.07, 0],
						"0.36": [0, 0, 0],
						"0.4": [0, 0.01, 0],
						"0.48": [0, -0.6, 0]
					}
				},
				"leg0": {
					"rotation": {
						"0.0": [35, 0, 0],
						"0.24": [-35, 0, 0],
						"0.48": [35, 0, 0]
					}
				},
				"bone5": {
					"rotation": {
						"0.0": [-35, 0, 0],
						"0.12": [-2.5, 0, 0],
						"0.16": [11.5, 0, 0],
						"0.24": [17.5, 0, 0],
						"0.32": [11.5, 0, 0],
						"0.36": [-2.5, 0, 0],
						"0.48": [-35, 0, 0]
					}
				},
				"leg1": {
					"rotation": {
						"0.0": [-35, 0, 0],
						"0.24": [35, 0, 0],
						"0.48": [-35, 0, 0]
					}
				},
				"bone4": {
					"rotation": {
						"0.0": [17.5, 0, 0],
						"0.08": [12.5, 0, 0],
						"0.12": [0, 0, 0],
						"0.24": [-35, 0, 0],
						"0.36": [0, 0, 0],
						"0.4": [12.5, 0, 0],
						"0.48": [17.5, 0, 0]
					}
				},
				"bodynolegs": {
					"rotation": {
						"0.0": [0, 0, 5],
						"0.24": [0, 0, -5],
						"0.48": [0, 0, 5]
					}
				}
			}
		},
		"animation.billbananaduck.sit": {
			"loop": true,
			"bones": {
				"body": {
					"rotation": [-25, 0, 0],
					"position": [0, -4, -1.25]
				},
				"leg0": {
					"rotation": [-60, 0, 0],
					"position": [0, 0, 0]
				},
				"bone5": {
					"rotation": [0, 0, 25],
					"position": [0.1, -0.2, 0],
					"scale": [0.8, 1, 1]
				},
				"leg1": {
					"rotation": [-60, 0, 0]
				},
				"bone4": {
					"rotation": [0, 0, -25],
					"position": [-0.1, -0.2, 0]
				},
				"head": {
					"rotation": [17.5, 0, 0]
				},
				"wing1": {
					"rotation": [0, 0, -20]
				},
				"wing8": {
					"rotation": [0, 40, 2.5]
				},
				"wing0": {
					"rotation": [0, 0, 20]
				},
				"bone15": {
					"position": [0, -0.2, 0]
				}
			}
		}
	}
}