{
	"format_version": "1.8.0",
	"animations": {
		"animation.piranha.swim": {
			"loop": true,
			"bones": {
				"body": {
					"rotation": ["query.target_x_rotation", "query.target_y_rotation", 0]
				},
				"body1": {
					"rotation": [0, "-math.sin(query.life_time * 400) * 10", 0]
				},
				"body2": {
					"rotation": [0, "math.sin(query.life_time * 400 + 30) * 30", 0]
				},
				"leftfin": {
					"rotation": [0, -20, 0]
				},
				"rightfin": {
					"rotation": [0, 20, 0]
				},
				"tail": {
					"rotation": [0, "math.sin(query.life_time * 400 + 60) * 20", 0]
				},
				"tail1": {
					"rotation": [0, "math.sin(query.life_time * 400 + 60) * 15", 0]
				}
			}
		},
		"animation.piranha.flop": {
			"loop": true,
			"animation_length": 10,
			"bones": {
				"body": {
					"rotation": {
						"0.0": [0, 0, -90],
						"10.0": [0, 0, -90],
						"4.8833": [0, 0, -90],
						"5.0": [0, 0, 90],
						"9.8833": [0, 0, 90]
					},
					"position": {
						"0.0": [0, -1.5, 0],
						"10.0": [0, -1.5, 0],
						"4.8833": [0, -1.5, 0],
						"4.9167": [0, 1, 0],
						"4.9667": [0, 1, 0],
						"5.0": [0, -1.5, 0],
						"9.8833": [0, -1.5, 0],
						"9.9167": [0, 1, 0],
						"9.9667": [0, 1, 0]
					}
				},
				"body1": {
					"rotation": [0, "-math.sin(query.life_time * 800) * 10", 0]
				},
				"body2": {
					"rotation": [0, "math.sin(query.life_time * 800) * 30", 0]
				},
				"leftfin": {
					"rotation": [0, -20, 0]
				},
				"rightfin": {
					"rotation": [0, 20, 0]
				},
				"tail": {
					"rotation": [0, "math.sin(query.life_time * 800) * 20", 0]
				},
				"tail1": {
					"rotation": [0, "math.sin(query.life_time * 800) * 15", 0]
				}
			}
		},
		"animation.piranha.bite": {
			"loop": true,
			"bones": {
				"jaw": {
					"rotation": [-28, 0, 0],
					"position": [0, -0.2, 0.4],
					"scale": [1, 1, 1.3]
				}
			}
		}
	}
}