{
	"format_version": "1.8.0",
	"animations": {
		"animation.duck.look_at_target": {
			"loop": true,
			"bones": {
				"head": {
					"rotation": ["query.has_target ? 0 : (query.target_x_rotation / 3)", "query.has_target ? 0 : query.target_y_rotation", 0]
				},
				"bone2": {
					"rotation": ["query.has_target ? 0 : (query.target_x_rotation / 3)", 0, 0]
				},
				"lol": {
					"rotation": ["query.has_target ? 0 : (query.target_x_rotation / 3)", 0, 0]
				}
			}
		},
		"animation.duck.eat": {
			"loop": true,
			"bones": {
				"bone": {
					"rotation": ["query.has_target ? 0 : -5", 0, 0]
				},
				"bone3": {
					"rotation": [10, 0, 0]
				}
			}
		},
		"animation.duck.quack": {
			"animation_length": 0.32,
			"bones": {
				"bone": {
					"rotation": {
						"0.0": ["query.has_target ? 0 : -5", 0, 0],
						"0.2833": ["query.has_target ? 0 : -5", 0, 0],
						"0.3167": [0, 0, 0]
					}
				},
				"bone3": {
					"rotation": {
						"0.0": ["query.has_target ? 0 : 10", 0, 0],
						"0.2833": ["query.has_target ? 0 : 10", 0, 0],
						"0.3167": [0, 0, 0]
					}
				}
			},
			"sound_effects": {
				"0.0": {
					"effect": "quack"
				}
			}
		},
		"animation.duck.quackbaby": {
			"animation_length": 0.3167,
			"bones": {
				"bone": {
					"rotation": {
						"0.0": ["query.has_target ? 0 : -5", 0, 0],
						"0.2833": ["query.has_target ? 0 : -5", 0, 0],
						"0.3167": [0, 0, 0]
					}
				},
				"bone3": {
					"rotation": {
						"0.0": ["query.has_target ? 0 : 10", 0, 0],
						"0.2833": ["query.has_target ? 0 : 10", 0, 0],
						"0.3167": [0, 0, 0]
					}
				}
			},
			"sound_effects": {
				"0.0": {
					"effect": "quackbaby"
				}
			}
		},
		"animation.duck.swim": {
			"loop": true,
			"bones": {
				"body": {
					"position": [0, 4, 0]
				},
				"bodylol": {
					"position": [0, 0, 0]
				},
				"leg0": {
					"rotation": [-90, 0, 0]
				},
				"leg1": {
					"rotation": [-90, 0, 0]
				},
				"wing0": {
					"rotation": [0, 0, 5]
				},
				"wing1": {
					"rotation": [0, 0, -5]
				}
			}
		},
		"animation.duck.sit": {
			"loop": true,
			"bones": {
				"body": {
					"position": [0, -3, 0]
				},
				"bodylol": {
					"position": [0, 0, 0]
				},
				"leg0": {
					"rotation": [-90, 0, 0]
				},
				"leg1": {
					"rotation": [-90, 0, 0]
				},
				"wing0": {
					"rotation": [0, 0, 5]
				},
				"wing1": {
					"rotation": [0, 0, -5]
				}
			}
		},
		"animation.duck.ling": {
			"loop": true,
			"bones": {
				"lol": {
					"position": [0, -2.2, 0],
					"scale": 1.25
				}
			}
		},
		"animation.duck.flap": {
			"animation_length": 10,
			"bones": {
				"bodynolegs": {
					"rotation": {
						"0.0": [0, 0, 0],
						"0.1167": [-20, 0, 0]
					}
				},
				"head": {
					"rotation": {
						"0.0": [0, 0, 0],
						"0.0333": [10, 0, 0],
						"0.1167": [22.5, 0, 0]
					},
					"position": {
						"0.0": [0, 0, 0],
						"0.0333": [0, -0.75, 0],
						"0.1167": [0, 0.3, 0.2]
					}
				},
				"wing0": {
					"rotation": {
						"0.0": [0, 0, 0],
						"0.0333": [0, 0, 0],
						"0.1167": [0, 0, "math.abs(math.sin(query.life_time * 870) * 80)"]
					}
				},
				"wing1": {
					"rotation": {
						"0.0": [0, 0, 0],
						"0.0333": [0, 0, 0],
						"0.1167": [0, 0, "-math.abs(math.sin(query.life_time * 870) * 80)"]
					}
				}
			}
		},
		"animation.cuteduck.new": {
			"loop": true,
			"bones": {
				"leg0": {
					"rotation": ["-math.sqrt(math.abs(math.sin(query.life_time * 600) * 1000)) * 2 + 35", 0, 0]
				},
				"bone5": {
					"rotation": ["-(-math.sqrt(math.abs(math.sin(query.life_time * 600) * 1000)) * 2 + 35) / 2", 0, 0]
				},
				"leg1": {
					"rotation": ["-math.sqrt(math.abs(math.sin(query.life_time * 600 + variable.a) * 1000)) * 2 + 35", 0, 0]
				},
				"bone4": {
					"rotation": ["-(-math.sqrt(math.abs(math.sin(query.life_time * 600 + variable.a) * 1000)) * 2 + 35) / 2", 0, 0]
				}
			}
		},
		"animation.cuteduck.goose": {
			"loop": true,
			"bones": {
				"bone7": {
					"scale": [1, 1, -1]
				}
			}
		},
		"animation.duck.angry": {
			"loop": true,
			"bones": {
				"head": {
					"rotation": [68.5, 0, 0],
					"position": [0, 1.2, -0.5]
				},
				"bone2": {
					"rotation": [-40, 0, 0],
					"position": [0, -0.5, 0.1]
				},
				"lol": {
					"rotation": [-45, 0, 0]
				},
				"bone": {
					"rotation": [-17.5, 0, 0]
				},
				"bone3": {
					"rotation": [10, 0, 0]
				}
			}
		},
		"animation.duck.angry2": {
			"loop": true,
			"bones": {
				"head": {
					"rotation": [0, 0, 0]
				},
				"bone2": {
					"rotation": [30, 0, 0],
					"position": [0, -0.5, 0.1]
				},
				"lol": {
					"rotation": [-45, 0, 0]
				},
				"bone": {
					"rotation": [-12.5, 0, 0]
				},
				"bone3": {
					"rotation": [10, 0, 0]
				}
			}
		}
	}
}