{
	"format_version": "1.8.0",
	"animations": {
		"animation.endercat.sit": {
			"loop": true,
			"bones": {
				"body": {
					"rotation": [-50, 0, 0],
					"position": [0, -4, 0]
				},
				"head": {
					"rotation": [0, 0, 0],
					"position": [0, -2, 1]
				},
				"backLegL": {
					"rotation": [-35, 0, 320]
				},
				"backLegR": {
					"rotation": [-35, 0, -320]
				},
				"frontLegL": {
					"rotation": [50, 0, 0],
					"position": [0, -4, -1]
				},
				"frontLegR": {
					"rotation": [50, 0, 0],
					"position": [0, -4, -1]
				},
				"bodylol": {
					"rotation": [0, 0, 0]
				},
				"tail1": {
					"rotation": [100, 0, 0]
				},
				"tail2": {
					"rotation": [20, 0, 0]
				}
			}
		}
	}
}