{
	"format_version": "1.8.0",
	"animations": {
		"animation.fotd.swim": {
			"loop": true,
			"animation_length": 0.8,
			"bones": {
				"body": {
					"rotation": {
						"0.05": [0, 0, 1],
						"0.4333": [0, 0, -1],
						"0.8": [0, 0, 1]
					}
				},
				"head": {
					"rotation": {
						"0.0667": [1, 1, 1],
						"0.4333": [-1, -1, -1],
						"0.8": [1, 1, 1]
					}
				},
				"tail1": {
					"rotation": {
						"0.05": [0, 0, 13],
						"0.4333": [0, 0, -13],
						"0.8": [0, 0, 13]
					}
				},
				"tail2": {
					"rotation": {
						"0.05": [0, -13, 0],
						"0.4333": [0, 13, 0],
						"0.8": [0, -13, 0]
					}
				},
				"tail3": {
					"rotation": {
						"0.05": [0, 0, 10],
						"0.4333": [0, 0, -10],
						"0.8": [0, 0, 10]
					}
				},
				"frontLegL": {
					"rotation": {
						"0.05": [5, 5, 5],
						"0.4333": [-5, -5, -5],
						"0.8": [5, 5, 5]
					}
				},
				"frontLegR": {
					"rotation": {
						"0.05": [-5, -5, -5],
						"0.4333": [5, 5, 5],
						"0.8": [-5, -5, -5]
					}
				}
			}
		},
		"animation.fotd.flop": {
			"loop": true,
			"animation_length": 1.2,
			"bones": {
				"body": {
					"rotation": {
						"0.0": [0, 0, 90],
						"0.6": [0, 0, -90],
						"1.2": [0, 0, 90]
					},
					"position": [0, 2, 0]
				},
				"tail1": {
					"rotation": {
						"0.0": [0, 0, 15],
						"0.6": [0, 0, -15],
						"1.2": [0, 0, 15]
					}
				}
			}
		},
		"animation.fcat.idle": {
			"loop": true,
			"animation_length": 1.4,
			"bones": {
				"body": {
					"rotation": {
						"0.0": ["query.target_x_rotation / 2 + 2", 2, 2],
						"0.75": ["query.target_x_rotation / 2 - 2", -2, -2],
						"1.4": ["query.target_x_rotation / 2 + 2", 2, 2]
					}
				},
				"wing0": {
					"rotation": {
						"0.0": [0, 30, 0],
						"0.75": [0, -15, 0],
						"1.4": [0, 30, 0]
					}
				},
				"wing1": {
					"rotation": {
						"0.0": [0, -30, 0],
						"0.75": [0, 15, 0],
						"1.4": [0, -30, 0]
					}
				}
			}
		},
		"animation.fcat.sit": {
			"loop": true,
			"bones": {
				"body": {
					"rotation": [15, 0, 0],
					"position": [0, -5, 0]
				},
				"backLegL": {
					"rotation": [-100, 0, 0],
					"position": [0, 0, 1]
				},
				"backLegR": {
					"rotation": [-100, 0, 0],
					"position": [0, 0, 1]
				},
				"frontLegL": {
					"position": [0, -1, -0.6]
				},
				"bone2": {
					"rotation": [-20, 0, 0],
					"position": [0, -0.2, -0.1]
				},
				"frontLegR": {
					"position": [0, -1, -0.6]
				},
				"bone": {
					"rotation": [-20, 0, 0],
					"position": [0, -0.2, -0.1]
				},
				"bodylol": {
					"position": [0, 0, 0]
				},
				"tail1": {
					"rotation": [20, 0, 0],
					"position": [0, -1, 0]
				}
			}
		}
	}
}