{
	"format_version": "1.8.0",
	"animations": {
		"animation.gwshark.swim": {
			"loop": true,
			"bones": {
				"body1": {
					"rotation": [0, 0, 0]
				},
				"bodya1": {
					"rotation": [0, "math.sin(query.life_time * 300) * 20", 0]
				},
				"bodya2": {
					"rotation": [0, "math.sin(query.life_time * 300) * 20", 0]
				},
				"bodya3": {
					"rotation": [0, "math.sin(query.life_time * 300) * 20", 0]
				},
				"bodya4": {
					"rotation": [0, 0, 0]
				},
				"body": {
					"rotation": ["query.target_x_rotation / 2", "-math.sin(query.life_time * 300) * 7 + query.target_y_rotation", 0]
				},
				"body2": {
					"rotation": [0, "-math.sin(query.life_time * 300 + 45) * 5", 0]
				},
				"tailfin": {
					"rotation": [0, "math.sin(query.life_time * 300) * 20", 0]
				}
			}
		}
	}
}