{
	"format_version": "1.8.0",
	"animations": {
		"animation.jellybloc.new": {
			"loop": true,
			"animation_length": 0.68,
			"bones": {
				"bone": {
					"position": {
						"0.0": [0, 0, 0],
						"0.1667": [0, 4, 0],
						"0.3167": [0, 0, 0],
						"0.4333": [0, 0, 0],
						"0.5667": [0, 0, 0],
						"0.6833": [0, 0, 0]
					},
					"scale": {
						"0.0": [1, 1, 1],
						"0.1667": [1, 1, 1],
						"0.3167": [1.1, 0.9, 1.1],
						"0.4333": [1.25, 0.75, 1.25],
						"0.5667": [1.1, 0.9, 1.1],
						"0.6833": [1, 1, 1]
					}
				}
			}
		},
		"animation.jellybloc.new2": {
			"loop": true,
			"animation_length": 0.8,
			"bones": {
				"bone": {
					"position": {
						"0.0": [0, 14, 0],
						"0.2": [0, 0, 0],
						"0.6": [0, 0, 0],
						"0.8": [0, 14, 0]
					},
					"scale": {
						"0.0833": [1, 0.9, 1],
						"0.2": [1.2, 0.8, 1.2],
						"0.3167": [1.7, 0.3, 1.7],
						"0.4": [1.9, 0.1, 1.9],
						"0.4833": [1.7, 0.3, 1.7],
						"0.6": [1.2, 0.8, 1.2],
						"0.7167": [1, 0.9, 1]
					}
				}
			}
		}
	}
}