{
	"format_version": "1.8.0",
	"animations": {
		"animation.mantaray.swim": {
			"loop": true,
			"animation_length": 2.4,
			"bones": {
				"body": {
					"rotation": {
						"0.0": [0, 0, 5],
						"0.8": [0, 0, -5],
						"2.4": [0, 0, 5]
					},
					"position": [0, -18, 0]
				},
				"wing0": {
					"rotation": {
						"0.0": [0, 0, 20],
						"0.8": [0, 0, -20],
						"2.4": [0, 0, 20]
					}
				},
				"wing1": {
					"rotation": {
						"0.0": [0, 0, -20],
						"0.8": [0, 0, 20],
						"2.4": [0, 0, -20]
					}
				}
			}
		},
		"animation.duck.walk": {
			"loop": true,
			"anim_time_update": "query.modified_distance_moved * 30",
			"bones": {
				"leg0": {
					"rotation": ["math.sin(query.life_time * 600) * 40", 0, 0]
				},
				"bone5": {
					"rotation": ["-math.sin(query.life_time * 600) * 20", 0, 0]
				},
				"leg1": {
					"rotation": ["-math.sin(query.life_time * 600 + 45) * 40", 0, 0]
				},
				"bone4": {
					"rotation": ["math.sin(query.life_time * 600 + 45) * 20", 0, 0]
				},
				"bodynolegs": {
					"rotation": [0, 0, "math.cos(query.life_time * 900) * 2.5"]
				}
			}
		},
		"animation.fishy.look": {
			"loop": true,
			"bones": {
				"abody": {
					"rotation": ["query.target_x_rotation / 2", "query.target_y_rotation", 0]
				},
				"body": {
					"rotation": ["query.target_x_rotation / 2", "query.target_y_rotation", 0]
				},
				"body_front": {
					"rotation": ["query.target_x_rotation / 2", "query.target_y_rotation", 0]
				},
				"abody_front": {
					"rotation": ["query.target_x_rotation / 2", "query.target_y_rotation", 0]
				}
			}
		},
		"animation.cat.nip": {
			"loop": true,
			"bones": {
				"tongue": {
					"position": [0, 0, -1]
				},
				"tongue4": {
					"rotation": [22.5, 0, 0]
				}
			}
		},
		"animation.cat.beg": {
			"loop": "hold_on_last_frame",
			"animation_length": 0.214,
			"bones": {
				"tail3": {
					"rotation": {
						"0.0": ["query.is_sitting ? 40 : 0", 0, 0],
						"0.04": ["25 + (query.is_sitting ? 40 : 20)", 0, 0]
					},
					"position": [0, 0, "query.is_sitting ? 0 : 1"]
				},
				"tail5": {
					"rotation": {
						"0.04": [0, 0, 0],
						"0.08": [12.5, 0, 0]
					}
				},
				"tail4": {
					"rotation": {
						"0.04": [0, 0, 0],
						"0.08": [12.5, 0, 0]
					}
				},
				"tail6": {
					"rotation": {
						"0.04": [0, 0, 0],
						"0.08": [20, 0, 0]
					}
				},
				"tail1": {
					"rotation": ["query.is_sitting ? 20 : 62.5", 0, 0]
				}
			}
		},
		"animation.cat.tailsnek": {
			"loop": true,
			"bones": {
				"tail3": {
					"rotation": [0, "math.sin(query.anim_time * 150) * 10", 0]
				},
				"tail5": {
					"rotation": [0, 0, "math.sin(query.anim_time * 150 + 2 * 90) * 10"]
				},
				"tail4": {
					"rotation": [0, 0, "math.sin(query.anim_time * 150 + 90) * 10"]
				},
				"tail6": {
					"rotation": [0, 0, "math.sin(query.anim_time * 150 + 3 * 90) * 10"]
				}
			}
		},
		"animation.picklecat.fixsit": {
			"loop": true,
			"bones": {
				"tail1": {
					"position": [0, 2, 1]
				}
			}
		}
	}
}