{
	"format_version": "1.8.0",
	"animations": {
		"animation.milko.new": {
			"loop": true,
			"animation_length": 3.44,
			"bones": {
				"bone": {
					"rotation": {
						"0.0": [0, 0, 0],
						"0.4": [0, 0, 0],
						"0.7167": [-360, 0, 0]
					},
					"position": {
						"0.0": [0, 0, 0],
						"0.4": [0, 17, 0],
						"0.7167": [0, 17, 0],
						"1.0333": [0, 2, 0],
						"1.2833": [0, 0, 0],
						"1.6": [0, 2, 0],
						"1.9167": [0, 0, 0],
						"2.2": [0, 2, 0],
						"2.4833": [0, 0, 0],
						"2.7667": [0, 1, 0],
						"3.0": [0, 0, 0],
						"3.2333": [0, 1, 0],
						"3.4333": [0, 0, 0]
					},
					"scale": {
						"0.0": [1, 1, 1],
						"0.7167": [0.96, 1, 1],
						"1.0333": [1.08, 1, 1],
						"1.2833": [0.98, 1, 1],
						"1.6": [1.1, 1, 1],
						"1.9167": [1, 1, 1],
						"2.2": [1.1, 1, 1],
						"2.4833": [1, 1, 1],
						"2.7667": [1.1, 1, 1],
						"3.0": [1, 1, 1],
						"3.2333": [1.1, 1, 1],
						"3.4333": [1, 1, 1]
					}
				}
			}
		}
	}
}