{
	"format_version": "1.8.0",
	"animations": {
		"animation.orca.look": {
			"loop": true,
			"animation_length": 1.52,
			"bones": {
				"body": {
					"rotation": {
						"0.0": [-7.5, 0, 0],
						"0.75": [7.5, 0, 0],
						"1.5": [-7.5, 0, 0]
					}
				},
				"left_fin": {
					"rotation": {
						"0.0": [0, -12, 0],
						"0.5": [0, 12, 0],
						"1.0": [0, -12, 0]
					}
				},
				"right_fin": {
					"rotation": {
						"0.0": [0, 12, 0],
						"0.5": [0, -12, 0],
						"1.0": [0, 12, 0]
					}
				}
			}
		},
		"animation.orca.attack": {
			"loop": true,
			"animation_length": 1.2,
			"bones": {
				"head": {
					"rotation": {
						"0.0": [5, 0, 0],
						"0.7167": [-20, 0, 0],
						"1.2": [5, 0, 0]
					}
				},
				"jaw": {
					"rotation": {
						"0.0": [-5, 0, 0],
						"0.6333": [35, 0, 0],
						"1.2": [-5, 0, 0]
					}
				}
			}
		},
		"animation.orca.swim": {
			"loop": true,
			"bones": {
				"body": {
					"rotation": ["query.target_x_rotation / 2", "query.target_y_rotation", 0]
				},
				"tail": {
					"rotation": ["math.sin(query.life_time *  240) * 10", 0, 0]
				},
				"bone": {
					"rotation": ["math.sin(query.life_time *  240 + 33.75) * 10", 0, 0]
				},
				"bone2": {
					"rotation": ["math.sin(query.life_time *  240 + 67.5) * 10", 0, 0]
				},
				"tail_fin": {
					"rotation": ["math.sin(query.life_time *  240 + 67.5) * 10", 0, 0]
				}
			}
		}
	}
}