{
	"format_version": "1.8.0",
	"animations": {
		"animation.penguin.swim_not_angry": {
			"loop": true,
			"bones": {
				"rightArm": {
					"rotation": [0, 0, -65],
					"position": [-0.3, -1, 0]
				},
				"leftArm": {
					"rotation": [0, 0, 65],
					"position": [0.3, -1, 0]
				}
			}
		},
		"animation.penguin.angry": {
			"loop": true,
			"animation_length": 10.5,
			"bones": {
				"rightArm": {
					"rotation": [0, 0, -80],
					"position": [0, -1, 0]
				},
				"leftArm": {
					"rotation": [0, 0, 80],
					"position": [0, -1, 0]
				},
				"eye": {
					"position": [1, 0, 0],
					"scale": {
						"0.0": [1, 1, 1],
						"10.0": [1, 1.4, 1.4],
						"10.5": [1, 1, 1],
						"9.5": [1, 1, 1]
					}
				},
				"eye2": {
					"position": [-1, 0, 0],
					"scale": {
						"0.0": [1, 1, 1],
						"10.0": [1, 1.4, 1.4],
						"10.5": [1, 1, 1],
						"9.5": [1, 1, 1]
					}
				}
			}
		},
		"animation.penguin.walk": {
			"loop": true,
			"animation_length": 4,
			"anim_time_update": "query.modified_distance_moved",
			"bones": {
				"block1": {
					"rotation": {
						"0.0": [0, -10, 25],
						"2.0": [0, 10, -25],
						"4.0": [0, -10, 25]
					},
					"position": {
						"0.0": [0, 0.3, 0],
						"2.0": [0, 0.3, 0],
						"4.0": [0, 0.3, 0]
					}
				},
				"rightArm": {
					"rotation": [0, 0, -50]
				},
				"leftArm": {
					"rotation": [0, 0, 50]
				},
				"body": {
					"position": [0, 1, 0]
				},
				"leftLeg": {
					"rotation": {
						"0.0": [0, 0, -25],
						"2.0": [0, 0, 0],
						"4.0": [0, 0, -25]
					}
				},
				"rightLeg": {
					"rotation": {
						"0.0": [0, 0, 0],
						"2.0": [0, 0, 25],
						"4.0": [0, 0, 0]
					}
				}
			}
		},
		"animation.billpenguin.walk": {
			"loop": true,
			"anim_time_update": "query.modified_distance_moved * 30",
			"bones": {
				"rightLeg": {
					"rotation": ["math.sin(query.life_time * 600) * 25", 0, 0]
				},
				"leftLeg": {
					"rotation": ["-math.sin(query.life_time * 600 + 45) * 25", 0, 0]
				},
				"walking": {
					"rotation": [0, 0, "math.cos(query.life_time * 900) * 8"],
					"position": [0, "math.max(0,math.sin(query.life_time * 600) * 0.5 + -math.sin(query.life_time * 600 + 45) * 0.5)", 0]
				},
				"rightArm": {
					"rotation": [0, 0, -10]
				},
				"leftArm": {
					"rotation": [0, 0, 10]
				}
			}
		},
		"animation.penguin.look_at_target": {
			"loop": true,
			"bones": {
				"head": {
					"rotation": ["query.target_x_rotation - this", "query.target_y_rotation - this", 0]
				}
			}
		},
		"animation.penguin.swim": {
			"loop": true,
			"animation_length": 1.2,
			"bones": {
				"body": {
					"rotation": {
						"0.0": ["query.target_x_rotation + 85", "query.target_y_rotation", 3],
						"0.6": ["query.target_x_rotation + 95", "query.target_y_rotation", -3],
						"1.2": ["query.target_x_rotation + 85", "query.target_y_rotation", 3]
					},
					"position": [0, -9.5, -2]
				},
				"rightArm": {
					"rotation": {
						"0.0": [10, 0, 0],
						"0.4333": [0, 0, -20],
						"0.7": [-10, 0, -60],
						"1.2": [10, 0, 0]
					},
					"position": [0, -1, 0]
				},
				"leftArm": {
					"rotation": {
						"0.0": [10, 0, 0],
						"0.4333": [0, 0, 20],
						"0.7": [-10, 0, 60],
						"1.2": [10, 0, 0]
					},
					"position": [0, -1, 0]
				},
				"head": {
					"rotation": [-90, 0, 0],
					"position": {
						"0.0": [0, -0.1, 0],
						"0.7667": [0, -0.1, -0.5],
						"1.2": [0, -0.1, 0]
					}
				}
			}
		},
		"animation.penguin.baby": {
			"loop": true,
			"bones": {
				"block2": {
					"position": [0, -1, 0]
				},
				"head": {
					"position": [0, -0.6, 0],
					"scale": [1.4, 1.25, 1.25]
				},
				"bone4": {
					"position": [0, -0.5, 0],
					"scale": [1, 0.9, 1]
				},
				"rightArm": {
					"position": [0, -1, 0]
				},
				"leftArm": {
					"position": [0, -1, 0]
				}
			}
		},
		"animation.penguin.sit": {
			"loop": true,
			"bones": {
				"body": {
					"position": [0, -1, 0]
				},
				"leftLeg": {
					"rotation": [0, -20, 0],
					"position": [0, 1, -1.5]
				},
				"rightLeg": {
					"rotation": [0, 20, 0],
					"position": [0, 1, -1.5]
				}
			}
		},
		"animation.penguin.eat": {
			"loop": true,
			"bones": {
				"beak": {
					"rotation": [-10, 0, 0]
				},
				"mouth": {
					"rotation": [25, 0, 0]
				}
			}
		},
		"animation.penguin.crawlstill": {
			"loop": true,
			"bones": {
				"body": {
					"rotation": [90, 0, 0],
					"position": [0, -5.5, "-2 + math.abs(math.sin(query.modified_distance_moved * 36) * 0.8) - 0.5"]
				},
				"leftLeg": {
					"rotation": [90, 0, 0],
					"position": [-0.001, 0, 0]
				},
				"rightLeg": {
					"rotation": [90, 0, 0],
					"position": [0.001, 0, 0]
				},
				"rightArm": {
					"rotation": [-13, 0, "-5- math.abs(math.sin(query.modified_distance_moved * 36) * 25) - 0.5"],
					"position": [-0.2, 0, 0]
				},
				"leftArm": {
					"rotation": [-13, 0, "5+ math.abs(math.sin(query.modified_distance_moved * 36) * 25) - 0.5"],
					"position": [0.2, 0, 0]
				},
				"head": {
					"rotation": [-100, 0, 0],
					"position": [0, "math.abs(math.cos(query.modified_distance_moved * 36) * 0.4) - 0.6", 0.4]
				}
			}
		},
		"animation.penguin.crawl": {
			"loop": true,
			"bones": {
				"body": {
					"rotation": [90, 0, 0],
					"position": [0, -5.5, -2]
				},
				"leftLeg": {
					"rotation": [90, 0, 0]
				},
				"rightLeg": {
					"rotation": [90, 0, 0]
				},
				"rightArm": {
					"rotation": [-13, 0, -15]
				},
				"leftArm": {
					"rotation": [-13, 0, 15]
				},
				"head": {
					"rotation": [-100, 0, 0],
					"position": [0, -0.6, 0.4]
				}
			}
		}
	}
}