{
	"format_version": "1.8.0",
	"animations": {
		"animation.picklecat.sit": {
			"loop": true,
			"bones": {
				"body": {
					"rotation": ["query.is_moving ? 0 : -52.5", 0, 0],
					"position": [0, "-0.6", 0]
				},
				"bodyxd": {
					"rotation": [0, 0, 0]
				},
				"head": {
					"rotation": ["query.is_moving ? 0 : -2.5", 0, 0],
					"position": [0, "query.is_moving ? 0 : -1", 0]
				},
				"tail1": {
					"rotation": ["query.is_moving ? 0 : 52.5", 0, 0],
					"position": [0, 0, "query.is_moving ? 0 : -3"]
				},
				"tail2": {
					"rotation": ["query.is_moving ? 0 : 30", 0, 0],
					"position": [0, 0, 0]
				},
				"backLegL": {
					"rotation": ["query.is_moving ? 0 : -37.5", 0, 0]
				},
				"backLegR": {
					"rotation": ["query.is_moving ? 0 : -37.5", 0, 0]
				},
				"frontLegL": {
					"rotation": ["query.is_moving ? 0 : 52.5", 0, 0],
					"position": [0, "query.is_moving ? 0 : -4.9", 0]
				},
				"frontLegR": {
					"rotation": ["query.is_moving ? 0 : 52.5", 0, 0],
					"position": [0, "query.is_moving ? 0 : -4.9", 0]
				}
			}
		}
	}
}