{
	"format_version": "1.8.0",
	"animations": {
		"animation.pigeon.idle": {
			"loop": true,
			"animation_length": 2,
			"bones": {
				"leg0": {
					"rotation": {
						"0.0": [-2, 0, 0],
						"1.0": [2, 0, 0],
						"2.0": [-2, 0, 0]
					}
				},
				"leg1": {
					"rotation": {
						"0.0": [2, 0, 0],
						"1.0": [-2, 0, 0],
						"2.0": [2, 0, 0]
					}
				},
				"body_flying": {
					"rotation": {
						"0.0": [2, 0, 2],
						"1.0": [-2, 0, -2],
						"2.0": [2, 0, 2]
					}
				},
				"bodynolegs": {
					"rotation": {
						"0.0": [1, 0, 0],
						"1.0": [-1, 0, 0],
						"2.0": [1, 0, 0]
					},
					"position": {
						"0.0": [0, -0.2, 0],
						"1.0": [0, 0.2, 0],
						"2.0": [0, -0.2, 0]
					}
				},
				"wing0f": {
					"rotation": {
						"0.0": [0, 0, 30],
						"0.2": [0, 0, -30],
						"0.4": [0, 0, 30],
						"1.0": [0, 0, -4]
					}
				},
				"wing1f": {
					"rotation": {
						"0.0": [0, 0, -30],
						"0.2": [0, 0, 30],
						"0.4": [0, 0, -30],
						"1.0": [0, 0, 4]
					}
				}
			}
		},
		"animation.pigeon.fly": {
			"loop": true,
			"bones": {
				"body_flying": {
					"rotation": ["query.target_x_rotation", "query.target_y_rotation", 0]
				}
			}
		},
		"animation.pigeon.sit": {
			"loop": true,
			"bones": {
				"bodynolegs": {
					"position": [0, -1, 0]
				},
				"wing1": {
					"rotation": [0, 0, -2.5],
					"position": [0, 0, 0]
				},
				"tail": {
					"rotation": [-10, 0, 0]
				},
				"wing0": {
					"rotation": [0, 0, 2.5],
					"position": [0, 0, 0]
				},
				"leg0": {
					"position": [0, -0.35, -0.5]
				},
				"leg1": {
					"position": [0, -0.35, -0.5]
				}
			}
		},
		"animation.pigeon.eatfloor": {
			"animation_length": 0.7,
			"bones": {
				"bodynolegs": {
					"rotation": {
						"0.0": [0, 0, 0],
						"0.1833": [20.15, 0, 0],
						"0.2667": [35.12, 0, 0],
						"0.3": [25.12, 0, 0],
						"0.3833": [35.12, 0, 0],
						"0.4667": [25.12, 0, 0],
						"0.7": [0, 0, 0]
					}
				},
				"necc": {
					"rotation": {
						"0.0": [0, 0, 0],
						"0.1167": [35, 0, 0],
						"0.3833": [60, 0, 0],
						"0.7": [0, 0, 0]
					},
					"position": {
						"0.2167": [0, 0, 0],
						"0.3833": [0, 0, 1],
						"0.7": [0, 0, 0]
					}
				},
				"bone": {
					"rotation": {
						"0.3333": [0, 0, 0],
						"0.4167": [-20, 0, 0],
						"0.7": [0, 0, 0]
					}
				},
				"bone2": {
					"rotation": {
						"0.3333": [0, 0, 0],
						"0.4167": [5, 0, 0],
						"0.7": [0, 0, 0]
					}
				}
			}
		},
		"animation.yes.move": {
			"loop": true,
			"bones": {
				"leg0": {
					"rotation": ["Math.cos(query.life_time * 50) * 70", 0, 0]
				},
				"leg1": {
					"rotation": ["-(Math.cos(query.life_time * 50) * 70)", 0, 0]
				}
			}
		},
		"animation.pigeon.walk": {
			"loop": true,
			"bones": {
				"head": {
					"position": [0, 0, "-(math.cos(query.modified_distance_moved * 100) / 3 + 0.4) * query.modified_move_speed * 1.75"]
				},
				"leg0": {
					"rotation": ["math.sin(query.modified_distance_moved * 70) * 70 * query.modified_move_speed", 0, 0]
				},
				"foot0": {
					"rotation": ["-math.sin(query.modified_distance_moved * 70) * 50 * query.modified_move_speed", 0, 0]
				},
				"leg1": {
					"rotation": ["-math.sin(query.modified_distance_moved * 70) * 70 * query.modified_move_speed", 0, 0]
				},
				"foot1": {
					"rotation": ["math.cos(query.modified_distance_moved * 70) * 50 * query.modified_move_speed", 0, 0]
				}
			}
		},
		"animation.pigeon.eat": {
			"loop": true,
			"bones": {
				"bone": {
					"rotation": [-5, 0, 0]
				},
				"bone2": {
					"rotation": [15, 0, 0]
				}
			}
		},
		"animation.pigeon.dead": {
			"loop": true
		},
		"animation.pigeon.flap": {
			"loop": true,
			"bones": {
				"wing1": {
					"rotation": [0, 0, "-(variable.wing_flap * 57.3)"]
				},
				"wing0": {
					"rotation": [0, 0, "variable.wing_flap * 57.3"]
				}
			}
		}
	}
}