{
	"format_version": "1.8.0",
	"animations": {
		"animation.scat.sit": {
			"loop": true,
			"bones": {
				"body": {
					"rotation": [-45, 0, 0],
					"position": [0, -3, 3]
				},
				"tail2": {
					"rotation": ["50- this", 0, 0],
					"position": [0, -9, 3.1]
				},
				"backLegL": {
					"rotation": [90, 0, 0],
					"position": [0, -5, -6]
				},
				"backLegR": {
					"rotation": [90, 0, 0],
					"position": [0, -5, -6]
				},
				"frontLegL": {
					"rotation": [0, 0, 0],
					"position": [0, -2.5, 2]
				},
				"frontLegR": {
					"rotation": [0, 0, 0],
					"position": [0, -2.5, 2]
				},
				"head": {
					"rotation": [0, 0, 0],
					"position": [0, 4, 7]
				},
				"bone": {
					"position": [0, 0, -4]
				}
			}
		},
		"animation.cat.fix": {
			"loop": true,
			"bones": {
				"bodyxd": {
					"rotation": [0, 0, 0]
				}
			}
		},
		"animation.bcat.fix": {
			"loop": true,
			"bones": {
				"bodyxd": {
					"rotation": [0, 0, 0]
				}
			}
		},
		"animation.scat.eat": {
			"loop": true,
			"bones": {
				"tail2": {
					"rotation": [20 , 0, 0]
				}
			}
		},
		"animation.scat.noteat": {
			"loop": true,
			"bones": {
				"tail2": {
					"rotation": [-20 , 0, 0]
				}
			}
		}
	}
}