{
	"format_version": "1.8.0",
	"animations": {
		"animation.snail.move": {
			"loop": true,
			"animation_length": 0.32,
			"bones": {
				"bone2": {
					"scale": {
						"0.0": [1, 1, 1],
						"0.2": [1, 1, 0.9],
						"0.3167": [1, 1, 1]
					}
				},
				"bone12": {
					"scale": {
						"0.0": [1, 1, 1],
						"0.2": [1, 1, "1 / 0.9"],
						"0.3167": [1, 1, 1]
					}
				}
			}
		},
		"animation.snail.climb": {
			"loop": true,
			"bones": {
				"bone": {
					"rotation": [-90, 0, 0],
					"position": [0, 3, -3]
				}
			}
		},
		"animation.snail.sit": {
			"loop": true,
			"animation_length": 1.5,
			"bones": {
				"bone": {
					"position": [0, -0.4, -2]
				},
				"bone3": {
					"rotation": [65, 0, 0],
					"position": [0, 0.5, 3.05],
					"scale": [1, 1.01, 1]
				},
				"bone12": {
					"position": [0, 0, 0.05],
					"scale": [1, 1, "1 / 0.9"]
				},
				"bone6": {
					"scale": [1, 1, 0.9]
				},
				"bone8": {
					"scale": [1, 0.7, 1]
				}
			},
			"particle_effects": {
				"0.0": {
					"effect": "zeelol",
					"locator": "zee"
				}
			}
		},
		"animation.billsnail.new": {
			"loop": true,
			"bones": {
				"bone": {
					"position": ["math.sin(query.life_time * 600) * 8", "query.life_time * 10", "math.cos(query.life_time * 600) * 8"]
				}
			}
		},
		"animation.snail.poison": {
			"loop": true,
			"bones": {
				"bone4": {
					"rotation": [0, 0, -15]
				},
				"bone5": {
					"rotation": [0, 0, 15]
				}
			}
		}
	}
}