{
	"format_version": "1.8.0",
	"animations": {
		"animation.snaketest.new": {
			"loop": true,
			"bones": {
				"bone": {
					"position": ["math.sin(query.life_time * 200 + variable.snakeyness * 8) * 3", 0, 0]
				},
				"bone2": {
					"position": ["math.sin(query.life_time * 200 + variable.snakeyness * 7) * 3", 0, 0]
				},
				"bone3": {
					"position": ["math.sin(query.life_time * 200 + variable.snakeyness * 6) * 3", 0, 0]
				},
				"bone4": {
					"position": ["math.sin(query.life_time * 200 + variable.snakeyness * 5) * 3", 0, 0]
				},
				"bone5": {
					"position": ["math.sin(query.life_time * 200 + variable.snakeyness * 4) * 3", 0, 0]
				},
				"bone6": {
					"position": ["math.sin(query.life_time * 200 + variable.snakeyness * 3) * 3", 0, 0]
				},
				"bone7": {
					"position": ["math.sin(query.life_time * 200 + variable.snakeyness * 2) * 3", 0, 0]
				},
				"bone8": {
					"position": ["math.sin(query.life_time * 200 + variable.snakeyness) * 3", 0, 0]
				},
				"bone9": {
					"position": ["math.sin(query.life_time * 200) * 3", 0, 0]
				},
				"bone10": {
					"position": ["math.sin(query.life_time * 200 + variable.snakeyness * 9) * 3", 0, 0]
				},
				"bone11": {
					"position": ["math.sin(query.life_time * 200 + variable.snakeyness * 10) * 3", 0, 0]
				},
				"bone12": {
					"position": ["math.sin(query.life_time * 200 + variable.snakeyness * 11) * 3", 0, 0]
				},
				"bone13": {
					"position": ["math.sin(query.life_time * 200 + variable.snakeyness * 12) * 3", 0, 0]
				},
				"bone14": {
					"position": ["math.sin(query.life_time * 200 + variable.snakeyness * 13) * 3", 0, 0]
				},
				"bone15": {
					"position": ["math.sin(query.life_time * 200 + variable.snakeyness * 14) * 3", 0, 0]
				},
				"bone16": {
					"position": ["math.sin(query.life_time * 200 + variable.snakeyness * 15) * 3", 0, 0]
				}
			}
		}
	}
}