{
	"format_version": "1.8.0",
	"animations": {
		"animation.cat.snake": {
			"loop": true,
			"bones": {
				"body": {
					"scale": [1.1, 1, 1]
				},
				"tail1": {
					"position": ["math.sin(query.life_time * variable.s + variable.n) * variable.a", 0, 0]
				},
				"tail2": {
					"position": ["math.sin(query.life_time * variable.s + variable.n * 2) * variable.a", 0, 0]
				},
				"tail3": {
					"position": ["math.sin(query.life_time * variable.s + variable.n * 3) * variable.a", 0, 0]
				},
				"tail4": {
					"position": ["math.sin(query.life_time * variable.s + variable.n * 4) * variable.a", 0, 0]
				},
				"tail5": {
					"position": ["math.sin(query.life_time * variable.s + variable.n * 5) * variable.a", 0, 0]
				},
				"tail6": {
					"position": ["math.sin(query.life_time * variable.s + variable.n * 6) * variable.a", 0, 0]
				},
				"tail7": {
					"position": ["math.sin(query.life_time * variable.s + variable.n * 7) * variable.a", 0, 0]
				},
				"tail8": {
					"position": ["math.sin(query.life_time * variable.s + variable.n * 8) * variable.a", 0, 0]
				},
				"tail9": {
					"position": ["math.sin(query.life_time * variable.s + variable.n * 9) * variable.a", 0, 0]
				},
				"tail10": {
					"position": ["math.sin(query.life_time * variable.s + variable.n * 10) * variable.a", 0, 0]
				},
				"tail11": {
					"position": ["math.sin(query.life_time * variable.s + variable.n * 11) * variable.a", 0, 0]
				},
				"tail12": {
					"position": ["math.sin(query.life_time * variable.s + variable.n * 12) * variable.a", 0, 0]
				},
				"tail13": {
					"position": ["math.sin(query.life_time * variable.s + variable.n * 13) * variable.a", 0, 0]
				},
				"tail14": {
					"position": ["math.sin(query.life_time * variable.s + variable.n * 14) * variable.a", 0, 0]
				},
				"tail15": {
					"position": ["math.sin(query.life_time * variable.s + variable.n * 15) * variable.a", 0, 0]
				},
				"bone": {
					"position": ["math.sin(query.life_time * variable.s + variable.n * 16) * variable.a", 0, 0]
				}
			}
		}
	}
}