{"stats":{"minecraft:crafted":{"minecraft:chainmail_helmet":3,"minecraft:iron_boots":10,"minecraft:diamond_leggings":1,"minecraft:bow":23,"minecraft:tipped_arrow":1,"minecraft:golden_sword":6,"minecraft:arrow":29,"minecraft:iron_helmet":24,"minecraft:chainmail_chestplate":2,"minecraft:iron_chestplate":12,"minecraft:golden_leggings":1,"minecraft:leather_chestplate":40,"minecraft:stone_sword":1,"minecraft:leather_leggings":6,"minecraft:leather_boots":6,"minecraft:golden_chestplate":1,"minecraft:player_head":4,"minecraft:enchanted_golden_apple":716,"minecraft:netherite_chestplate":1,"minecraft:diamond_boots":2,"minecraft:splash_potion":40,"minecraft:golden_helmet":1,"minecraft:chainmail_leggings":2,"minecraft:diamond_sword":6,"minecraft:iron_sword":12,"minecraft:leather_helmet":34,"minecraft:air":0,"minecraft:potion":64,"minecraft:golden_apple":95,"minecraft:chainmail_boots":2,"minecraft:iron_leggings":10,"minecraft:diamond_chestplate":4},"minecraft:picked_up":{"minecraft:light_blue_concrete":3,"minecraft:redstone_block":3,"minecraft:chainmail_boots":1,"minecraft:lead":3,"minecraft:potion":44,"minecraft:string":12,"minecraft:oak_sign":5,"minecraft:diamond_leggings":2,"minecraft:enchanted_golden_apple":118,"minecraft:iron_boots":3,"minecraft:tipped_arrow":4873,"minecraft:torch":8,"minecraft:villager_spawn_egg":1,"minecraft:zombie_spawn_egg":1,"minecraft:rotten_flesh":9,"minecraft:cactus":41,"minecraft:command_block":1,"minecraft:iron_block":3,"minecraft:glowstone":1,"minecraft:netherite_chestplate":1,"minecraft:iron_bars":2,"minecraft:magma_block":1,"minecraft:barrier":1,"minecraft:leather_chestplate":10,"minecraft:repeater":2,"minecraft:water_bucket":1,"minecraft:bow":9,"minecraft:powered_rail":2,"minecraft:grass_block":2,"minecraft:polished_andesite":4,"minecraft:golden_apple":24,"minecraft:bread":1069,"minecraft:chainmail_helmet":1,"minecraft:splash_potion":20,"minecraft:ladder":4,"minecraft:flint_and_steel":1,"minecraft:quartz_slab":1,"minecraft:item_frame":4,"minecraft:egg":1,"minecraft:stone_button":3,"minecraft:redstone":4,"minecraft:dark_oak_planks":1,"minecraft:arrow":1,"minecraft:diamond_chestplate":1,"minecraft:diamond_boots":1,"minecraft:gold_ingot":263,"minecraft:lime_stained_glass":1,"minecraft:filled_map":9,"minecraft:bedrock":2,"minecraft:paper":1,"minecraft:glass_bottle":3,"minecraft:iron_sword":20,"minecraft:soul_sand":1,"minecraft:yellow_concrete":1,"minecraft:gravel":74,"minecraft:lava_bucket":1,"minecraft:iron_helmet":2,"minecraft:oak_button":14},"minecraft:used":{"minecraft:light_blue_banner":66,"minecraft:nether_brick_fence":1046,"minecraft:writable_book":47,"minecraft:dispenser":333,"minecraft:ladder":322,"minecraft:oak_sign":685,"minecraft:chest":18,"minecraft:white_terracotta":75,"minecraft:brown_concrete":65,"minecraft:stone":625,"minecraft:iron_sword":15694,"minecraft:zombie_spawn_egg":1202,"minecraft:quartz_stairs":42,"minecraft:player_head":32,"minecraft:soul_sand":1984,"minecraft:skeleton_spawn_egg":356,"minecraft:blue_stained_glass":12,"minecraft:obsidian":95,"minecraft:glass":33,"minecraft:lava_bucket":1294,"minecraft:villager_spawn_egg":65,"minecraft:quartz_slab":12,"minecraft:grass_block":216,"minecraft:stone_brick_stairs":105,"minecraft:item_frame":24,"minecraft:bedrock":2678,"minecraft:birch_button":1,"minecraft:golden_sword":967,"minecraft:red_carpet":6,"minecraft:repeater":990,"minecraft:redstone_lamp":1,"minecraft:bow":75680,"minecraft:magma_block":465,"minecraft:brown_carpet":4,"minecraft:oak_sapling":1,"minecraft:gold_block":14,"minecraft:brown_concrete_powder":278,"minecraft:diorite":48,"minecraft:red_stained_glass":3,"minecraft:powered_rail":9,"minecraft:birch_wood":1,"minecraft:cactus":534,"minecraft:sandstone":490,"minecraft:redstone_block":731,"minecraft:clay":20,"minecraft:golden_apple":66,"minecraft:sand":266,"minecraft:light_blue_concrete":541,"minecraft:yellow_concrete":4,"minecraft:creeper_spawn_egg":7,"minecraft:redstone_torch":35,"minecraft:lever":120,"minecraft:green_concrete":628,"minecraft:black_concrete":112,"minecraft:firework_rocket":26,"minecraft:bread":400,"minecraft:barrier":581,"minecraft:stone_button":29,"minecraft:iron_door":4,"minecraft:gravel":32,"minecraft:polished_andesite_slab":68,"minecraft:blackstone_slab":7,"minecraft:diamond_sword":1678,"minecraft:coal_block":85,"minecraft:green_concrete_powder":120,"minecraft:andesite":38,"minecraft:smooth_stone_slab":100,"minecraft:white_concrete":2,"minecraft:bone_meal":9,"minecraft:cobweb":474,"minecraft:oak_fence":168,"minecraft:oak_trapdoor":52,"minecraft:iron_bars":42,"minecraft:stone_sword":36,"minecraft:orange_concrete":92,"minecraft:flint_and_steel":177,"minecraft:red_concrete":3,"minecraft:redstone":484,"minecraft:spruce_planks":9,"minecraft:structure_block":7,"minecraft:netherrack":1,"minecraft:oak_door":13,"minecraft:orange_stained_glass":1,"minecraft:torch":248,"minecraft:dirt":362,"minecraft:anvil":8,"minecraft:light_blue_stained_glass":489,"minecraft:blue_concrete":193,"minecraft:nether_brick_stairs":29,"minecraft:oak_fence_gate":23,"minecraft:polished_diorite":267,"minecraft:iron_block":3786,"minecraft:slime_block":23,"minecraft:spruce_button":1,"minecraft:glowstone":321,"minecraft:emerald_block":24,"minecraft:iron_trapdoor":31,"minecraft:lime_stained_glass":35,"minecraft:minecart":6,"minecraft:enchanted_golden_apple":1855,"minecraft:turtle_spawn_egg":1,"minecraft:water_bucket":435,"minecraft:polished_andesite":768,"minecraft:magenta_stained_glass":45,"minecraft:beacon":9,"minecraft:diamond_block":160,"minecraft:rail":86,"minecraft:comparator":80,"minecraft:tnt":66,"minecraft:crafting_table":1,"minecraft:piston":6,"minecraft:black_wool":28,"minecraft:command_block":1206,"minecraft:oak_button":301,"minecraft:map":35,"minecraft:detector_rail":2,"minecraft:potion":33,"minecraft:warped_fence_gate":2,"minecraft:red_banner":17,"minecraft:chain_command_block":223,"minecraft:repeating_command_block":262,"minecraft:splash_potion":179},"minecraft:killed":{"minecraft:spider":27,"minecraft:skeleton":188,"minecraft:zombie_villager":11,"minecraft:iron_golem":2,"minecraft:strider":1,"minecraft:creeper":33,"minecraft:trader_llama":4,"minecraft:zombie":23391,"minecraft:vex":1,"minecraft:vindicator":4,"minecraft:slime":42,"minecraft:bat":2,"minecraft:villager":60,"minecraft:enderman":1},"minecraft:killed_by":{"minecraft:creeper":36,"minecraft:villager":2,"minecraft:zombie":275,"minecraft:slime":3,"minecraft:skeleton":5},"minecraft:custom":{"minecraft:leave_game":291,"minecraft:time_since_death":120453,"minecraft:damage_resisted":167825,"minecraft:sprint_one_cm":8234140,"minecraft:drop":1378,"minecraft:talked_to_villager":338,"minecraft:deaths":641,"minecraft:jump":86095,"minecraft:walk_on_water_one_cm":53954,"minecraft:traded_with_villager":357,"minecraft:play_one_minute":13649960,"minecraft:damage_dealt":639069,"minecraft:interact_with_beacon":22,"minecraft:crouch_one_cm":1744814,"minecraft:inspect_dispenser":614,"minecraft:mob_kills":40080,"minecraft:interact_with_anvil":13,"minecraft:damage_dealt_resisted":237299,"minecraft:climb_one_cm":1768340,"minecraft:walk_one_cm":9095243,"minecraft:damage_dealt_absorbed":32332,"minecraft:sneak_time":1043066,"minecraft:walk_under_water_one_cm":7678,"minecraft:time_since_rest":120478,"minecraft:damage_taken":317596,"minecraft:damage_absorbed":185011,"minecraft:minecart_one_cm":10969,"minecraft:fly_one_cm":76776367,"minecraft:open_chest":56,"minecraft:fall_one_cm":1247840},"minecraft:dropped":{"minecraft:nether_brick_stairs":1,"minecraft:clay":1,"minecraft:iron_sword":25,"minecraft:repeating_command_block":13,"minecraft:soul_sand":28,"minecraft:piston":1,"minecraft:glass_bottle":34,"minecraft:lime_stained_glass":1,"minecraft:bedrock":29,"minecraft:rail":1,"minecraft:leather_helmet":7,"minecraft:red_carpet":1,"minecraft:item_frame":7,"minecraft:gold_block":2,"minecraft:dirt":13,"minecraft:stone_button":67,"minecraft:dispenser":7,"minecraft:sand":7,"minecraft:bone_meal":1,"minecraft:black_concrete":2,"minecraft:dark_oak_planks":1,"minecraft:light_blue_banner":8,"minecraft:gold_ingot":587,"minecraft:gravel":78,"minecraft:magenta_stained_glass":1,"minecraft:diamond_block":5,"minecraft:lever":5,"minecraft:polished_andesite_slab":1,"minecraft:golden_chestplate":1,"minecraft:detector_rail":1,"minecraft:netherite_sword":1,"minecraft:enchanted_golden_apple":710,"minecraft:nether_brick_fence":8,"minecraft:blue_stained_glass":1,"minecraft:chainmail_chestplate":2,"minecraft:leather_chestplate":48,"minecraft:tipped_arrow":7172,"minecraft:turtle_helmet":1,"minecraft:glowstone":5,"minecraft:leather_boots":4,"minecraft:ladder":18,"minecraft:chest":1,"minecraft:chainmail_boots":3,"minecraft:leather_leggings":4,"minecraft:birch_button":1,"minecraft:iron_bars":4,"minecraft:arrow":19,"minecraft:powered_rail":3,"minecraft:chain_command_block":5,"minecraft:stone_brick_stairs":1,"minecraft:splash_potion":48,"minecraft:brown_concrete":1,"minecraft:firework_rocket":1,"minecraft:water_bucket":2,"minecraft:bread":9054,"minecraft:golden_helmet":1,"minecraft:tnt":1,"minecraft:minecart":2,"minecraft:yellow_concrete":2,"minecraft:diamond_leggings":4,"minecraft:netherite_chestplate":2,"minecraft:oak_fence":1,"minecraft:iron_helmet":23,"minecraft:barrier":13,"minecraft:lead":1,"minecraft:command_block":32,"minecraft:red_stained_glass":3,"minecraft:chainmail_helmet":3,"minecraft:grass_block":31,"minecraft:golden_apple":154,"minecraft:polished_andesite":19,"minecraft:lava_bucket":5,"minecraft:cobweb":26,"minecraft:iron_block":34,"minecraft:iron_trapdoor":3,"minecraft:diorite":1,"minecraft:light_blue_stained_glass":11,"minecraft:torch":12,"minecraft:repeater":6,"minecraft:map":4,"minecraft:potion":65,"minecraft:iron_leggings":9,"minecraft:cactus":39,"minecraft:chainmail_leggings":3,"minecraft:paper":4,"minecraft:redstone_block":34,"minecraft:redstone":5,"minecraft:polished_diorite":1,"minecraft:anvil":2,"minecraft:zombie_spawn_egg":5,"minecraft:oak_trapdoor":10,"minecraft:player_head":2,"minecraft:stone_sword":1,"minecraft:smooth_stone_slab":6,"minecraft:red_banner":2,"minecraft:iron_boots":12,"minecraft:blue_concrete":5,"minecraft:villager_spawn_egg":7,"minecraft:comparator":1,"minecraft:slime_block":6,"minecraft:green_concrete":1,"minecraft:ender_eye":2,"minecraft:white_terracotta":1,"minecraft:light_blue_concrete":11,"minecraft:skeleton_spawn_egg":3,"minecraft:oak_sign":27,"minecraft:flint_and_steel":16,"minecraft:filled_map":50,"minecraft:diamond_sword":12,"minecraft:stone":1,"minecraft:oak_button":6,"minecraft:diamond_chestplate":6,"minecraft:spruce_planks":1,"minecraft:iron_chestplate":9,"minecraft:golden_leggings":1,"minecraft:golden_sword":3,"minecraft:redstone_torch":7,"minecraft:brown_carpet":1,"minecraft:diamond_boots":4,"minecraft:sandstone":19,"minecraft:beacon":3,"minecraft:bow":33,"minecraft:green_concrete_powder":1,"minecraft:magma_block":19,"minecraft:quartz_slab":2}},"DataVersion":2586}