{"stats":{"minecraft:used":{"minecraft:bow":20},"minecraft:custom":{"minecraft:play_one_minute":12471,"minecraft:damage_taken":1740,"minecraft:leave_game":4,"minecraft:sprint_one_cm":8544,"minecraft:time_since_death":792,"minecraft:walk_one_cm":28923,"minecraft:deaths":4,"minecraft:sneak_time":64,"minecraft:climb_one_cm":1496,"minecraft:mob_kills":5,"minecraft:time_since_sleep":91,"minecraft:fall_one_cm":4727,"minecraft:fly_one_cm":6133,"minecraft:jump":82},"minecraft:picked_up":{"minecraft:tipped_arrow":64,"minecraft:bow":1},"minecraft:killed":{"minecraft:zombie":2}},"DataVersion":1469}