{"stats":{"minecraft:dropped":{"minecraft:grass":1,"minecraft:wheat_seeds":2},"minecraft:used":{"minecraft:polished_blackstone_brick_slab":3,"minecraft:water_bucket":183,"minecraft:mossy_cobblestone_stairs":17,"minecraft:chiseled_polished_blackstone":1,"minecraft:stone_brick_slab":270,"minecraft:dark_oak_stairs":203,"minecraft:netherite_block":21,"minecraft:blue_terracotta":2688,"minecraft:diorite":296,"minecraft:cobblestone_stairs":24,"minecraft:spruce_door":1,"minecraft:black_stained_glass_pane":159,"minecraft:spruce_slab":222,"minecraft:polished_blackstone":32,"minecraft:lantern":74,"minecraft:grass_block":249,"minecraft:oak_stairs":122,"minecraft:stone_shovel":80,"minecraft:dark_oak_sign":3,"minecraft:oak_planks":734,"minecraft:ladder":24,"minecraft:spruce_pressure_plate":2,"minecraft:spruce_planks":1031,"minecraft:dark_oak_slab":108,"minecraft:polished_blackstone_brick_stairs":34,"minecraft:mossy_cobblestone_slab":18,"minecraft:spruce_trapdoor":83,"minecraft:smooth_quartz":1302,"minecraft:clay":48,"minecraft:wooden_shovel":69,"minecraft:gravel":80,"minecraft:spruce_sapling":635,"minecraft:grass":380,"minecraft:cobblestone_slab":20,"minecraft:stone_brick_stairs":465,"minecraft:barrel":6,"minecraft:stone_bricks":2008,"minecraft:oak_leaves":5,"minecraft:smooth_quartz_stairs":39,"minecraft:polished_blackstone_bricks":202,"minecraft:cracked_stone_bricks":49,"minecraft:spruce_leaves":184,"minecraft:chiseled_stone_bricks":16,"minecraft:dark_oak_trapdoor":17,"minecraft:mossy_cobblestone":43,"minecraft:dirt":34,"minecraft:cobblestone":243,"minecraft:vine":1,"minecraft:oak_slab":510,"minecraft:dark_oak_fence":703,"minecraft:spruce_stairs":12,"minecraft:cobblestone_wall":5,"minecraft:andesite":21,"minecraft:campfire":1,"minecraft:grass_path":3,"minecraft:mossy_cobblestone_wall":7,"minecraft:dark_oak_fence_gate":144,"minecraft:stone_brick_wall":47,"minecraft:spruce_log":1290,"minecraft:spruce_fence":50,"minecraft:seagrass":112,"minecraft:azure_bluet":53,"minecraft:bone_meal":13,"minecraft:polished_blackstone_stairs":1,"minecraft:dark_oak_door":1},"minecraft:custom":{"minecraft:time_since_rest":470460,"minecraft:sprint_one_cm":23421,"minecraft:walk_one_cm":132482,"minecraft:drop":2,"minecraft:fly_one_cm":4364380,"minecraft:play_one_minute":470460,"minecraft:crouch_one_cm":13974,"minecraft:sneak_time":29204,"minecraft:walk_under_water_one_cm":232,"minecraft:jump":409,"minecraft:leave_game":6,"minecraft:time_since_death":470460,"minecraft:walk_on_water_one_cm":3292,"minecraft:climb_one_cm":1607},"minecraft:picked_up":{"minecraft:stick":12,"minecraft:ladder":1,"minecraft:dandelion":2,"minecraft:spruce_sapling":4,"minecraft:apple":1,"minecraft:wheat_seeds":4,"minecraft:oak_sapling":11,"minecraft:birch_sapling":1}},"DataVersion":2567}