{"stats":{"minecraft:killed":{"minecraft:vindicator":363,"minecraft:spider":6,"minecraft:skeleton":32,"minecraft:drowned":1112,"minecraft:husk":942,"minecraft:zombie_villager":329,"minecraft:iron_golem":44,"minecraft:ravager":30,"minecraft:creeper":13,"minecraft:pillager":2,"minecraft:zombie":4707,"minecraft:stray":28,"minecraft:wither_skeleton":6,"minecraft:villager":9,"minecraft:blaze":1},"minecraft:picked_up":{"minecraft:shield":1,"minecraft:music_disc_cat":1,"minecraft:netherite_sword":1,"minecraft:music_disc_pigstep":3,"minecraft:rotten_flesh":8,"minecraft:snowball":5,"minecraft:barrier":37,"minecraft:carrot_on_a_stick":2,"minecraft:potato":1,"minecraft:white_banner":2,"minecraft:bone":1,"minecraft:diamond_shovel":2,"minecraft:diamond":10,"minecraft:blue_ice":1,"minecraft:golden_apple":3,"minecraft:red_concrete":1,"minecraft:coal":1},"minecraft:custom":{"minecraft:interact_with_anvil":2,"minecraft:mob_kills":8276,"minecraft:interact_with_crafting_table":8,"minecraft:leave_game":64,"minecraft:time_since_death":1430,"minecraft:climb_one_cm":24134,"minecraft:damage_resisted":510742,"minecraft:sprint_one_cm":7020728,"minecraft:walk_one_cm":7491924,"minecraft:damage_blocked_by_shield":3220,"minecraft:drop":99,"minecraft:talked_to_villager":35,"minecraft:deaths":163,"minecraft:sneak_time":80274,"minecraft:walk_under_water_one_cm":2270,"minecraft:jump":17477,"minecraft:interact_with_blast_furnace":8,"minecraft:walk_on_water_one_cm":58949,"minecraft:interact_with_furnace":21,"minecraft:play_record":5,"minecraft:play_one_minute":2950887,"minecraft:pot_flower":7,"minecraft:time_since_rest":1431,"minecraft:damage_taken":309043,"minecraft:damage_dealt":1430889,"minecraft:fly_one_cm":13097121,"minecraft:open_chest":48,"minecraft:crouch_one_cm":207604,"minecraft:interact_with_smoker":5,"minecraft:fall_one_cm":192631},"minecraft:killed_by":{"minecraft:ravager":1,"minecraft:zombie":2},"minecraft:broken":{"minecraft:netherite_helmet":73,"minecraft:netherite_chestplate":73,"minecraft:shield":4,"minecraft:netherite_leggings":73,"minecraft:netherite_boots":73},"minecraft:used":{"minecraft:oak_fence":24,"minecraft:netherite_sword":15832,"minecraft:iron_bars":9,"minecraft:flint_and_steel":8,"minecraft:red_concrete":39,"minecraft:spruce_slab":44,"minecraft:redstone":25,"minecraft:carrot_on_a_stick":14823,"minecraft:zombie_villager_spawn_egg":6,"minecraft:ladder":8,"minecraft:oak_sign":60,"minecraft:spruce_planks":2175,"minecraft:chest":146,"minecraft:shield":130,"minecraft:stone":39,"minecraft:zombie_spawn_egg":114,"minecraft:quartz_stairs":8,"minecraft:grass":3,"minecraft:player_head":47,"minecraft:dried_kelp_block":4,"minecraft:netherrack":21,"minecraft:debug_stick":25,"minecraft:spruce_leaves":206,"minecraft:torch":65,"minecraft:anvil":4,"minecraft:stray_spawn_egg":2,"minecraft:white_carpet":87,"minecraft:jungle_planks":68,"minecraft:spruce_stairs":154,"minecraft:jungle_slab":4,"minecraft:yellow_carpet":5,"minecraft:spruce_fence":32,"minecraft:light_blue_stained_glass":20,"minecraft:snowball":242,"minecraft:oak_fence_gate":1,"minecraft:dark_oak_planks":2064,"minecraft:glass":73,"minecraft:stone_brick_slab":79,"minecraft:ravager_spawn_egg":7,"minecraft:wooden_axe":2,"minecraft:packed_ice":1921,"minecraft:bricks":162,"minecraft:villager_spawn_egg":12,"minecraft:music_disc_pigstep":4,"minecraft:lantern":1,"minecraft:grass_block":76,"minecraft:oak_stairs":61,"minecraft:brick_stairs":10,"minecraft:dark_oak_slab":166,"minecraft:crimson_planks":1,"minecraft:stone_brick_stairs":71,"minecraft:stone_bricks":448,"minecraft:bedrock":50,"minecraft:repeater":21,"minecraft:red_carpet":19,"minecraft:snow":2550,"minecraft:iron_trapdoor":1,"minecraft:scaffolding":2,"minecraft:furnace":25,"minecraft:drowned_spawn_egg":2,"minecraft:gold_block":21,"minecraft:potato":1,"minecraft:light_blue_carpet":2,"minecraft:dark_oak_stairs":368,"minecraft:water_bucket":21,"minecraft:cobblestone_stairs":6,"minecraft:brick_wall":1,"minecraft:snow_block":4497,"minecraft:birch_planks":159,"minecraft:jungle_fence":45,"minecraft:oak_planks":3,"minecraft:redstone_block":7,"minecraft:vindicator_spawn_egg":10,"minecraft:cracked_stone_bricks":97,"minecraft:oak_leaves":1,"minecraft:golden_apple":274,"minecraft:mossy_cobblestone":41,"minecraft:orange_carpet":4,"minecraft:vine":222,"minecraft:music_disc_cat":1,"minecraft:oak_slab":5,"minecraft:crafting_table":18,"minecraft:birch_sign":13,"minecraft:blast_furnace":8,"minecraft:yellow_concrete":122,"minecraft:blue_ice":305,"minecraft:campfire":2,"minecraft:stone_brick_wall":4,"minecraft:painting":39,"minecraft:magenta_carpet":3,"minecraft:smoker":10,"minecraft:warped_planks":364,"minecraft:spruce_log":134,"minecraft:oak_log":35,"minecraft:green_concrete":65,"minecraft:flower_pot":6,"minecraft:black_concrete":308,"minecraft:warped_trapdoor":1,"minecraft:dark_oak_log":270,"minecraft:command_block":55,"minecraft:lime_carpet":3,"minecraft:oak_button":13,"minecraft:barrier":538,"minecraft:stone_button":2,"minecraft:netherite_axe":611,"minecraft:jungle_stairs":18,"minecraft:iron_door":4,"minecraft:gravel":97,"minecraft:yellow_wool":1,"minecraft:blue_carpet":2,"minecraft:green_carpet":6,"minecraft:jungle_sign":10,"minecraft:cobblestone":121,"minecraft:smithing_table":4,"minecraft:dark_oak_fence":31,"minecraft:crimson_door":1,"minecraft:chain_command_block":2,"minecraft:magenta_glazed_terracotta":284,"minecraft:ice":2,"minecraft:husk_spawn_egg":2,"minecraft:purple_carpet":3,"minecraft:jukebox":9,"minecraft:birch_stairs":47},"minecraft:dropped":{"minecraft:diamond":10,"minecraft:netherite_axe":9,"minecraft:cookie":1,"minecraft:command_block":1,"minecraft:carrot_on_a_stick":38,"minecraft:golden_apple":4,"minecraft:snowball":5,"minecraft:cactus":1,"minecraft:red_concrete":1,"minecraft:netherite_sword":22,"minecraft:rotten_flesh":1,"minecraft:diamond_shovel":2,"minecraft:snow":1,"minecraft:spruce_planks":2,"minecraft:blue_ice":1}},"DataVersion":2584}