{
  "format_version": "1.8.0",
  "render_controllers": {
    "controller.render.angler_light": {
      "arrays": {
        "textures": {
          "Array.variants": [
            "Texture.glow1",
            "Texture.glow2",
            "Texture.glow3",
            "Texture.glow4",
            "Texture.glow5",
            "Texture.glow6",
            "Texture.glow7"
          ],
          "Array.sugar": [
            "Texture.sugar1",
            "Texture.sugar2",
            "Texture.sugar3",
            "Texture.sugar4",
            "Texture.sugar5",
            "Texture.sugar6",
            "Texture.sugar7"
          ]
        }
      },
      "geometry": "Geometry.glow",
      "materials": [ { "*": "Material.glow" } ],
      "textures": [ "(query.get_name == 'Sugar' || query.get_name == 'sugar' || query.get_name == 'Ζαχαρώτος' || query.get_name == 'Ζαχαρωτος' || query.get_name == 'Ζαχαρωτός' || query.get_name == 'ζαχαρώτος' || query.get_name == 'ζαχαρωτος' || query.get_name == 'ζαχαρωτός' || query.get_name == 'Zacharotos' || query.get_name == 'zacharotos' || query.get_name == 'Zaharotos' || query.get_name == 'zaharotos' || query.get_name == 'Zaxarotos' || query.get_name == 'zaxarotos') ? Array.sugar[query.life_time * 2 + query.variant] : Array.variants[query.variant]" ],
      "part_visibility": [ { "*": "query.is_in_water" } ],
      "uv_anim": {
          "offset": [ "(query.is_in_water) ? (Math.floor(query.life_time * 20.0) + query.frame_alpha) * 0.01 : 0.0", 
                      "(query.is_in_water) ? (Math.floor(query.life_time * 15.0) + query.frame_alpha) * 0.01 : 0.0" ],
          "scale": [ 1.0, 1.0 ]
      },
      "ignore_lighting": true,
      "overlay_color": {
          "r": "math.sin(query.life_time * 200 + query.variant * 600)",
          "g": "math.sin(query.life_time * 200 + query.variant * 600 + 120)",
          "b": "math.sin(query.life_time * 200 + query.variant * 600 + 240)",
          "a": "query.get_name == 'Sugar' ? 0.5 : 0.05"
      },
      "is_hurt_color": {
          "r": "-math.sin(query.life_time * 200)",
          "g": "-math.sin(query.life_time * 200 + 120)",
          "b": "-math.sin(query.life_time * 200 + 240)",
          "a": "0.5"
      }
    }
  }
}