{
  "format_version": "1.8.0",
  "render_controllers": {
    "controller.render.anglerfish": {
      "arrays": {
        "textures": {
          "Array.variants": [
            "Texture.variant1",
            "Texture.variant2",
            "Texture.variant3",
            "Texture.variant4",
            "Texture.variant5",
            "Texture.variant6",
            "Texture.variant7"
          ]
        }
      },
      "geometry": "Geometry.default",
      "materials": [ { "*": "Material.default" } ],
      "overlay_color": {
          "r": "math.sin(query.life_time * 200 + query.variant * 600)",
          "g": "math.sin(query.life_time * 200 + query.variant * 600 + 120)",
          "b": "math.sin(query.life_time * 200 + query.variant * 600 + 240)",
          "a": "query.is_illager_captain ? 0.5 : 0"
      },
      "textures": [ "(query.get_name == 'Sugar' || query.get_name == 'sugar' || query.get_name == 'Ζαχαρώτος' || query.get_name == 'Ζαχαρωτος' || query.get_name == 'Ζαχαρωτός' || query.get_name == 'ζαχαρώτος' || query.get_name == 'ζαχαρωτος' || query.get_name == 'ζαχαρωτός' || query.get_name == 'Zacharotos' || query.get_name == 'zacharotos' || query.get_name == 'Zaharotos' || query.get_name == 'zaharotos' || query.get_name == 'Zaxarotos' || query.get_name == 'zaxarotos') ? Array.variants[query.life_time * 1.5 + query.variant] : Array.variants[query.variant]" ]
    }
  }
}