{
  "format_version": "1.8.0",
  "render_controllers": {
    "controller.render.salmon": {
      "geometry": "Geometry.default",
      "materials": [ { "*": "Material.default" } ],
      "textures": [ "Texture.default" ],
      "part_visibility": [ { "tail3": "query.is_sheared || query.is_interested" },
      { "tail1": "!query.is_sheared && !query.is_interested" },{ "tail4": "query.is_sheared || query.is_interested" },
      { "tail2": "!query.is_sheared && !query.is_interested" },{ "tail5": "query.is_sheared || query.is_interested" },
      { "tail6": "query.is_sheared || query.is_interested" } ],
      "overlay_color": {
          "r": "math.sin(query.life_time * 200 + query.variant * 600)",
          "g": "math.sin(query.life_time * 200 + query.variant * 600 + 120)",
          "b": "math.sin(query.life_time * 200 + query.variant * 600 + 240)",
          "a": "query.is_illager_captain ? 0.5 : 0"
      }},
    "controller.render.cucumbeel": {
      "geometry": "Geometry.glowing",
      "materials": [ { "*": "Material.default" } ],
      "textures": [ "Texture.default" ],
      "part_visibility": [ { "pickle6": "query.is_sitting" },
      { "pickle4": "!query.is_sitting" }],
      "overlay_color": {
          "r": "math.sin(query.life_time * 170 + query.variant * 600)",
          "g": "math.sin(query.life_time * 170 + query.variant * 600 + 120)",
          "b": "math.sin(query.life_time * 170 + query.variant * 600 + 240)",
          "a": "query.is_illager_captain ? 0.5 : 0"
      },
      "ignore_lighting": true},
    "controller.render.birdpoopxd": {
      "geometry": "Geometry.default",
      "materials": [ { "*": "Material.default" } ],
      "textures": [ "Texture.default" ],
      "overlay_color": {
          "r": "math.sin(query.life_time * 200 + query.variant * 600)",
          "g": "math.sin(query.life_time * 200 + query.variant * 600 + 120)",
          "b": "math.sin(query.life_time * 200 + query.variant * 600 + 240)",
          "a": "query.is_illager_captain ? 0.5 : 0"
      },
      "is_hurt_color": {
          "r": "1",
          "g": "1",
          "b": "1",
          "a": "0.5"
      }},
    "controller.render.cod": {
      "geometry": "Geometry.default",
      "materials": [ { "*": "Material.default" } ],
      "textures": [ "Texture.default" ],
      "overlay_color": {
          "r": "math.sin(query.life_time * 200 + query.variant * 600)",
          "g": "math.sin(query.life_time * 200 + query.variant * 600 + 120)",
          "b": "math.sin(query.life_time * 200 + query.variant * 600 + 240)",
          "a": "query.is_illager_captain ? 0.5 : 0"
      }
    },
    "controller.render.tropicalfish": {
      "arrays": {
        "geometries": {
          "Array.models": [ "Geometry.typeA", "Geometry.typeB" ]
        },
        "textures": {
          "Array.types": [ "Texture.typeA", "Texture.typeB" ],
          "Array.patterns": [
            "Texture.aPattern1",
            "Texture.aPattern2",
            "Texture.aPattern3",
            "Texture.aPattern4",
            "Texture.aPattern5",
            "Texture.aPattern6",
            "Texture.bPattern1",
            "Texture.bPattern2",
            "Texture.bPattern3",
            "Texture.bPattern4",
            "Texture.bPattern5",
            "Texture.bPattern6"
          ]
        }
      },
      "geometry": "Array.models[variable.TropicalFish.Base]",
      "materials": [ { "*": "Material.default" } ],
      "textures": [
        "Array.types[variable.TropicalFish.Base]",
        "Array.patterns[variable.TropicalFish.Pattern]"
      ],
      "overlay_color": {
          "r": "math.sin(query.life_time * 200 + query.variant * 600)",
          "g": "math.sin(query.life_time * 200 + query.variant * 600 + 120)",
          "b": "math.sin(query.life_time * 200 + query.variant * 600 + 240)",
          "a": "query.is_illager_captain ? 0.5 : 0"
      }
    }
  }
}