{
  "format_version": "1.8.0",
  "render_controllers": {
    "controller.render.cat": {
      "arrays": {
        "textures": {
          "Array.skins": [
            "Texture.white",
            "Texture.black",
            "Texture.red",
            "Texture.siamese",
            "Texture.british",
            "Texture.calico",
            "Texture.persian",
            "Texture.ragdoll",
            "Texture.tabby",
            "Texture.all_black",
            "Texture.jellie",
            "Texture.blackorange",
            "Texture.blackwhite",
            "Texture.perry",
            "Texture.pizza",
            "Texture.sugar"
          ],
          "Array.tame": [
            "Texture.white_tame",
            "Texture.black_tame",
            "Texture.red_tame",
            "Texture.siamese_tame",
            "Texture.british_tame",
            "Texture.calico_tame",
            "Texture.persian_tame",
            "Texture.ragdoll_tame",
            "Texture.tabby_tame",
            "Texture.all_black_tame",
            "Texture.jellie_tame",
            "Texture.blackorange_tame",
            "Texture.blackwhite_tame",
            "Texture.perry_tame",
            "Texture.pizza_tame",
            "Texture.sugar_tame"
          ]
        }
      },
      "geometry": "Geometry.default",
      "materials": [ { "*": "Material.default" } ],
      "textures": [ "query.is_tamed ? Array.tame[query.variant] : Array.skins[query.variant]" ],
      "part_visibility": [ { "tail3": "query.is_sheared || query.is_interested" },
      { "tail1": "!query.is_sheared && !query.is_interested" },{ "tail4": "query.is_sheared || query.is_interested" },
      { "tail2": "!query.is_sheared && !query.is_interested" },{ "tail5": "query.is_sheared || query.is_interested" },
      { "tail6": "query.is_sheared || query.is_interested" } ],
      "overlay_color": {
          "r": "math.sin(query.life_time * 200 + query.variant * 600)",
          "g": "math.sin(query.life_time * 200 + query.variant * 600 + 120)",
          "b": "math.sin(query.life_time * 200 + query.variant * 600 + 240)",
          "a": "query.is_illager_captain ? 0.5 : 0"
      }
    }
  }
}
