{
  "format_version": "1.8.0",
  "render_controllers": {
    "controller.render.billduck": {
      "arrays": {
        "textures": {
          "Array.skins": [
            "Texture.white",
            "Texture.brown",
            "Texture.golden"
          ],
          "Array.baby": [
            "Texture.whiteling",
            "Texture.brownling",
            "Texture.golden"
          ]
        }
      },
      "geometry": "Geometry.default",
      "materials": [ { "*": "Material.default" } ],
      "textures": [ "query.is_baby ? Array.baby[query.variant] : Array.skins[query.variant]" ],
      //this
      "overlay_color": {
          "r": "math.sin(query.life_time * 200 + query.variant * 600)",
          "g": "math.sin(query.life_time * 200 + query.variant * 600 + 120)",
          "b": "math.sin(query.life_time * 200 + query.variant * 600 + 240)",
          //the a stands for alpha and it means opacity
          "a": "query.is_illager_captain ? 0.5 : 0"
      }
    }
  }
}
