{
  "format_version": "1.8.0",
  "render_controllers": {
    "controller.render.pizzafish": {
      "arrays": {
        "textures": {
          "Array.variants": [
            "Texture.variant1",
            "Texture.variant2",
            "Texture.variant3",
            "Texture.variant4",
            "Texture.variant5",
            "Texture.variant6"
          ]
        }
      },
      "geometry": "Geometry.default",
      "materials": [ { "*": "Material.default" } ],
      "textures": [ "Array.variants[query.variant]" ],
      "overlay_color": {
          "r": "math.sin(query.life_time * 200 + query.variant * 600)",
          "g": "math.sin(query.life_time * 200 + query.variant * 600 + 120)",
          "b": "math.sin(query.life_time * 200 + query.variant * 600 + 240)",
          "a": "query.is_illager_captain ? 0.5 : 0"
      }
    }
  }
}