{
  "format_version": "1.8.0",
  "render_controllers": {
    "controller.render.zcat": {
      "arrays": {
        "textures": {
          "Array.skins": [
            "Texture.wild",
            "Texture.tamed"
          ]
        }
      },
      "geometry": "Geometry.default",
      "materials": [ { "*": "Material.default" } ],
      "textures": [ "Array.skins[query.is_tamed]" ],
      "part_visibility": [ { "tail3": "query.is_sheared || query.is_interested" },
      { "tail1": "!query.is_sheared && !query.is_interested" },{ "tail4": "query.is_sheared || query.is_interested" },
      { "tail2": "!query.is_sheared && !query.is_interested" },{ "tail5": "query.is_sheared || query.is_interested" },
      { "tail6": "query.is_sheared || query.is_interested" } ],
      "overlay_color": {
          "r": "math.sin(query.life_time * 200 + query.variant * 600)",
          "g": "math.sin(query.life_time * 200 + query.variant * 600 + 120)",
          "b": "math.sin(query.life_time * 200 + query.variant * 600 + 240)",
          "a": "query.is_illager_captain ? 0.5 : 0"
      }
    }
  }
}
