{"stats":{"minecraft:dropped":{"minecraft:torch":1,"minecraft:oak_boat":1},"minecraft:picked_up":{"minecraft:stick":2,"minecraft:apple":1,"minecraft:oak_pressure_plate":4},"minecraft:custom":{"minecraft:time_since_rest":115595,"minecraft:play_one_minute":115595,"minecraft:crouch_one_cm":196,"minecraft:sprint_one_cm":88292,"minecraft:walk_one_cm":137275,"minecraft:sneak_time":2180,"minecraft:walk_under_water_one_cm":11618,"minecraft:drop":2,"minecraft:jump":240,"minecraft:damage_dealt":97,"minecraft:leave_game":1,"minecraft:time_since_death":115595,"minecraft:walk_on_water_one_cm":14374,"minecraft:swim_one_cm":15138,"minecraft:fly_one_cm":965551},"minecraft:used":{"minecraft:birch_fence":60,"minecraft:oak_fence":29,"minecraft:oak_log":91,"minecraft:glass":426,"minecraft:water_bucket":167,"minecraft:torch":18,"minecraft:sand":3,"minecraft:glowstone":74,"minecraft:sea_lantern":5,"minecraft:bricks":42,"minecraft:black_stained_glass":18,"minecraft:red_wool":192,"minecraft:quartz_slab":429,"minecraft:grass_block":57,"minecraft:jungle_door":8,"minecraft:brick_stairs":68,"minecraft:oak_boat":2,"minecraft:stone":498,"minecraft:oak_pressure_plate":16,"minecraft:smooth_quartz":1798,"minecraft:gray_wool":234,"minecraft:quartz_stairs":14,"minecraft:birch_stairs":28}},"DataVersion":1976}