{"stats":{"minecraft:custom":{"minecraft:time_since_rest":67211,"minecraft:sprint_one_cm":45349,"minecraft:walk_one_cm":67931,"minecraft:fly_one_cm":875342,"minecraft:play_one_minute":67211,"minecraft:crouch_one_cm":642,"minecraft:sneak_time":2905,"minecraft:pot_flower":4,"minecraft:aviate_one_cm":337504,"minecraft:jump":180,"minecraft:leave_game":8,"minecraft:time_since_death":67211,"minecraft:walk_on_water_one_cm":6053},"minecraft:picked_up":{"minecraft:sand":41,"minecraft:wheat_seeds":17,"minecraft:peony":1},"minecraft:used":{"minecraft:dark_oak_stairs":2,"minecraft:piston":5,"minecraft:flower_pot":4,"minecraft:bricks":48,"minecraft:sandstone_stairs":19,"minecraft:snow_block":2,"minecraft:lantern":1,"minecraft:grass_block":225,"minecraft:dark_oak_sign":3,"minecraft:brick_stairs":12,"minecraft:stone_button":36,"minecraft:smooth_sandstone":6,"minecraft:oak_sign":19,"minecraft:spruce_planks":1,"minecraft:sandstone":17,"minecraft:stone":68,"minecraft:redstone_block":3,"minecraft:hopper_minecart":1,"minecraft:grass":296,"minecraft:stone_brick_stairs":1,"minecraft:item_frame":37,"minecraft:oak_leaves":5,"minecraft:green_carpet":3,"minecraft:dark_oak_trapdoor":17,"minecraft:dirt":56,"minecraft:cobblestone":17,"minecraft:rail":4,"minecraft:black_stained_glass":6,"minecraft:sandstone_slab":29,"minecraft:sea_pickle":14,"minecraft:furnace_minecart":8,"minecraft:painting":42,"minecraft:blue_concrete":1}},"DataVersion":1976}