{"stats":{"minecraft:used":{"minecraft:redstone_torch":10,"minecraft:sticky_piston":34,"minecraft:enderman_spawn_egg":1,"minecraft:piston":5,"minecraft:lever":4,"minecraft:black_concrete":59,"minecraft:flint_and_steel":3,"minecraft:orange_concrete":37,"minecraft:command_block":190,"minecraft:light_gray_concrete":11,"minecraft:red_concrete":23,"minecraft:armor_stand":31,"minecraft:powered_rail":31,"minecraft:redstone":125,"minecraft:stone_button":29,"minecraft:oak_sign":17,"minecraft:detector_rail":37,"minecraft:magenta_concrete":3,"minecraft:redstone_block":15,"minecraft:pink_concrete":20,"minecraft:rail":19,"minecraft:purple_concrete":129,"minecraft:torch":1,"minecraft:glowstone":73,"minecraft:diamond_block":35,"minecraft:repeater":129,"minecraft:redstone_lamp":2,"minecraft:lime_concrete":34,"minecraft:comparator":9,"minecraft:light_blue_concrete":348,"minecraft:end_crystal":9,"minecraft:white_bed":891,"minecraft:minecart":21,"minecraft:yellow_concrete":9,"minecraft:smooth_stone_slab":7,"minecraft:repeating_command_block":9,"minecraft:stone_pressure_plate":1,"minecraft:gray_concrete":4,"minecraft:white_concrete":208,"minecraft:observer":24,"minecraft:end_stone":547},"minecraft:custom":{"minecraft:time_since_rest":32134,"minecraft:sprint_one_cm":331110,"minecraft:damage_taken":19090,"minecraft:walk_one_cm":518385,"minecraft:drop":28,"minecraft:damage_dealt":40,"minecraft:fly_one_cm":5561826,"minecraft:crouch_one_cm":27574,"minecraft:play_one_minute":436667,"minecraft:deaths":21,"minecraft:sneak_time":34421,"minecraft:jump":2201,"minecraft:leave_game":154,"minecraft:time_since_death":32110,"minecraft:fall_one_cm":38761},"minecraft:killed_by":{"minecraft:ender_dragon":13,"minecraft:enderman":4},"minecraft:picked_up":{"minecraft:end_stone":12,"minecraft:repeater":4,"minecraft:torch":58,"minecraft:sand":3,"minecraft:stone_button":1,"minecraft:white_bed":17,"minecraft:redstone":22,"minecraft:smooth_stone_slab":17,"minecraft:detector_rail":14,"minecraft:redstone_torch":5,"minecraft:powered_rail":23},"minecraft:mined":{"minecraft:white_bed":1,"minecraft:fire":103,"minecraft:wall_torch":11},"minecraft:dropped":{"minecraft:command_block_minecart":1,"minecraft:acacia_boat":2,"minecraft:torch":7,"minecraft:redstone_torch":4,"minecraft:sand":3,"minecraft:powered_rail":1,"minecraft:white_bed":10}},"DataVersion":2567}