{"stats":{"minecraft:killed":{"minecraft:enderman":1},"minecraft:mined":{"minecraft:white_bed":50,"minecraft:red_bed":44,"minecraft:cyan_bed":10,"minecraft:wall_torch":6,"minecraft:blue_bed":8,"minecraft:purple_bed":5,"minecraft:fire":3011,"minecraft:green_bed":3,"minecraft:orange_bed":2},"minecraft:dropped":{"minecraft:repeating_command_block":12,"minecraft:smooth_stone_slab":3,"minecraft:ender_pearl":1,"minecraft:black_carpet":6,"minecraft:nether_star":1,"minecraft:orange_concrete":2,"minecraft:white_carpet":4,"minecraft:lead":1,"minecraft:purple_concrete":1,"minecraft:red_wool":2,"minecraft:command_block":27,"minecraft:item_frame":1,"minecraft:stick":1,"minecraft:cobblestone_slab":2,"minecraft:red_bed":1,"minecraft:torch":1,"minecraft:end_stone_brick_stairs":1,"minecraft:stone_button":1,"minecraft:repeater":5,"minecraft:purple_bed":1,"minecraft:light_blue_carpet":3,"minecraft:birch_sign":31,"minecraft:end_stone_bricks":1,"minecraft:purple_wool":6,"minecraft:black_concrete":3,"minecraft:cyan_bed":2,"minecraft:blue_bed":1,"minecraft:redstone":3,"minecraft:redstone_block":2,"minecraft:purple_carpet":6},"minecraft:used":{"minecraft:light_blue_carpet":33,"minecraft:writable_book":7,"minecraft:end_stone_bricks":117,"minecraft:orange_concrete":12,"minecraft:armor_stand":6,"minecraft:red_concrete":8,"minecraft:gray_carpet":46,"minecraft:redstone":261,"minecraft:light_gray_carpet":12,"minecraft:ender_pearl":837,"minecraft:black_carpet":295,"minecraft:spruce_planks":44,"minecraft:redstone_block":23,"minecraft:end_stone_brick_slab":91,"minecraft:blue_bed":295,"minecraft:green_bed":779,"minecraft:quartz_stairs":8,"minecraft:cobblestone_slab":3,"minecraft:torch":1,"minecraft:purpur_pillar":17,"minecraft:white_wool":67,"minecraft:orange_bed":857,"minecraft:oak_leaves":8,"minecraft:end_stone_brick_wall":71,"minecraft:orange_carpet":25,"minecraft:sand":2,"minecraft:light_blue_concrete":210,"minecraft:white_carpet":62,"minecraft:lime_bed":790,"minecraft:red_bed":905,"minecraft:birch_sign":193,"minecraft:white_bed":2309,"minecraft:yellow_carpet":20,"minecraft:note_block":5,"minecraft:magenta_carpet":1,"minecraft:end_stone":525,"minecraft:obsidian":21,"minecraft:sticky_piston":4,"minecraft:lever":32,"minecraft:green_concrete":1,"minecraft:black_wool":100,"minecraft:sea_lantern":152,"minecraft:black_concrete":254,"minecraft:acacia_sign":20,"minecraft:red_wool":21,"minecraft:cyan_carpet":7,"minecraft:command_block":932,"minecraft:lime_carpet":16,"minecraft:spruce_wood":3,"minecraft:iron_block":11,"minecraft:grass_block":7,"minecraft:cyan_bed":510,"minecraft:stone_button":35,"minecraft:barrier":309,"minecraft:chicken_spawn_egg":1,"minecraft:birch_button":4,"minecraft:repeater":471,"minecraft:bedrock":4,"minecraft:crimson_sign":1,"minecraft:blue_carpet":6,"minecraft:green_carpet":11,"minecraft:purple_concrete":47,"minecraft:cobblestone":52,"minecraft:red_carpet":31,"minecraft:redstone_lamp":1,"minecraft:lime_concrete":1,"minecraft:brown_carpet":3,"minecraft:end_crystal":5,"minecraft:purple_bed":191,"minecraft:oak_sapling":1,"minecraft:repeating_command_block":141,"minecraft:smooth_stone_slab":8,"minecraft:yellow_bed":803,"minecraft:end_stone_brick_stairs":45,"minecraft:white_concrete":139,"minecraft:observer":16,"minecraft:purple_wool":631,"minecraft:bone_meal":6,"minecraft:purple_carpet":201},"minecraft:custom":{"minecraft:mob_kills":26,"minecraft:tune_noteblock":57,"minecraft:play_one_minute":1660954,"minecraft:leave_game":114,"minecraft:time_since_death":3219,"minecraft:time_since_rest":3257,"minecraft:sprint_one_cm":3020663,"minecraft:damage_taken":181830,"minecraft:walk_one_cm":969379,"minecraft:drop":132,"minecraft:damage_dealt":3462,"minecraft:swim_one_cm":309,"minecraft:fly_one_cm":9054311,"minecraft:crouch_one_cm":85133,"minecraft:deaths":265,"minecraft:sneak_time":97832,"minecraft:walk_under_water_one_cm":2678,"minecraft:jump":14000,"minecraft:walk_on_water_one_cm":15579,"minecraft:fall_one_cm":326829},"minecraft:picked_up":{"minecraft:black_carpet":41,"minecraft:repeater":11,"minecraft:orange_carpet":1,"minecraft:birch_button":1,"minecraft:blue_bed":8,"minecraft:red_bed":42,"minecraft:smooth_stone_slab":23,"minecraft:purple_carpet":48,"minecraft:item_frame":1,"minecraft:white_carpet":2,"minecraft:red_carpet":2,"minecraft:oak_sign":1,"minecraft:gray_carpet":1,"minecraft:acacia_sign":1,"minecraft:cobblestone_slab":27,"minecraft:torch":5,"minecraft:green_bed":2,"minecraft:sand":1,"minecraft:stone_button":2,"minecraft:white_bed":37,"minecraft:cyan_bed":9,"minecraft:redstone":14,"minecraft:orange_bed":1,"minecraft:purple_bed":6,"minecraft:black_concrete":1,"minecraft:lever":1,"minecraft:birch_sign":32,"minecraft:nether_star":5},"minecraft:killed_by":{"minecraft:enderman":26,"minecraft:ender_dragon":77}},"DataVersion":2567}