{"stats":{"minecraft:dropped":{"minecraft:oak_leaves":1,"minecraft:blue_stained_glass":1,"minecraft:black_wool":1,"minecraft:redstone":1},"minecraft:custom":{"minecraft:time_since_rest":392591,"minecraft:sprint_one_cm":74515,"minecraft:open_enderchest":2,"minecraft:walk_one_cm":534987,"minecraft:mob_kills":2,"minecraft:drop":4,"minecraft:damage_dealt":240,"minecraft:play_record":3,"minecraft:tune_noteblock":34,"minecraft:interact_with_crafting_table":1,"minecraft:fly_one_cm":4573445,"minecraft:open_chest":9,"minecraft:crouch_one_cm":73084,"minecraft:play_one_minute":500678,"minecraft:deaths":1,"minecraft:sneak_time":34180,"minecraft:walk_under_water_one_cm":89,"minecraft:jump":1257,"minecraft:interact_with_brewingstand":4,"minecraft:leave_game":58,"minecraft:walk_on_water_one_cm":215,"minecraft:time_since_death":392557,"minecraft:climb_one_cm":4484},"minecraft:picked_up":{"minecraft:stripped_oak_log":1,"minecraft:stick":2,"minecraft:nether_wart":1,"minecraft:porkchop":3,"minecraft:music_disc_cat":1,"minecraft:lantern":1,"minecraft:oak_sign":3,"minecraft:wheat_seeds":119,"minecraft:oak_sapling":1,"minecraft:blaze_powder":63,"minecraft:music_disc_chirp":2},"minecraft:killed":{"minecraft:pig":2},"minecraft:used":{"minecraft:redstone_torch":27,"minecraft:oak_log":38,"minecraft:jack_o_lantern":4,"minecraft:sea_lantern":459,"minecraft:writable_book":13,"minecraft:iron_ore":16,"minecraft:acacia_log":125,"minecraft:command_block":177,"minecraft:sunflower":1,"minecraft:iron_block":36,"minecraft:grass_block":318,"minecraft:oak_planks":52,"minecraft:redstone":8,"minecraft:quartz_block":333,"minecraft:stone_button":1,"minecraft:oak_sign":44,"minecraft:smooth_quartz":4,"minecraft:stone_bricks":2,"minecraft:oak_leaves":14,"minecraft:bedrock":8,"minecraft:diamond_sword":4,"minecraft:repeater":44,"minecraft:potion":1,"minecraft:written_book":2,"minecraft:bubble_coral_block":2,"minecraft:note_block":5,"minecraft:painting":9,"minecraft:air":4438,"minecraft:bone_meal":69,"minecraft:jukebox":1,"minecraft:splash_potion":1,"minecraft:milk_bucket":1}},"DataVersion":1968}