{"stats":{"minecraft:killed_by":{"minecraft:player":1},"minecraft:custom":{"minecraft:inspect_dropper":1,"minecraft:interact_with_anvil":6,"minecraft:mob_kills":28,"minecraft:inspect_hopper":3,"minecraft:interact_with_crafting_table":2,"minecraft:open_barrel":4,"minecraft:open_shulker_box":1,"minecraft:leave_game":22,"minecraft:time_since_death":23264,"minecraft:climb_one_cm":8678,"minecraft:sprint_one_cm":991942,"minecraft:walk_one_cm":2913832,"minecraft:drop":16,"minecraft:talked_to_villager":3,"minecraft:target_hit":2,"minecraft:deaths":9,"minecraft:sneak_time":36572,"minecraft:walk_under_water_one_cm":2905,"minecraft:interact_with_lectern":9,"minecraft:jump":3018,"minecraft:interact_with_brewingstand":5,"minecraft:interact_with_blast_furnace":6,"minecraft:walk_on_water_one_cm":6171,"minecraft:play_record":9,"minecraft:play_one_minute":1325973,"minecraft:pot_flower":21,"minecraft:time_since_rest":23289,"minecraft:damage_taken":370,"minecraft:damage_dealt":1260,"minecraft:interact_with_beacon":3,"minecraft:swim_one_cm":7757,"minecraft:fly_one_cm":13486559,"minecraft:player_kills":1,"minecraft:open_chest":11,"minecraft:crouch_one_cm":40529,"minecraft:aviate_one_cm":609049,"minecraft:fall_one_cm":756,"minecraft:inspect_dispenser":6,"minecraft:horse_one_cm":52771},"minecraft:used":{"minecraft:iron_bars":76,"minecraft:light_blue_stained_glass_pane":8,"minecraft:petrified_oak_slab":5,"minecraft:nether_brick_fence":4,"minecraft:trident":150,"minecraft:blue_terracotta":182,"minecraft:writable_book":20,"minecraft:enchanting_table":1,"minecraft:flint_and_steel":8,"minecraft:dispenser":2,"minecraft:smooth_quartz_slab":99,"minecraft:redstone_ore":1,"minecraft:armor_stand":9,"minecraft:redstone":225,"minecraft:spruce_slab":423,"minecraft:ladder":12,"minecraft:oak_sign":21,"minecraft:light_blue_terracotta":1,"minecraft:polished_basalt":3,"minecraft:spruce_planks":643,"minecraft:chest":7,"minecraft:donkey_spawn_egg":1,"minecraft:white_terracotta":231,"minecraft:stone":17,"minecraft:iron_sword":12,"minecraft:red_nether_brick_stairs":6,"minecraft:quartz_stairs":29,"minecraft:polished_blackstone_wall":4,"minecraft:mossy_stone_brick_slab":13,"minecraft:netherrack":1,"minecraft:stripped_crimson_stem":19,"minecraft:torch":3,"minecraft:spruce_leaves":1384,"minecraft:orange_stained_glass":2,"minecraft:brewing_stand":1,"minecraft:dirt":62,"minecraft:anvil":22,"minecraft:red_nether_brick_slab":31,"minecraft:hopper":3,"minecraft:blue_stained_glass":11,"minecraft:spruce_stairs":35,"minecraft:cobblestone_wall":8,"minecraft:warped_door":9,"minecraft:dead_tube_coral":1,"minecraft:pink_terracotta":19,"minecraft:spruce_fence":19,"minecraft:warped_pressure_plate":1,"minecraft:light_blue_stained_glass":13,"minecraft:blue_concrete":11,"minecraft:nether_brick_stairs":5,"minecraft:obsidian":14,"minecraft:polished_diorite":30,"minecraft:brown_terracotta":40,"minecraft:dark_oak_planks":1162,"minecraft:purple_stained_glass_pane":63,"minecraft:mossy_cobblestone_stairs":48,"minecraft:crimson_button":1,"minecraft:stone_brick_slab":86,"minecraft:warped_hyphae":1,"minecraft:sea_lantern":12,"minecraft:yellow_stained_glass":2,"minecraft:lava_bucket":1,"minecraft:coal_ore":1,"minecraft:bricks":47,"minecraft:light_gray_stained_glass":20,"minecraft:bookshelf":234,"minecraft:quartz_slab":40,"minecraft:villager_spawn_egg":1,"minecraft:music_disc_pigstep":8,"minecraft:black_stained_glass_pane":1,"minecraft:red_wool":312,"minecraft:lantern":14,"minecraft:grass_block":512,"minecraft:oak_stairs":29,"minecraft:polished_andesite_stairs":1,"minecraft:crimson_slab":74,"minecraft:polished_blackstone_brick_wall":4,"minecraft:warped_nylium":13,"minecraft:chicken_spawn_egg":1,"minecraft:light_blue_bed":6,"minecraft:dark_oak_leaves":29,"minecraft:dark_oak_slab":924,"minecraft:mossy_cobblestone_slab":17,"minecraft:smooth_quartz":136,"minecraft:stone_brick_stairs":192,"minecraft:music_disc_wait":1,"minecraft:dark_oak_button":4,"minecraft:crimson_planks":251,"minecraft:barrel":20,"minecraft:stone_bricks":136,"minecraft:item_frame":3,"minecraft:repeater":331,"minecraft:bedrock":5,"minecraft:red_stained_glass_pane":51,"minecraft:birch_button":1,"minecraft:basalt":2,"minecraft:tripwire_hook":1,"minecraft:warped_stairs":1,"minecraft:purple_concrete":18,"minecraft:red_carpet":23,"minecraft:redstone_lamp":11,"minecraft:brown_carpet":174,"minecraft:bow":25,"minecraft:magenta_terracotta":1,"minecraft:dark_oak_pressure_plate":6,"minecraft:soul_soil":9,"minecraft:wolf_spawn_egg":4,"minecraft:furnace":2,"minecraft:podzol":48,"minecraft:gray_bed":36,"minecraft:stone_pressure_plate":13,"minecraft:crimson_pressure_plate":1,"minecraft:gray_banner":5,"minecraft:end_stone_brick_stairs":4,"minecraft:light_gray_bed":3,"minecraft:orange_stained_glass_pane":17,"minecraft:dead_brain_coral_fan":1,"minecraft:dead_bubble_coral_fan":2,"minecraft:brown_bed":2,"minecraft:crimson_stem":30,"minecraft:emerald_ore":1,"minecraft:water_bucket":26,"minecraft:dark_oak_stairs":1328,"minecraft:mossy_stone_bricks":16,"minecraft:end_rod":2,"minecraft:iron_ore":1,"minecraft:cobblestone_stairs":111,"minecraft:spruce_door":19,"minecraft:birch_leaves":40,"minecraft:red_stained_glass":1,"minecraft:gray_carpet":88,"minecraft:polished_andesite":21,"minecraft:oak_planks":12,"minecraft:blue_wool":98,"minecraft:ender_pearl":22,"minecraft:mossy_stone_brick_stairs":41,"minecraft:redstone_block":128,"minecraft:composter":2,"minecraft:spruce_sign":1,"minecraft:magenta_stained_glass":25,"minecraft:beacon":3,"minecraft:cobblestone_slab":60,"minecraft:horse_spawn_egg":1,"minecraft:gold_ore":1,"minecraft:oak_leaves":3,"minecraft:gilded_blackstone":1,"minecraft:pink_concrete":23,"minecraft:polished_blackstone_pressure_plate":2,"minecraft:mossy_cobblestone":18,"minecraft:dark_oak_trapdoor":12,"minecraft:diamond_block":6,"minecraft:vine":47,"minecraft:yellow_terracotta":35,"minecraft:oak_slab":17,"minecraft:dark_prismarine_slab":1,"minecraft:tnt":61,"minecraft:crafting_table":4,"minecraft:crimson_trapdoor":53,"minecraft:light_blue_wool":22,"minecraft:brown_banner":27,"minecraft:birch_sign":1,"minecraft:blast_furnace":8,"minecraft:light_gray_terracotta":130,"minecraft:yellow_stained_glass_pane":9,"minecraft:acacia_leaves":3,"minecraft:purple_terracotta":1,"minecraft:blackstone_wall":4,"minecraft:stone_brick_wall":16,"minecraft:painting":74,"minecraft:end_stone":12,"minecraft:spruce_log":1792,"minecraft:warped_planks":78,"minecraft:dark_oak_door":23,"minecraft:crimson_fence_gate":1,"minecraft:nether_gold_ore":4,"minecraft:birch_fence":2,"minecraft:redstone_torch":16,"minecraft:purple_stained_glass":31,"minecraft:black_terracotta":18,"minecraft:blue_stained_glass_pane":13,"minecraft:piston":3,"minecraft:lever":15,"minecraft:flower_pot":102,"minecraft:black_wool":146,"minecraft:black_concrete":104,"minecraft:warped_trapdoor":17,"minecraft:firework_rocket":3,"minecraft:diamond_shovel":129,"minecraft:dead_fire_coral":1,"minecraft:gray_stained_glass_pane":53,"minecraft:command_block":44,"minecraft:birch_slab":52,"minecraft:heavy_weighted_pressure_plate":3,"minecraft:barrier":19,"minecraft:oak_button":2,"minecraft:brown_wool":140,"minecraft:brown_stained_glass":1,"minecraft:warped_slab":6,"minecraft:stone_button":9,"minecraft:lapis_ore":1,"minecraft:spruce_pressure_plate":18,"minecraft:red_terracotta":245,"minecraft:spruce_trapdoor":34,"minecraft:oak_pressure_plate":2,"minecraft:diamond_ore":1,"minecraft:iron_door":1,"minecraft:spruce_sapling":40,"minecraft:crimson_nylium":32,"minecraft:soul_lantern":60,"minecraft:magenta_stained_glass_pane":28,"minecraft:diamond_sword":16,"minecraft:cobblestone":105,"minecraft:stripped_crimson_hyphae":8,"minecraft:crimson_stairs":196,"minecraft:dark_oak_fence":135,"minecraft:warped_fence_gate":1,"minecraft:lapis_block":11,"minecraft:white_stained_glass":6,"minecraft:crimson_door":14,"minecraft:chain_command_block":141,"minecraft:chain":161,"minecraft:grass_path":16,"minecraft:ice":1,"minecraft:smooth_stone_slab":5,"minecraft:wither_rose":2,"minecraft:polished_blackstone_button":12,"minecraft:cobweb":37,"minecraft:birch_stairs":35,"minecraft:white_concrete":35,"minecraft:coarse_dirt":79,"minecraft:warped_button":1,"minecraft:gray_wool":45,"minecraft:bone_meal":82,"minecraft:smooth_stone":18,"minecraft:jukebox":11,"minecraft:purple_wool":22,"minecraft:soul_torch":4,"minecraft:diorite_slab":1,"minecraft:gray_stained_glass":32},"minecraft:crafted":{"minecraft:leather_helmet":1},"minecraft:killed":{"minecraft:horse":1,"minecraft:chicken":16,"minecraft:wolf":4,"minecraft:ender_dragon":1,"minecraft:donkey":1,"minecraft:villager":1,"minecraft:enderman":4},"minecraft:picked_up":{"minecraft:chicken":3,"minecraft:redstone_block":1,"minecraft:anvil":11,"minecraft:wither_rose":68,"minecraft:white_carpet":2,"minecraft:oak_sign":3,"minecraft:shroomlight":5,"minecraft:blue_orchid":1,"minecraft:dark_oak_door":8,"minecraft:spruce_pressure_plate":5,"minecraft:stick":1,"minecraft:end_stone":1,"minecraft:torch":5,"minecraft:spruce_stairs":1,"minecraft:music_disc_pigstep":6,"minecraft:redstone":3,"minecraft:brown_carpet":7,"minecraft:stone_pressure_plate":5,"minecraft:black_dye":1,"minecraft:red_tulip":1,"minecraft:white_terracotta":1,"minecraft:music_disc_wait":3,"minecraft:feather":2,"minecraft:repeater":2,"minecraft:leather":2,"minecraft:cobweb":1,"minecraft:spruce_sapling":5,"minecraft:grass_block":1,"minecraft:dragon_egg":1,"minecraft:light_gray_terracotta":1,"minecraft:soul_lantern":11,"minecraft:gray_banner":2,"minecraft:lever":1,"minecraft:writable_book":2,"minecraft:brown_banner":2},"minecraft:dropped":{"minecraft:music_disc_pigstep":4,"minecraft:spruce_stairs":1,"minecraft:grass_block":1,"minecraft:cobweb":1,"minecraft:writable_book":1,"minecraft:music_disc_wait":2,"minecraft:anvil":2,"minecraft:jukebox":1,"minecraft:tipped_arrow":128,"minecraft:bow":1}},"DataVersion":2567}