{"stats":{"minecraft:picked_up":{"minecraft:chicken":9,"minecraft:ladder":2,"minecraft:anvil":1,"minecraft:wither_rose":67,"minecraft:heavy_weighted_pressure_plate":2,"minecraft:glass_pane":1,"minecraft:oak_sign":2,"minecraft:blue_orchid":1,"minecraft:spruce_planks":1,"minecraft:dark_oak_door":3,"minecraft:tipped_arrow":128,"minecraft:stick":10,"minecraft:torch":5,"minecraft:music_disc_11":1,"minecraft:music_disc_pigstep":10,"minecraft:redstone":2,"minecraft:stone_pressure_plate":1,"minecraft:brown_carpet":1,"minecraft:arrow":1,"minecraft:music_disc_ward":1,"minecraft:brick_stairs":1,"minecraft:music_disc_wait":4,"minecraft:feather":11,"minecraft:dark_oak_button":4,"minecraft:cobblestone_stairs":1,"minecraft:dirt":16,"minecraft:bow":1,"minecraft:dark_oak_stairs":1,"minecraft:music_disc_13":1,"minecraft:spruce_sapling":14,"minecraft:spruce_door":3,"minecraft:dragon_egg":1,"minecraft:soul_lantern":7,"minecraft:gray_banner":2,"minecraft:lever":2,"minecraft:writable_book":4,"minecraft:light_gray_carpet":1},"minecraft:crafted":{"minecraft:leather_helmet":1},"minecraft:custom":{"minecraft:inspect_dropper":1,"minecraft:mob_kills":2,"minecraft:interact_with_crafting_table":4,"minecraft:open_barrel":6,"minecraft:time_since_death":1027,"minecraft:leave_game":32,"minecraft:climb_one_cm":6179,"minecraft:sprint_one_cm":863877,"minecraft:walk_one_cm":1962557,"minecraft:drop":31,"minecraft:target_hit":9,"minecraft:deaths":17,"minecraft:sneak_time":44391,"minecraft:walk_under_water_one_cm":9887,"minecraft:interact_with_lectern":10,"minecraft:jump":3582,"minecraft:interact_with_brewingstand":1,"minecraft:interact_with_blast_furnace":8,"minecraft:walk_on_water_one_cm":16274,"minecraft:play_record":13,"minecraft:play_one_minute":1354261,"minecraft:time_since_rest":1048,"minecraft:damage_taken":1330,"minecraft:damage_dealt":40,"minecraft:interact_with_beacon":3,"minecraft:swim_one_cm":10666,"minecraft:fly_one_cm":13823626,"minecraft:open_chest":10,"minecraft:crouch_one_cm":57264,"minecraft:aviate_one_cm":550713,"minecraft:fall_one_cm":10460,"minecraft:inspect_dispenser":5},"minecraft:killed":{"minecraft:enderman":2},"minecraft:used":{"minecraft:oak_fence":1,"minecraft:oak_trapdoor":2,"minecraft:petrified_oak_slab":18,"minecraft:music_disc_far":1,"minecraft:nether_brick_fence":2,"minecraft:trident":26,"minecraft:writable_book":16,"minecraft:blue_terracotta":547,"minecraft:iron_bars":75,"minecraft:crimson_fence":18,"minecraft:light_gray_stained_glass_pane":10,"minecraft:flint_and_steel":5,"minecraft:smooth_quartz_slab":46,"minecraft:dispenser":4,"minecraft:armor_stand":10,"minecraft:redstone":65,"minecraft:spruce_slab":332,"minecraft:oak_sign":25,"minecraft:ladder":6,"minecraft:poppy":6,"minecraft:light_gray_carpet":20,"minecraft:light_blue_terracotta":67,"minecraft:spruce_planks":668,"minecraft:chest":25,"minecraft:white_terracotta":996,"minecraft:stone":453,"minecraft:stripped_jungle_wood":1,"minecraft:quartz_stairs":6,"minecraft:stripped_birch_wood":2,"minecraft:grass":1,"minecraft:player_head":1,"minecraft:stripped_crimson_stem":5,"minecraft:spruce_leaves":2439,"minecraft:soul_campfire":2,"minecraft:torch":77,"minecraft:anvil":8,"minecraft:brewing_stand":10,"minecraft:dirt":20,"minecraft:red_nether_brick_slab":1,"minecraft:target":4,"minecraft:white_carpet":2,"minecraft:hopper":1,"minecraft:blue_stained_glass":4,"minecraft:spruce_stairs":59,"minecraft:cobblestone_wall":23,"minecraft:crimson_hyphae":1,"minecraft:warped_door":11,"minecraft:shulker_box":1,"minecraft:pink_terracotta":6,"minecraft:oak_wood":1,"minecraft:jungle_trapdoor":1,"minecraft:music_disc_11":1,"minecraft:music_disc_13":1,"minecraft:spruce_fence":32,"minecraft:obsidian":15,"minecraft:polished_diorite":25,"minecraft:shroomlight":5,"minecraft:purple_stained_glass_pane":51,"minecraft:mossy_cobblestone_stairs":23,"minecraft:glass":11,"minecraft:stone_brick_slab":31,"minecraft:dark_oak_planks":1528,"minecraft:sea_lantern":48,"minecraft:cyan_terracotta":8,"minecraft:bricks":27,"minecraft:light_gray_stained_glass":9,"minecraft:red_tulip":3,"minecraft:bookshelf":281,"minecraft:warped_hyphae":1,"minecraft:quartz_slab":14,"minecraft:music_disc_pigstep":6,"minecraft:grass_block":794,"minecraft:red_wool":528,"minecraft:black_stained_glass_pane":31,"minecraft:lantern":15,"minecraft:blue_orchid":3,"minecraft:oak_stairs":69,"minecraft:smooth_sandstone":1,"minecraft:brick_stairs":6,"minecraft:spruce_button":1,"minecraft:music_disc_ward":2,"minecraft:quartz_block":4,"minecraft:green_wool":43,"minecraft:crimson_slab":147,"minecraft:warped_nylium":10,"minecraft:chicken_spawn_egg":43,"minecraft:light_blue_bed":8,"minecraft:dark_oak_slab":963,"minecraft:mossy_cobblestone_slab":21,"minecraft:smooth_quartz":68,"minecraft:music_disc_wait":2,"minecraft:dark_oak_button":110,"minecraft:pink_wool":5,"minecraft:crimson_planks":65,"minecraft:stone_brick_stairs":35,"minecraft:stone_bricks":22,"minecraft:tall_grass":2,"minecraft:magenta_terracotta":5,"minecraft:repeater":90,"minecraft:bedrock":24,"minecraft:light_gray_wool":1146,"minecraft:warped_stairs":105,"minecraft:tripwire_hook":15,"minecraft:purple_concrete":4,"minecraft:dark_oak_pressure_plate":13,"minecraft:brown_carpet":153,"minecraft:red_carpet":33,"minecraft:redstone_lamp":4,"minecraft:lime_concrete":3,"minecraft:bow":38,"minecraft:iron_trapdoor":3,"minecraft:warped_fungus":2,"minecraft:hay_block":4,"minecraft:soul_soil":12,"minecraft:furnace":2,"minecraft:white_stained_glass_pane":12,"minecraft:podzol":6,"minecraft:gray_bed":19,"minecraft:cyan_concrete_powder":2,"minecraft:stone_pressure_plate":7,"minecraft:gray_banner":13,"minecraft:acacia_planks":2,"minecraft:observer":1,"minecraft:turtle_egg":1,"minecraft:light_gray_bed":3,"minecraft:crimson_stem":1,"minecraft:water_bucket":20,"minecraft:dark_oak_stairs":1250,"minecraft:mossy_stone_bricks":2,"minecraft:warped_stem":2,"minecraft:end_rod":5,"minecraft:cobblestone_stairs":285,"minecraft:sandstone_stairs":4,"minecraft:spruce_door":5,"minecraft:dropper":2,"minecraft:birch_planks":12,"minecraft:birch_leaves":36,"minecraft:acacia_trapdoor":1,"minecraft:gray_carpet":34,"minecraft:blackstone_stairs":3,"minecraft:oak_planks":58,"minecraft:blue_wool":22,"minecraft:ender_pearl":20,"minecraft:mossy_stone_brick_stairs":6,"minecraft:redstone_block":330,"minecraft:spruce_sign":4,"minecraft:magenta_stained_glass":5,"minecraft:beacon":4,"minecraft:stonecutter":1,"minecraft:cobblestone_slab":208,"minecraft:polished_blackstone_bricks":2,"minecraft:oak_leaves":46,"minecraft:white_wool":33,"minecraft:respawn_anchor":5,"minecraft:mossy_cobblestone":4,"minecraft:dark_oak_trapdoor":31,"minecraft:diamond_block":31,"minecraft:sand":10,"minecraft:vine":18,"minecraft:comparator":2,"minecraft:yellow_terracotta":22,"minecraft:oak_slab":37,"minecraft:tnt":227,"minecraft:crafting_table":5,"minecraft:crimson_trapdoor":14,"minecraft:red_bed":3,"minecraft:blast_furnace":2,"minecraft:light_blue_wool":26,"minecraft:brown_banner":5,"minecraft:black_banner":7,"minecraft:light_gray_terracotta":1,"minecraft:crossbow":2,"minecraft:campfire":6,"minecraft:dark_oak_fence_gate":8,"minecraft:purple_terracotta":5,"minecraft:gray_concrete":6,"minecraft:painting":77,"minecraft:end_stone":32,"minecraft:spruce_log":2923,"minecraft:warped_planks":85,"minecraft:dark_oak_door":42,"minecraft:nether_gold_ore":10,"minecraft:redstone_torch":8,"minecraft:oak_log":13,"minecraft:purple_stained_glass":31,"minecraft:black_terracotta":72,"minecraft:gray_terracotta":6,"minecraft:oxeye_daisy":7,"minecraft:warped_trapdoor":41,"minecraft:lever":4,"minecraft:ender_eye":12,"minecraft:black_wool":50,"minecraft:black_concrete":10,"minecraft:firework_rocket":21,"minecraft:diamond_shovel":333,"minecraft:command_block":97,"minecraft:dark_oak_log":8,"minecraft:gray_stained_glass_pane":59,"minecraft:light_gray_concrete":7,"minecraft:cracked_polished_blackstone_bricks":3,"minecraft:barrier":107,"minecraft:oak_button":5,"minecraft:brown_wool":524,"minecraft:warped_slab":53,"minecraft:stone_button":3,"minecraft:spruce_pressure_plate":6,"minecraft:lectern":1,"minecraft:stone_slab":33,"minecraft:red_terracotta":25,"minecraft:spruce_trapdoor":24,"minecraft:oak_pressure_plate":1,"minecraft:iron_door":1,"minecraft:spruce_sapling":1705,"minecraft:crimson_nylium":6,"minecraft:yellow_wool":9,"minecraft:soul_lantern":43,"minecraft:magenta_stained_glass_pane":49,"minecraft:stripped_warped_hyphae":62,"minecraft:cobblestone":142,"minecraft:stripped_crimson_hyphae":10,"minecraft:crimson_stairs":24,"minecraft:dark_oak_fence":132,"minecraft:glass_pane":48,"minecraft:chain":39,"minecraft:white_stained_glass":19,"minecraft:crimson_door":3,"minecraft:chain_command_block":92,"minecraft:mossy_cobblestone_wall":1,"minecraft:grass_path":3,"minecraft:smooth_stone_slab":22,"minecraft:repeating_command_block":11,"minecraft:wither_rose":14,"minecraft:end_portal_frame":12,"minecraft:polished_blackstone_button":8,"minecraft:dandelion":5,"minecraft:white_concrete":23,"minecraft:coarse_dirt":2,"minecraft:warped_button":5,"minecraft:gray_wool":38,"minecraft:cobweb":6,"minecraft:bone_meal":4,"minecraft:jukebox":7,"minecraft:purple_wool":20,"minecraft:birch_stairs":6,"minecraft:gray_stained_glass":50},"minecraft:killed_by":{"minecraft:player":1},"minecraft:dropped":{"minecraft:black_dye":1,"minecraft:dark_oak_stairs":2,"minecraft:music_disc_pigstep":3,"minecraft:spruce_stairs":1,"minecraft:cobblestone_stairs":4,"minecraft:music_disc_wait":2,"minecraft:dark_oak_planks":1,"minecraft:dark_oak_door":1,"minecraft:light_gray_terracotta":1,"minecraft:white_terracotta":1,"minecraft:glass_pane":1,"minecraft:shroomlight":7,"minecraft:turtle_helmet":1,"minecraft:brick_stairs":3,"minecraft:spruce_planks":1,"minecraft:arrow":1}},"DataVersion":2567}