{"stats":{"minecraft:dropped":{"minecraft:writable_book":1},"minecraft:used":{"minecraft:redstone_torch":2,"minecraft:shroomlight":1,"minecraft:dark_oak_stairs":4,"minecraft:dark_oak_planks":3,"minecraft:writable_book":2,"minecraft:iron_bars":4,"minecraft:bricks":2,"minecraft:gray_stained_glass_pane":2,"minecraft:armor_stand":1,"minecraft:birch_leaves":25,"minecraft:stone":1,"minecraft:spruce_sapling":25,"minecraft:grass":13,"minecraft:cobblestone_slab":20,"minecraft:vine":21,"minecraft:tall_grass":21,"minecraft:crafting_table":1,"minecraft:chain":6,"minecraft:painting":3,"minecraft:spruce_log":7,"minecraft:cobweb":1},"minecraft:picked_up":{"minecraft:crafting_table":1,"minecraft:dark_oak_planks":9,"minecraft:armor_stand":1,"minecraft:shroomlight":2,"minecraft:painting":3,"minecraft:dark_oak_stairs":1},"minecraft:custom":{"minecraft:time_since_rest":35768,"minecraft:sprint_one_cm":28613,"minecraft:walk_one_cm":387897,"minecraft:drop":1,"minecraft:damage_dealt":0,"minecraft:fly_one_cm":75710,"minecraft:interact_with_crafting_table":1,"minecraft:open_barrel":5,"minecraft:open_chest":5,"minecraft:play_one_minute":49325,"minecraft:crouch_one_cm":578,"minecraft:sneak_time":404,"minecraft:interact_with_lectern":1,"minecraft:jump":80,"minecraft:leave_game":1,"minecraft:time_since_death":49325,"minecraft:sleep_in_bed":3,"minecraft:climb_one_cm":2802},"minecraft:crafted":{"minecraft:crafting_table":1,"minecraft:stick":4,"minecraft:wooden_pickaxe":1},"minecraft:mined":{"minecraft:crafting_table":1,"minecraft:dark_oak_stairs":1,"minecraft:dark_oak_planks":10}},"DataVersion":2567}