{"stats":{"minecraft:killed_by":{"minecraft:husk":2,"minecraft:wither_skeleton":10,"minecraft:skeleton":9,"minecraft:zombie":15},"minecraft:used":{"minecraft:netherite_sword":57,"minecraft:water_bucket":6,"minecraft:stone_sword":391,"minecraft:redstone":175,"minecraft:lime_wool":174,"minecraft:iron_sword":512,"minecraft:redstone_block":136,"minecraft:player_head":3,"minecraft:rail":8,"minecraft:dirt":1,"minecraft:terracotta":32,"minecraft:anvil":1,"minecraft:comparator":12,"minecraft:hopper":16,"minecraft:light_blue_wool":336,"minecraft:birch_sign":15,"minecraft:orange_wool":23,"minecraft:crossbow":161,"minecraft:stone_brick_wall":2,"minecraft:lingering_potion":1,"minecraft:sticky_piston":16,"minecraft:redstone_torch":15,"minecraft:black_terracotta":23,"minecraft:brown_terracotta":18,"minecraft:black_concrete":9,"minecraft:lava_bucket":17,"minecraft:command_block":230,"minecraft:red_wool":24,"minecraft:iron_axe":749,"minecraft:barrier":9,"minecraft:iron_pickaxe":269,"minecraft:stone_button":12,"minecraft:green_wool":33,"minecraft:smooth_quartz":342,"minecraft:repeater":36,"minecraft:redstone_lamp":4,"minecraft:potion":1,"minecraft:wooden_sword":4,"minecraft:glowstone":18,"minecraft:bow":82,"minecraft:glass_pane":15,"minecraft:gold_block":1,"minecraft:stone_pressure_plate":1,"minecraft:cooked_beef":152,"minecraft:air":3055,"minecraft:observer":20,"minecraft:purple_wool":60,"minecraft:splash_potion":326},"minecraft:custom":{"minecraft:interact_with_anvil":1,"minecraft:mob_kills":1780,"minecraft:inspect_hopper":7,"minecraft:play_one_minute":1209139,"minecraft:leave_game":33,"minecraft:time_since_death":1496,"minecraft:damage_resisted":5954,"minecraft:time_since_rest":1496,"minecraft:sprint_one_cm":1384969,"minecraft:damage_taken":26228,"minecraft:walk_one_cm":2504469,"minecraft:drop":633,"minecraft:damage_dealt":157455,"minecraft:swim_one_cm":5677,"minecraft:fly_one_cm":4559570,"minecraft:crouch_one_cm":15115,"minecraft:deaths":67,"minecraft:sneak_time":17121,"minecraft:walk_under_water_one_cm":4088,"minecraft:jump":6172,"minecraft:walk_on_water_one_cm":21409,"minecraft:fall_one_cm":60498},"minecraft:killed":{"minecraft:piglin":8,"minecraft:husk":602,"minecraft:sheep":4,"minecraft:skeleton":249,"minecraft:pillager":9,"minecraft:zombie":444,"minecraft:wither_skeleton":344},"minecraft:picked_up":{"minecraft:purple_wool":64,"minecraft:leather_chestplate":62,"minecraft:cooked_beef":576,"minecraft:splash_potion":1,"minecraft:repeater":2,"minecraft:leather_leggings":73,"minecraft:leather":4,"minecraft:iron_axe":7,"minecraft:leather_boots":78,"minecraft:bow":5,"minecraft:observer":1,"minecraft:iron_pickaxe":15,"minecraft:iron_sword":30,"minecraft:lime_wool":192,"minecraft:stick":50,"minecraft:red_wool":5,"minecraft:stone_button":1,"minecraft:redstone":5,"minecraft:orange_wool":23,"minecraft:stone_sword":2,"minecraft:arrow":459,"minecraft:rotten_flesh":3,"minecraft:light_blue_wool":403,"minecraft:black_concrete":1,"minecraft:crossbow":35,"minecraft:green_wool":2,"minecraft:gold_ingot":718,"minecraft:mutton":7,"minecraft:white_wool":4},"minecraft:broken":{"minecraft:crossbow":11},"minecraft:dropped":{"minecraft:iron_sword":26,"minecraft:cooked_beef":125,"minecraft:stone_sword":4,"minecraft:crossbow":11,"minecraft:observer":1,"minecraft:stick":38,"minecraft:leather_chestplate":48,"minecraft:light_blue_wool":4,"minecraft:leather_boots":59,"minecraft:potion":2,"minecraft:leather_leggings":54,"minecraft:bow":4,"minecraft:iron_axe":7,"minecraft:arrow":3,"minecraft:iron_pickaxe":10,"minecraft:black_concrete":1,"minecraft:splash_potion":1,"minecraft:gold_ingot":661}},"DataVersion":2567}