{
  "entity_sounds": {
    "entities": {
      "billey:anglerfish": {
        "volume": 1.0,
        "pitch": [ 0.8, 1.2 ],
        "events": {
          "hurt.in.water": "mob.fish.hurt",
          "death.in.water": {
            "sound": "billey.fish.die",
            "pitch": [ 0.6, 0.75 ]
          },
		   "hurt": "mob.fish.hurt",
          "death": {
            "sound": "billey.fish.die",
            "pitch": [ 0.5, 0.58 ]
          },
          "eat": {
            "sound": "billey.fish.chomp",
            "pitch": [ 1.0, 1.1 ]
          },
          "flop": {
            "sound": "mob.fish.flop",
            "volume": 1.0,
            "pitch": 1.0
          },
          "ambient": {
            "sound": "mob.shulker.ambient",
            "pitch": [ 0.8, 0.9 ]
          }
        }
      },
       "billey:swordfish": {
        "volume": 1.0,
        "pitch": [ 0.8, 1.2 ],
        "events": {
          "hurt.in.water": "mob.fish.hurt",
          "death.in.water": {
            "sound": "billey.fish.die",
            "pitch": [ 0.55, 0.65 ]
          },
		   "hurt": "mob.fish.hurt",
          "death": {
            "sound": "billey.fish.die",
            "pitch": [ 0.4, 0.48 ]
          },
          "eat": {
            "sound": "billey.fish.chomp",
            "pitch": [ 1.0, 1.1 ]
          },
          "flop": {
            "sound": "mob.fish.flop",
            "volume": 1.0,
            "pitch": 1.0
          }
        }
      },
      "billey:zombie_cat": {
        "volume": 1.0,
        "pitch": [ 0.8, 1.2 ],
        "events": {
          "ambient.tame": "mob.cat.straymeow",
          "ambient": {
            "sound": "mob.zombie.say",
            "pitch": 1.5
          },
          "hurt": {
            "sound": "mob.cat.hit",
            "volume": 0.45,
            "pitch": 0.6          },
          "death": {
            "sound": "mob.cat.hit",
            "volume": 0.5,
            "pitch": 0.5
          },
          "purr": "mob.cat.purr",
          "purreow": "mob.cat.purreow",
          "eat": "mob.cat.eat"
        }
      },
      "billey:skeleton_cat": {
        "volume": 1.0,
        "pitch": [ 0.8, 1.2 ],
        "events": {
          "ambient": {
            "sound": "mob.skeleton.say",
            "volume": 1.5
          },
          "hurt": {
            "sound": "mob.skeleton.hurt",
            "volume": 0.45,
            "pitch": 1.5          },
          "death": {
            "sound": "mob.skeleton.death",
            "volume": 0.5,
            "pitch": 1.4
          },
          "purr": "mob.cat.purr",
          "purreow": "mob.cat.purreow",
          "eat": "mob.cat.eat"
        }
      },
      "billey:mercat": {
        "volume": 1.0,
        "pitch": [ 0.8, 1.2 ],
        "events": {
          "hurt.in.water": "billey.mercat.hit",
          "death.in.water": {
            "sound": "billey.fish.die",
            "pitch": [ 0.6, 0.75 ]
          },
		   "hurt": "billey.mercat.hit",
          "death": {
            "sound": "billey.fish.die",
            "pitch": [ 0.5, 0.58 ]
          },
          "eat": {
            "sound": "billey.fish.chomp",
            "pitch": [ 1.0, 1.1 ]
          },
          "flop": {
            "sound": "mob.fish.flop",
            "volume": 1.0,
            "pitch": 1.0
          },
          "ambient": {
            "sound": "billey.mercat.say",
            "pitch": [ 0.8, 0.9 ]
          }
        }
      },
      "billey:pigeon": {
        "volume": 1.0,
        "pitch": [ 0.8, 1.2 ],
        "events": {
          "ambient": "billey.pigeon.say",
          "hurt": "billey.pigeon.hit",
          "death": {
            "sound": "billey.pigeon.hit",
            "volume": 1.0,
            "pitch": 0.6
          },
          "step": {
            "sound": "mob.chicken.step",
            "volume": 0.15,
            "pitch": 1.0
          },
          "plop": "mob.chicken.plop"
        }
      },
      "billey:orca": {
        "volume": 1.2,
        "pitch": [ 0.4, 0.8 ],
        "events": {
          "ambient": "mob.dolphin.idle",
          "hurt": "mob.dolphin.hurt",
          "death": {
            "sound": "billey.fish.die",
            "volume": 0.5,
            "pitch": 0.8
          },
          "breathe": "mob.dolphin.blowhole",
          "eat": "mob.dolphin.eat",
          "splash": "mob.dolphin.splash",
          "swim": "mob.dolphin.swim",
          "ambient.in.water": "mob.dolphin.idle_water",
          "hurt.in.water": "mob.dolphin.hurt",
          "death.in.water": {
            "sound": "billey.fish.die",
            "volume": 0.5,
            "pitch": 0.8
          },
          "jump": {
            "sound": "mob.dolphin.jump",
            "volume": 0.5,
            "pitch": 0.8
          },
          "eat": {
            "sound": "billey.fish.chomp",
            "volume": 0.5,
            "pitch": [ 1.0, 1.1 ]
          }
        }
      },
      "billey:pizzafish": {
        "volume": 1.2,
        "pitch": [ 1.2, 1.6 ],
        "events": {
          "ambient": "mob.dolphin.idle",
          "hurt": "mob.dolphin.hurt",
          "death": {
            "sound": "billey.fish.die",
            "volume": 0.5,
            "pitch": [ 1.0, 0.8 ]
          },
          "breathe": "mob.dolphin.blowhole",
          "eat": "mob.dolphin.eat",
          "splash": "mob.dolphin.splash",
          "swim": "mob.dolphin.swim",
          "ambient.in.water": "mob.dolphin.idle_water",
          "hurt.in.water": "mob.dolphin.hurt",
          "death.in.water": {
            "sound": "billey.fish.die",
            "volume": 0.5,
            "pitch": [ 1.0, 0.8 ]
          },
          "eat": {
            "sound": "billey.fish.chomp",
            "pitch": [ 1.1, 1.2 ]
          },
          "flop": {
            "sound": "mob.fish.flop",
            "volume": 1.0,
            "pitch": 1.0
          }
        }
      },
       "billey:gwshark": {
        "volume": 1.0,
        "pitch": [ 0.4, 0.6 ],
        "events": {
          "hurt.in.water": "mob.fish.hurt",
          "death.in.water": {
            "sound": "billey.fish.die",
            "pitch": [ 0.5, 0.6 ]
          },
		   "hurt": "mob.fish.hurt",
          "death": {
            "sound": "billey.fish.die",
            "pitch": [ 0.5, 0.6 ]
          },
          "flop": {
            "sound": "mob.fish.flop",
            "volume": 1.0,
            "pitch": 0.6
          }
        }
      },
      "billey:endercat": {
        "volume": 1.0,
        "pitch": [ 1.2, 1.6 ],
        "events": {
          "ambient": "mob.endermen.idle",
          "hurt": "mob.endermen.hit",
          "death": "mob.endermen.death",
          "mad": "mob.endermen.scream",
          "stare": {
            "sound": "mob.endermen.stare",
            "volume": 1.4,
            "pitch": 1.4
          }
        }
      },
      "billey:flyingcat": {
        "volume": 1.0,
        "pitch": [ 0.8, 1.2 ],
        "events": {
          "ambient.tame": "mob.cat.meow",
          "ambient": "mob.cat.straymeow",
          "hurt": {
            "sound": "mob.cat.hit",
            "volume": 0.45
          },
          "death": {
            "sound": "mob.cat.hit",
            "volume": 0.5,
            "pitch": 0.9
          },
          "purr": "mob.cat.purr",
          "purreow": "mob.cat.purreow",
          "eat": "mob.cat.eat"
        }
      },
      "billey:picklepet": {
        "volume": 1.0,
        "pitch": [ 0.8, 1.2 ],
        "events": {
          "ambient": {
              "sound": "mob.shulker.ambient",
            "volume": 1.0,
            "pitch": 1.7 },
          "hurt": "mob.slime.small",
          "step": {
            "sound": "mob.chicken.step",
            "volume": 0.15,
            "pitch": 1.0
          },
          "plop": {
              "sound": "mob.slime.big",
            "volume": 1.0,
            "pitch": 0.2 },
          "death": {
            "sound": "billey.fish.die",
            "volume": 1.0,
            "pitch": [ 1.05, 1.15 ]
          }
        }
      },
      "billey:endflyingcat": {
        "volume": 1.0,
        "pitch": [ 1.2, 1.6 ],
        "events": {
          "ambient": "mob.endermen.idle",
          "hurt": "mob.endermen.hit",
          "death": "mob.endermen.death",
          "mad": "mob.endermen.scream",
          "stare": {
            "sound": "mob.endermen.stare",
            "volume": 1.4,
            "pitch": 1.4
          }
        }
      },
      "billey:duck": {
        "volume": 1.0,
        "pitch": [ 0.85, 1.15 ],
        "events": {
          "hurt": "billey.duck.hit",
          "death": {
            "sound": "billey.duck.death",
            "volume": 1.0,
            "pitch": [ 0.9, 1.1 ]          
          },
               "mad" : {
                  "pitch" : [ 0.9, 1.1 ],
                  "sound" : "billey.duck.angry",
                  "volume" : [ 0.8, 1.6]
               },
          "step": {
            "sound": "mob.chicken.step",
            "volume": 0.15,
            "pitch": 1.0
          },
          "plop": "mob.chicken.plop"
        }
      },
      "billey:poopstain": {
        "volume": 1.0,
        "pitch": [ 1.4, 1.6 ],
        "events": {
          "hurt": "mob.slime.small",
          "death": {
            "sound": "mob.slime.big",
            "volume": 1.0,
            "pitch": [ 1.4, 1.6 ]          
          }
        }
      },
      "billey:flyingpig": {
        "volume": 1.0,
        "pitch": [ 0.8, 1.2 ],
        "events": {
          "ambient": "mob.pig.say",
          "hurt": "mob.pig.say",
          "death": "mob.pig.death",
          "step": {
            "sound": "mob.pig.step",
            "volume": 0.15,
            "pitch": 1.0
          },
          "boost": {
            "sound": "mob.pig.boost",
            "volume": 1.0,
            "pitch": 1.0
          },
          "death.to.zombie": {
            "sound": "mob.pig.death",
            "volume": 2.0
          }
        }
      },
      "billey:zombified_cat": {
        "volume": 1.0,
        "pitch": [ 0.8, 1.2 ],
        "events": {
          "ambient.tame": "mob.cat.straymeow",
          "ambient": {
            "sound": "mob.zombie.say",
            "pitch": 1.5
          },
          "hurt": {
            "sound": "mob.cat.hit",
            "volume": 0.45,
            "pitch": 0.6          },
          "death": {
            "sound": "mob.cat.hit",
            "volume": 0.5,
            "pitch": 0.5
          },
          "purr": "mob.cat.purr",
          "purreow": "mob.cat.purreow",
          "eat": "mob.cat.eat"
        }
      },
      "billey:penguin": {
        "volume": 1.0,
        "pitch": [ 0.85, 1.15 ],
        "events": {
          "hurt": "billey.penguin.hit",
          "ambient": "billey.penguin.say",
          "death": {
            "sound": "billey.penguin.die",
            "volume": 1.0,
            "pitch": [ 0.7, 0.9 ]          
          },
          "step": {
            "sound": "mob.chicken.step",
            "volume": 0.15,
            "pitch": 1.0
          },
          "plop": "mob.chicken.plop"
        }
      },
       "billey:piranha": {
        "volume": 1.0,
        "pitch": [ 0.8, 1.2 ],
        "events": {
          "hurt.in.water": "mob.fish.hurt",
          "death.in.water": {
            "sound": "billey.fish.die",
            "pitch": [ 0.55, 0.55 ],
            "volume": 0.5
          },
       "hurt": "mob.fish.hurt",
          "death": {
            "sound": "billey.fish.die",
            "pitch": [ 0.55, 0.55 ],
            "volume": 0.5
          },          "flop": {
            "sound": "mob.fish.flop",
            "volume": 1.0,
            "pitch": 1.0
          },
          "eat": {
            "sound": "billey.fish.chomp",
            "pitch": [ 1.0, 1.1 ]
          }
        }
      },
      "billey:banana_duck": {
        "volume": 1.0,
        "pitch": [ 0.85, 1.15 ],
        "events": {
          "hurt": "billey.duck.hit",
          "death": {
            "sound": "billey.duck.diebanana",
            "volume": 1.0,
            "pitch": [ 0.9, 1.1 ]          
          },
          "step": {
            "sound": "mob.chicken.step",
            "volume": 0.15,
            "pitch": 1.0
          },
          "plop": "mob.chicken.plop"
        }
      },
         "billey:pickle_cat" : {
            "events" : {
               "ambient" : "mob.cat.straymeow",
               "ambient.tame" : "mob.cat.meow",
               "death" : {
                  "pitch" : 0.90,
                  "sound" : "mob.cat.hit",
                  "volume" : 0.50
               },
               "eat" : "mob.cat.eat",
               "hurt" : {
                  "sound" : "mob.cat.hit",
                  "volume" : 0.450
               },
               "purr" : "mob.cat.purr",
               "purreow" : "mob.cat.purreow"
            },
            "pitch" : [ 0.80, 1.20 ],
            "volume" : 1.0
         },
      "billey:cucumbeel": {
        "volume": 1.0,
        "pitch": [ 0.8, 1.2 ],
        "events": {
          "ambient": {
              "sound": "mob.shulker.ambient",
            "volume": 1.0,
            "pitch": 1.7 },
          "hurt": "mob.slime.small",
          "step": {
            "sound": "mob.chicken.step",
            "volume": 0.15,
            "pitch": 1.0
          },
          "plop": {
              "sound": "mob.slime.big",
            "volume": 1.0,
            "pitch": 0.2 },
          "death": {
            "sound": "billey.fish.die",
            "volume": 1.0,
            "pitch": [ 1.05, 1.15 ]
          }
        }
      }
    }
  }
}