{
  "billey.fish.die": {
    "category": "mob",
    "sounds": [
      "sounds/fish/die"
    ]
  },
  "billey.fish.hurt": {
    "category": "mob",
    "sounds": [
      "sounds/fish/hurt"
    ]
  },
  "billey.fish.chomp": {
    "category": "mob",
    "sounds": [
      "sounds/fish/chomp",
      "sounds/fish/chomp2"
    ]
  }, 
  "billey.mercat.hit": {
    "category": "mob",
    "sounds": [
      "sounds/fish/mercathit"
    ]
  },
  "billey.mercat.say": {
    "category": "mob",
    "sounds": [
      "sounds/fish/mercatsay1",
      "sounds/fish/mercatsay2",
      "sounds/fish/mercatsay3"
    ]
  },
  "billey.pigeon.say": {
    "category": "mob",
    "sounds": [
      "sounds/fish/pigeonsay1",
      "sounds/fish/pigeonsay2",
      "sounds/fish/pigeonsay3",
      "sounds/fish/pigeonsay4"
    ]
  },
  "billey.pigeon.hit": {
    "category": "mob",
    "sounds": [
      "sounds/fish/pigeonhurt1",
      "sounds/fish/pigeonhurt2"
    ]
  },
  "billey.duck.say": {
    "category": "mob",
    "sounds": [
      {"name": "sounds/fish/ducksay",
               "volume" : 0.5 }
    ]
  },
  "billey.duck.angry": {
    "category": "mob",
    "sounds": [
      {"name": "sounds/fish/duckangry",
               "volume" : 0.5 }
    ]
  },
  "billey.duck.saybaby": {
    "category": "mob",
    "sounds": [
      {"name": "sounds/fish/ducksaybaby",
               "volume" : 0.5 }]
  },
  "billey.duck.saybanana": {
    "category": "mob",
    "sounds": [
      "sounds/fish/ducksaybanana"
    ]
  },
  "billey.duck.diebanana": {
    "category": "mob",
    "sounds": [
      "sounds/fish/bananadie"
    ]
  },
  "billey.duck.hit": {
    "category": "mob",
    "sounds": [
      "sounds/fish/duckhurt"
    ]
  },
  "billey.duck.death": {
    "category": "mob",
    "sounds": [
      "sounds/fish/duckdeathnew",
      "sounds/fish/duckdeath"
    ]
  },
  "billey.penguin.say": {
    "category": "mob",
    "sounds": [
      "sounds/fish/penguinsay1",
      "sounds/fish/penguinsay2",
      "sounds/fish/penguinsay3",
      "sounds/fish/penguinsay4"
    ]
  },
  "billey.penguin.hit": {
    "category": "mob",
    "sounds": [
      "sounds/fish/penguinhurt1",
      "sounds/fish/penguinsay2",
      "sounds/fish/penguinhurt2",
      "sounds/fish/penguinhurt3"
    ]
  },
  "billey.penguin.die": {
    "category": "mob",
    "sounds": [
      "sounds/fish/penguinsay1",
      "sounds/fish/penguinsay2",
      "sounds/fish/penguinsay3",
      "sounds/fish/penguinsay4",
      "sounds/fish/penguinhurt1",
      "sounds/fish/penguinhurt2",
      "sounds/fish/penguinhurt3"
    ]
  }
}