{"stats":{"minecraft:used":{"minecraft:redstone_torch":2,"minecraft:black_terracotta":36,"minecraft:red_carpet":70,"minecraft:purple_concrete":2,"minecraft:repeater":3,"minecraft:bricks":24,"minecraft:lime_concrete":2,"minecraft:light_blue_concrete":2,"minecraft:command_block":8,"minecraft:red_wool":7,"minecraft:redstone":7,"minecraft:oak_sign":17,"minecraft:repeating_command_block":2,"minecraft:magenta_concrete":2,"minecraft:polished_blackstone_button":14,"minecraft:smooth_quartz":66},"minecraft:custom":{"minecraft:time_since_rest":21618,"minecraft:play_one_minute":21618,"minecraft:crouch_one_cm":457,"minecraft:sprint_one_cm":7544,"minecraft:walk_one_cm":40240,"minecraft:sneak_time":244,"minecraft:jump":89,"minecraft:leave_game":1,"minecraft:time_since_death":21618,"minecraft:fly_one_cm":48813},"minecraft:picked_up":{"minecraft:polished_blackstone_button":2}},"DataVersion":2567}