{
  "resource_pack_name": "Addon Maker Resource",
  "texture_name": "atlas.items",
  "texture_data": {
    "egg_camel": {
      "textures": "textures/items/egg_camel"
    },
    "egg_lion": {
      "textures": "textures/items/egg_lion"
    },
    "egg_penguin": {
      "textures": "textures/items/egg_penguin"
    },
    "egg_tiger": {
      "textures": "textures/items/egg_tiger"
    },
    "egg_elephant": {
      "textures": "textures/items/egg_elephant"
    },
    "egg_deer": {
      "textures": "textures/items/egg_deer"
    },
    "egg_panther": {
      "textures": "textures/items/egg_panther"
    },
    "egg_frog": {
      "textures": "textures/items/egg_frog"
    },
    "egg_crocodile": {
      "textures": "textures/items/egg_crocodile"
    },
    "egg_mouse": {
      "textures": "textures/items/egg_mouse"
    },
    "gallardo": {
      "textures": "textures/items/gallardo"
    },
    "bench": {
      "textures": "textures/items/bench"
    },
    "christmas_tree": {
      "textures": "textures/items/christmas_tree"
    },
    "tivi": {
      "textures": "textures/items/tivi"
    },
    "closet": {
      "textures": "textures/items/closet"
    },
    "laptop": {
      "textures": "textures/items/laptop"
    },
    "piano": {
      "textures": "textures/items/piano"
    },
    "armchairs": {
      "textures": "textures/items/armchairs"
    },
    "chair": {
      "textures": "textures/items/chair"
    },
    "big_table": {
      "textures": "textures/items/big_table"
    },
    "small_table": {
      "textures": "textures/items/small_table"
    },
    "drone": {
      "textures": "textures/items/drone"
    },
    "colorful_gifts": {
      "textures": "textures/items/colorful_gifts"
    },
    "fnf:keith": {
      "textures": "textures/items/pamobile/fnf_keith"
    },
    "fnf:louis": {
      "textures": "textures/items/pamobile/fnf_louis"
    },
    "fnf:girlfriend": {
      "textures": "textures/items/pamobile/fnf_girlfriend"
    },
    "fnf:skid": {
      "textures": "textures/items/pamobile/fnf_skid"
    },
    "fnf:pico": {
      "textures": "textures/items/pamobile/fnf_pico"
    },
    "fnf:mom": {
      "textures": "textures/items/pamobile/fnf_mom"
    },
    "fnf:pump": {
      "textures": "textures/items/pamobile/fnf_pump"
    },
    "fnf:lemon_demon": {
      "textures": "textures/items/pamobile/fnf_lemon_demon"
    },
    "fnf:sempai": {
      "textures": "textures/items/pamobile/fnf_sempai"
    },
    "fnf:whitty": {
      "textures": "textures/items/pamobile/fnf_whitty"
    }
  }
}