{"stats":{"minecraft:dropped":{"minecraft:golden_boots":1,"minecraft:golden_helmet":1,"minecraft:golden_chestplate":1,"minecraft:crossbow":1,"minecraft:golden_leggings":1},"minecraft:crafted":{"minecraft:leather_helmet":1},"minecraft:custom":{"minecraft:mob_kills":2,"minecraft:interact_with_crafting_table":2,"minecraft:open_barrel":1,"minecraft:play_one_minute":728895,"minecraft:pot_flower":1,"minecraft:leave_game":12,"minecraft:time_since_death":728895,"minecraft:climb_one_cm":1621,"minecraft:time_since_rest":728895,"minecraft:sprint_one_cm":244913,"minecraft:damage_taken":310,"minecraft:walk_one_cm":666440,"minecraft:drop":5,"minecraft:damage_dealt":201,"minecraft:swim_one_cm":396,"minecraft:fly_one_cm":3298117,"minecraft:crouch_one_cm":32293,"minecraft:sneak_time":24008,"minecraft:walk_under_water_one_cm":56,"minecraft:jump":578,"minecraft:walk_on_water_one_cm":426,"minecraft:fall_one_cm":269},"minecraft:mined":{"minecraft:fire":2},"minecraft:killed":{"minecraft:piglin":1,"minecraft:zombified_piglin":1},"minecraft:picked_up":{"minecraft:iron_door":1,"minecraft:golden_leggings":2,"minecraft:golden_boots":2,"minecraft:item_frame":1,"minecraft:white_carpet":1,"minecraft:birch_fence":1,"minecraft:bamboo":69,"minecraft:dark_oak_door":1,"minecraft:golden_helmet":3,"minecraft:scaffolding":1,"minecraft:golden_chestplate":1,"minecraft:rotten_flesh":1,"minecraft:lever":1,"minecraft:crossbow":1},"minecraft:used":{"minecraft:oak_fence":43,"minecraft:quartz_bricks":12,"minecraft:netherite_sword":3,"minecraft:purpur_block":13,"minecraft:birch_planks":5,"minecraft:oak_planks":3,"minecraft:nether_brick_fence":4,"minecraft:water_bucket":37,"minecraft:brick_wall":34,"minecraft:gray_carpet":14,"minecraft:jungle_leaves":42,"minecraft:polished_blackstone_brick_slab":274,"minecraft:dead_tube_coral_block":10,"minecraft:spruce_door":3,"minecraft:flint_and_steel":3,"minecraft:iron_shovel":8,"minecraft:crimson_fence":36,"minecraft:light_gray_stained_glass_pane":36,"minecraft:armor_stand":7,"minecraft:polished_andesite":7,"minecraft:smooth_quartz_slab":130,"minecraft:stripped_birch_log":4,"minecraft:dead_tube_coral_fan":2,"minecraft:spruce_slab":7,"minecraft:dark_oak_sign":1,"minecraft:oak_sign":3,"minecraft:jungle_fence":6,"minecraft:poppy":1,"minecraft:light_gray_carpet":9,"minecraft:polished_basalt":12,"minecraft:stone":8,"minecraft:redstone_block":6,"minecraft:creeper_head":1,"minecraft:spruce_sign":6,"minecraft:quartz_stairs":360,"minecraft:polished_blackstone_wall":16,"minecraft:dried_kelp_block":6,"minecraft:polished_blackstone_bricks":335,"minecraft:smooth_quartz_stairs":9,"minecraft:spruce_leaves":226,"minecraft:white_wool":4,"minecraft:polished_blackstone_pressure_plate":1,"minecraft:purpur_stairs":2,"minecraft:anvil":26,"minecraft:white_carpet":9,"minecraft:oak_slab":27,"minecraft:crafting_table":1,"minecraft:brick_slab":106,"minecraft:jungle_planks":25,"minecraft:cobblestone_wall":6,"minecraft:light_gray_terracotta":74,"minecraft:crossbow":4,"minecraft:blackstone_wall":2,"minecraft:chiseled_quartz_block":2,"minecraft:painting":45,"minecraft:dark_oak_door":3,"minecraft:birch_fence":85,"minecraft:birch_door":1,"minecraft:polished_blackstone_slab":4,"minecraft:redstone_torch":3,"minecraft:piston":21,"minecraft:dead_fire_coral_fan":20,"minecraft:gray_terracotta":31,"minecraft:dark_oak_planks":111,"minecraft:flower_pot":1,"minecraft:lever":9,"minecraft:sea_lantern":37,"minecraft:cyan_terracotta":14,"minecraft:bricks":397,"minecraft:quartz_pillar":150,"minecraft:birch_fence_gate":4,"minecraft:birch_slab":66,"minecraft:quartz_slab":492,"minecraft:black_stained_glass_pane":32,"minecraft:lantern":12,"minecraft:grass_block":6,"minecraft:oak_stairs":4,"minecraft:string":6,"minecraft:brick_stairs":132,"minecraft:warped_fence":1,"minecraft:quartz_block":17,"minecraft:polished_blackstone_brick_wall":3,"minecraft:stone_slab":49,"minecraft:red_terracotta":59,"minecraft:polished_blackstone_brick_stairs":493,"minecraft:purpur_slab":4,"minecraft:spruce_trapdoor":11,"minecraft:oak_pressure_plate":2,"minecraft:smooth_quartz":49,"minecraft:iron_door":1,"minecraft:diorite_wall":25,"minecraft:barrel":6,"minecraft:stone_bricks":5,"minecraft:item_frame":8,"minecraft:bamboo":11,"minecraft:birch_trapdoor":112,"minecraft:red_carpet":12,"minecraft:brown_carpet":24,"minecraft:scaffolding":8,"minecraft:dead_horn_coral_fan":11,"minecraft:iron_trapdoor":5,"minecraft:piglin_spawn_egg":1,"minecraft:red_banner":2,"minecraft:bucket":9,"minecraft:chain":42,"minecraft:grass_path":139,"minecraft:polished_blackstone_button":1,"minecraft:gray_wool":9,"minecraft:smooth_stone":53,"minecraft:bone_meal":8,"minecraft:turtle_egg":6,"minecraft:dead_brain_coral_fan":1,"minecraft:dead_bubble_coral_fan":2,"minecraft:polished_blackstone_stairs":2,"minecraft:birch_stairs":13}},"DataVersion":2586}