{"stats":{"minecraft:picked_up":{"minecraft:tripwire_hook":1,"minecraft:red_carpet":1,"minecraft:birch_fence":3,"minecraft:wheat_seeds":1,"minecraft:gold_nugget":1,"minecraft:bamboo":56,"minecraft:dark_oak_door":1,"minecraft:spruce_sapling":3,"minecraft:jungle_sign":2,"minecraft:rotten_flesh":1,"minecraft:painting":1},"minecraft:custom":{"minecraft:interact_with_anvil":3,"minecraft:mob_kills":2,"minecraft:interact_with_crafting_table":3,"minecraft:play_one_minute":752887,"minecraft:interact_with_loom":7,"minecraft:pot_flower":51,"minecraft:leave_game":5,"minecraft:time_since_death":752887,"minecraft:climb_one_cm":1226,"minecraft:time_since_rest":752887,"minecraft:sprint_one_cm":423442,"minecraft:walk_one_cm":882722,"minecraft:damage_dealt":641,"minecraft:fly_one_cm":2234748,"minecraft:crouch_one_cm":1394,"minecraft:sneak_time":2509,"minecraft:walk_under_water_one_cm":82,"minecraft:jump":1380,"minecraft:walk_on_water_one_cm":2725,"minecraft:inspect_dispenser":2,"minecraft:fall_one_cm":209},"minecraft:killed":{"minecraft:piglin":1,"minecraft:zombified_piglin":1},"minecraft:crafted":{"minecraft:leather_leggings":3,"minecraft:leather_boots":3,"minecraft:leather_helmet":3,"minecraft:leather_chestplate":3},"minecraft:mined":{"minecraft:birch_fence":4},"minecraft:used":{"minecraft:quartz_bricks":8,"minecraft:water_bucket":15,"minecraft:jungle_leaves":5,"minecraft:polished_blackstone_brick_slab":214,"minecraft:end_rod":4,"minecraft:brick_wall":111,"minecraft:light_gray_stained_glass_pane":220,"minecraft:smooth_quartz_slab":1,"minecraft:birch_planks":4,"minecraft:armor_stand":12,"minecraft:dispenser":5,"minecraft:stone_shovel":50,"minecraft:gray_carpet":10,"minecraft:ladder":3,"minecraft:jungle_fence":104,"minecraft:oak_sign":7,"minecraft:light_gray_carpet":21,"minecraft:white_concrete_powder":10,"minecraft:chest":3,"minecraft:white_terracotta":24,"minecraft:jungle_pressure_plate":1,"minecraft:redstone_block":8,"minecraft:quartz_stairs":240,"minecraft:grass":41,"minecraft:rotten_flesh":2,"minecraft:polished_blackstone_bricks":4,"minecraft:spruce_leaves":1099,"minecraft:white_wool":206,"minecraft:dark_oak_trapdoor":16,"minecraft:light_gray_banner":2,"minecraft:birch_pressure_plate":1,"minecraft:anvil":21,"minecraft:vine":1,"minecraft:crafting_table":3,"minecraft:oak_slab":11,"minecraft:loom":1,"minecraft:red_bed":2,"minecraft:brick_slab":78,"minecraft:jungle_planks":762,"minecraft:birch_sign":2,"minecraft:blast_furnace":1,"minecraft:light_gray_terracotta":217,"minecraft:jungle_slab":16,"minecraft:campfire":63,"minecraft:blackstone_wall":1,"minecraft:painting":3,"minecraft:spruce_log":20,"minecraft:cake":1,"minecraft:smoker":3,"minecraft:dark_oak_door":8,"minecraft:birch_door":3,"minecraft:birch_fence":22,"minecraft:andesite_wall":40,"minecraft:polished_blackstone_slab":6,"minecraft:gray_terracotta":109,"minecraft:piston":2,"minecraft:dark_oak_planks":68,"minecraft:lever":1,"minecraft:flower_pot":57,"minecraft:sea_lantern":53,"minecraft:bricks":418,"minecraft:bookshelf":18,"minecraft:quartz_pillar":128,"minecraft:gray_stained_glass_pane":10,"minecraft:jungle_fence_gate":9,"minecraft:birch_slab":4,"minecraft:quartz_slab":236,"minecraft:black_stained_glass_pane":5,"minecraft:lantern":15,"minecraft:grass_block":29,"minecraft:oak_stairs":1,"minecraft:spruce_button":2,"minecraft:brick_stairs":385,"minecraft:polished_blackstone_brick_wall":18,"minecraft:jungle_stairs":40,"minecraft:red_terracotta":132,"minecraft:polished_blackstone_brick_stairs":63,"minecraft:spruce_trapdoor":5,"minecraft:smooth_quartz":1,"minecraft:spruce_sapling":9,"minecraft:diorite_wall":9,"minecraft:barrel":10,"minecraft:item_frame":17,"minecraft:stone_axe":12,"minecraft:jungle_sign":13,"minecraft:tripwire_hook":3,"minecraft:birch_trapdoor":50,"minecraft:red_carpet":1,"minecraft:cobblestone":4,"minecraft:dark_oak_pressure_plate":2,"minecraft:iron_trapdoor":2,"minecraft:scaffolding":12,"minecraft:jungle_button":5,"minecraft:acacia_pressure_plate":1,"minecraft:dark_oak_fence":8,"minecraft:bucket":6,"minecraft:gray_bed":2,"minecraft:podzol":2,"minecraft:glass_pane":3,"minecraft:chain":4,"minecraft:andesite":8,"minecraft:piglin_spawn_egg":4,"minecraft:grass_path":388,"minecraft:skeleton_skull":2,"minecraft:sea_pickle":21,"minecraft:white_concrete":7,"minecraft:coarse_dirt":1,"minecraft:gray_wool":870,"minecraft:bone_meal":157,"minecraft:diorite_slab":2,"minecraft:birch_stairs":2,"minecraft:brown_bed":2}},"DataVersion":2586}