{"stat.useItem.minecraft.command_block":170,"stat.useItem.minecraft.bow":3,"stat.walkOneCm":772953,"stat.useItem.minecraft.chest":3,"stat.useItem.minecraft.stone":1,"stat.useItem.minecraft.quartz_stairs":12,"stat.useItem.minecraft.repeater":33,"stat.leaveGame":29,"stat.useItem.minecraft.comparator":4,"stat.useItem.minecraft.tnt":3,"stat.useItem.minecraft.gravel":9,"stat.jump":801,"stat.swimOneCm":170,"stat.useItem.minecraft.redstone_block":52,"stat.fallOneCm":178954,"stat.useItem.minecraft.item_frame":20,"stat.useItem.minecraft.redstone":12,"stat.useItem.minecraft.milk_bucket":2,"stat.useItem.minecraft.sea_lantern":85,"stat.crouchOneCm":25401,"stat.useItem.minecraft.stained_hardened_clay":302,"stat.useItem.minecraft.redstone_torch":3,"stat.useItem.minecraft.stained_glass":232,"stat.sprintOneCm":108529,"achievement.exploreAllBiomes":{"value":0,"progress":["Forest","Plains","Desert","The End"]},"stat.useItem.minecraft.stone_slab":43,"achievement.openInventory":243,"stat.useItem.minecraft.barrier":197,"stat.damageTaken":80,"stat.useItem.minecraft.gold_block":46,"stat.flyOneCm":2748561,"stat.deaths":17,"stat.drop":157,"stat.playOneMinute":511918,"stat.useItem.minecraft.wool":11,"stat.timeSinceDeath":49869,"stat.useItem.minecraft.map":4,"stat.useItem.minecraft.sign":30,"stat.diveOneCm":755}