{
  "resource_pack_name": "billeysmobs",
  "texture_name": "atlas.items",
  "texture_data": {
    "billey:pizzapiece": {
      "textures": "textures/items/pizzapiece"
    },
    "egg_cat_zombie": {
      "textures": "textures/items/egg_cat_zombie"
    },
    "egg_cat_skeleton": {
      "textures": "textures/items/egg_cat_skeleton"
    },
    "egg_cat_enderman": {
      "textures": "textures/items/egg_cat_enderman"
    },
    "egg_cat_angel": {
      "textures": "textures/items/egg_cat_angel"
    },
    "egg_pig_angel": {
      "textures": "textures/items/egg_pig_angel"
    },
    "egg_cat_enderman_angel": {
      "textures": "textures/items/egg_cat_enderman_angel"
    },
    "egg_cat_withered": {
      "textures": "textures/items/egg_cat_withered"
    },
    "egg_cat_pickle": {
      "textures": "textures/items/egg_cat_pickle"
    },
    "picklefertilizer": {
      "textures": "textures/items/picklefertilizer"
    },
    "cat_bottle": {
      "textures": "textures/items/cat_bottle"
    },
    "cat_dust": {
      "textures": "textures/items/cat_dust"
    },
    "scat_bottle": {
      "textures": "textures/items/scat_bottle"
    },
    "scat_dust": {
      "textures": "textures/items/scat_dust"
    },
    "zcat_bottle": {
      "textures": "textures/items/zcat_bottle"
    },
    "zcat_dust": {
      "textures": "textures/items/zcat_dust"
    },
    "wcat_bottle": {
      "textures": "textures/items/wormcat_bottle"
    },
    "wcat_dust": {
      "textures": "textures/items/wormcat_dust"
    },
    "swordfish": {
      "textures": "textures/items/swordfish"
    },
    "swordstick": {
      "textures": "textures/items/swordstick"
    },
    "swordtail": {
      "textures": "textures/items/swordtail"
    },
    "swordfin": {
      "textures": "textures/items/swordfin"
    },
    "swordmeat": {
      "textures": "textures/items/swordmeat"
    },
    "swordcooked": {
      "textures": "textures/items/swordcooked"
    },
    "anglerlight": {
      "textures": "textures/items/anglerlight"
    },
    "polychromatic_bottle": {
      "textures": "textures/items/polychromatic_bottle"
    },
    "polychromatic_dust": {
      "textures": "textures/items/polychromatic_dust"
    },
    "monochromatic_bottle": {
      "textures": "textures/items/monochromatic_bottle"
    },
    "monochromatic_dust": {
      "textures": "textures/items/monochromatic_dust"
    },
    "adult_bottle": {
      "textures": "textures/items/adult_bottle"
    },
    "adult_dust": {
      "textures": "textures/items/adult_dust"
    },
    "baby_bottle": {
      "textures": "textures/items/baby_bottle"
    },
    "baby_dust": {
      "textures": "textures/items/baby_dust"
    }
  }
}