{
  "resource_pack_name": "vanilla",
  "texture_name": "atlas.terrain",
  "padding": 8,
  "num_mip_levels": 4,
  "texture_data": {
    "mdirt": {
      "textures": [
        "textures/blocks/mdirt"
      ]
    },"m1grass_top": {
      "textures": [
        "textures/blocks/m1grass_top"
      ]
    },"m1grass": {
      "textures": [
        "textures/blocks/m1grass"
      ]
    },"m2grass_top": {
      "textures": [
        "textures/blocks/m2grass_top"
      ]
    },"m2grass": {
      "textures": [
        "textures/blocks/m2grass"
      ]
    },"m3grass_top": {
      "textures": [
        "textures/blocks/m3grass_top"
      ]
    },"m3grass": {
      "textures": [
        "textures/blocks/m3grass"
      ]
    },"m1stone": {
      "textures": [
        "textures/blocks/m1stone"
      ]
    },"m1stoned": {
      "textures": [
        "textures/blocks/m1stoned"
      ]
    },"m1cobblestone": {
      "textures": [
        "textures/blocks/m1cobblestone"
      ]
    }
  }
}