{"packs":[{"can_be_redownloaded":false,"name":"Friday Night Funkin TexturePack","uuid":"5224a003-3d86-45d3-82f9-5ab20130edf6","version":[1,0,0]},{"can_be_redownloaded":false,"name":"Classic Shader","uuid":"8e0bfd12-d92c-11ea-87d0-0242ac130003","version":[1,0,1]},{"can_be_redownloaded":false,"name":"Simple Pack","uuid":"0575c61f-a5da-4b7f-9961-ffda2908861e","version":[1,4,4]},{"can_be_redownloaded":false,"name":"Beep Boop","uuid":"3759b4bf-a8fc-4191-8b97-25840226b8a4","version":[0,0,1]},{"can_be_redownloaded":false,"name":"Rodrigo's Pack (1.16)","uuid":"46f42152-8707-4088-8715-526606e49089","version":[1,0,0]},{"can_be_redownloaded":false,"name":"Retro NES [Bedrock]","uuid":"846cafc0-aa64-4717-bcef-9667b2486666","version":[1,0,0]},{"can_be_redownloaded":false,"name":"Frenden's Meringued Cartoon","uuid":"c28f00e0-cdee-11e6-9d9d-cec0c932ce01","version":[0,0,1]},{"can_be_redownloaded":false,"name":"friday night funkin mod","uuid":"8b32e6eb-8083-40c2-aca8-93bdda5ed434","version":[1,8,0]},{"can_be_redownloaded":false,"name":"Beep bop v2","uuid":"73f43982-5eaf-476b-8391-6f8ea154ea30","version":[0,0,1]}]}
