{"stats":{"minecraft:killed":{"minecraft:bat":76,"minecraft:wandering_trader":2,"minecraft:sheep":1,"minecraft:trader_llama":4},"minecraft:custom":{"minecraft:mob_kills":83,"minecraft:interact_with_crafting_table":2,"minecraft:fill_cauldron":7,"minecraft:play_one_minute":1484304,"minecraft:interact_with_loom":1,"minecraft:interact_with_campfire":15,"minecraft:pot_flower":167,"minecraft:leave_game":29,"minecraft:time_since_death":1484304,"minecraft:climb_one_cm":7702,"minecraft:time_since_rest":1484304,"minecraft:sprint_one_cm":586099,"minecraft:open_enderchest":47,"minecraft:walk_one_cm":1248994,"minecraft:damage_dealt":5948,"minecraft:fly_one_cm":8585913,"minecraft:crouch_one_cm":28480,"minecraft:sneak_time":27714,"minecraft:jump":2177,"minecraft:interact_with_blast_furnace":1},"minecraft:used":{"minecraft:oak_fence":24,"minecraft:oak_trapdoor":284,"minecraft:dark_oak_stairs":167,"minecraft:light_blue_banner":6,"minecraft:petrified_oak_slab":16,"minecraft:diorite":25,"minecraft:jungle_leaves":12,"minecraft:end_rod":6,"minecraft:iron_bars":63,"minecraft:enchanting_table":1,"minecraft:spruce_door":16,"minecraft:smooth_quartz_slab":9,"minecraft:armor_stand":42,"minecraft:gray_carpet":14,"minecraft:spruce_slab":956,"minecraft:dark_oak_sign":4,"minecraft:ladder":210,"minecraft:oak_sign":19,"minecraft:light_gray_carpet":13,"minecraft:blue_wool":24,"minecraft:black_carpet":4,"minecraft:smooth_sandstone_slab":320,"minecraft:spruce_planks":1221,"minecraft:ender_chest":42,"minecraft:sandstone":13,"minecraft:iron_sword":58,"minecraft:redstone_block":12,"minecraft:spruce_sign":3,"minecraft:cauldron":72,"minecraft:beacon":1,"minecraft:wooden_shovel":205,"minecraft:grass":77,"minecraft:player_head":75,"minecraft:sandstone_wall":766,"minecraft:smooth_sandstone_stairs":226,"minecraft:smooth_quartz_stairs":3,"minecraft:oak_leaves":333,"minecraft:white_wool":2,"minecraft:torch":103,"minecraft:dark_oak_trapdoor":2,"minecraft:brewing_stand":1,"minecraft:diamond_block":11,"minecraft:dirt":1,"minecraft:orange_carpet":55,"minecraft:anvil":6,"minecraft:lily_of_the_valley":17,"minecraft:white_carpet":38,"minecraft:oak_slab":73,"minecraft:crafting_table":1,"minecraft:loom":1,"minecraft:spruce_stairs":415,"minecraft:blast_furnace":4,"minecraft:stone_stairs":3,"minecraft:campfire":17,"minecraft:white_bed":1,"minecraft:painting":422,"minecraft:spruce_fence":3,"minecraft:azure_bluet":12,"minecraft:spruce_log":1004,"minecraft:nether_brick_stairs":85,"minecraft:dark_oak_door":20,"minecraft:fern":21,"minecraft:birch_fence":97,"minecraft:andesite_wall":25,"minecraft:oak_log":206,"minecraft:piston":16,"minecraft:dark_oak_planks":23,"minecraft:lever":1,"minecraft:flower_pot":185,"minecraft:cornflower":17,"minecraft:sea_lantern":1,"minecraft:black_concrete":32,"minecraft:black_stained_glass_pane":788,"minecraft:diamond_shovel":130,"minecraft:bookshelf":226,"minecraft:command_block":8,"minecraft:heavy_weighted_pressure_plate":10,"minecraft:lime_carpet":7,"minecraft:spruce_wood":3,"minecraft:light_gray_concrete":3435,"minecraft:red_wool":32,"minecraft:lantern":79,"minecraft:iron_block":1,"minecraft:grass_block":146,"minecraft:oak_stairs":184,"minecraft:cyan_carpet":37,"minecraft:oak_button":505,"minecraft:spruce_button":6,"minecraft:stone_button":96,"minecraft:smooth_sandstone":5542,"minecraft:stone_slab":13,"minecraft:dark_oak_slab":141,"minecraft:spruce_trapdoor":298,"minecraft:smooth_quartz":172,"minecraft:iron_door":1,"minecraft:diorite_wall":4,"minecraft:item_frame":115,"minecraft:blue_carpet":65,"minecraft:birch_trapdoor":4,"minecraft:green_carpet":6,"minecraft:birch_button":53,"minecraft:tripwire_hook":4,"minecraft:diamond_sword":81,"minecraft:coal_block":124,"minecraft:glowstone":121,"minecraft:red_carpet":118,"minecraft:brown_carpet":3,"minecraft:black_stained_glass":9,"minecraft:emerald_block":2,"minecraft:oak_sapling":2,"minecraft:white_stained_glass_pane":37,"minecraft:dark_oak_fence":9,"minecraft:jungle_door":2,"minecraft:white_stained_glass":5,"minecraft:andesite":22,"minecraft:grass_path":8,"minecraft:gold_block":3,"minecraft:smooth_stone_slab":908,"minecraft:white_concrete":15,"minecraft:coarse_dirt":192,"minecraft:bone_meal":8,"minecraft:smooth_stone":428,"minecraft:splash_potion":18,"minecraft:cobweb":5,"minecraft:birch_stairs":17},"minecraft:picked_up":{"minecraft:leather":4,"minecraft:lead":4,"minecraft:torch":4,"minecraft:painting":2,"minecraft:oak_button":2,"minecraft:mutton":1,"minecraft:white_wool":1}},"DataVersion":1976}